id,sales
3000888,4.6248954704451695
3000889,0.013091721588445585
3000890,6.011234388521537
3000891,2250.4451001640864
3000892,0.06364043824771685
3000893,388.61716841636604
3000894,13.570993972725606
3000895,783.1689660942332
3000896,712.9338678775249
3000897,231.44324067896852
3000898,118.17159281451346
3000899,90.20030514510985
3000900,2910.805425967806
3000901,20.612983078453038
3000902,1.2084240296722006
3000903,17.672053093098015
3000904,37.651999123261874
3000905,0.16231520242645045
3000906,205.99690557100556
3000907,12.703552885981075
3000908,46.491451147130775
3000909,18.407086470221262
3000910,136.57479028465434
3000911,6.619936970678357
3000912,257.6395362385649
3000913,260.30768982794893
3000914,6.010525699759179
3000915,8.400178179663378
3000916,316.17192951506024
3000917,77.91184500010465
3000918,3700.711358860853
3000919,56.655696308310745
3000920,19.208249352217734
3000921,1.771036670758558
3000922,0.0
3000923,2.7140070799869735
3000924,1271.3882787334762
3000925,0.0
3000926,149.6812351011676
3000927,2.709168488460371
3000928,650.50148793635
3000929,354.89822239633287
3000930,216.76004754545633
3000931,44.75267816770772
3000932,37.132669589131865
3000933,2878.737218820858
3000934,3.9152704742134588
3000935,0.054364044961404075
3000936,8.831277408637773
3000937,19.37667960730118
3000938,0.0
3000939,165.4266997706578
3000940,2.0323832893874343
3000941,20.00926364226841
3000942,12.358024612814177
3000943,48.44478883688734
3000944,0.39047672998659627
3000945,127.85524623330048
3000946,182.3037936997129
3000947,0.5328098726633953
3000948,2.4225561479485043
3000949,113.02944089915967
3000950,28.818133696296773
3000951,815.7300137349827
3000952,56.22363176161144
3000953,2.191215230745774
3000954,5.007733454923299
3000955,0.5785528972768539
3000956,7.987858286881834
3000957,3295.78659453414
3000958,0.2696617584633883
3000959,531.771879432269
3000960,8.191328529799806
3000961,1462.055679615527
3000962,944.9263243662992
3000963,439.67831000817444
3000964,101.74529972742845
3000965,84.63329455777419
3000966,5645.5924681150145
3000967,10.607490507383748
3000968,0.7155866824751653
3000969,33.25813639119292
3000970,43.17756757564859
3000971,0.37777717535422806
3000972,328.50319269508105
3000973,4.947010435091508
3000974,42.217293523753504
3000975,13.520155376733765
3000976,130.21788954664515
3000977,2.4453069864647117
3000978,307.9729412432775
3000979,376.2169642597078
3000980,1.7529044214480038
3000981,11.276109381715447
3000982,236.24704055558007
3000983,63.64706918569198
3000984,2185.7129311609146
3000985,115.05287069663119
3000986,5.918699671471302
3000987,2.701661777499856
3000988,0.021067328980001188
3000989,3.2222311898057816
3000990,1578.9052922201163
3000991,0.0
3000992,200.47026759874743
3000993,4.312751254934382
3000994,766.1778648985419
3000995,410.3504225803179
3000996,230.07708728352154
3000997,51.29978374864335
3000998,45.29520014069692
3000999,2608.205347237148
3001000,5.657394526378125
3001001,0.32171829537018937
3001002,11.304463305604482
3001003,23.364839566310593
3001004,0.0
3001005,194.97634473037118
3001006,2.015815052333279
3001007,20.190329709141288
3001008,14.4456742829922
3001009,77.88561796728561
3001010,1.0254562974986385
3001011,148.55989514066803
3001012,186.21499750068483
3001013,0.7345571375346078
3001014,3.2558363730530155
3001015,135.19084645975545
3001016,36.077871764740095
3001017,884.3864683126177
3001018,66.66117322743031
3001019,2.9681715262405057
3001020,2.8916045254894627
3001021,0.0
3001022,3.019074034868937
3001023,1463.6042946242735
3001024,0.0
3001025,185.76703003480833
3001026,3.3746397411535867
3001027,710.1894625608613
3001028,380.3301964828828
3001029,213.21315321321293
3001030,45.56170127426857
3001031,40.315452596040664
3001032,2417.786351269296
3001033,5.170285634688439
3001034,0.21816857274242088
3001035,10.406487394640841
3001036,21.58670114112018
3001037,0.0
3001038,159.17107331587277
3001039,1.4162626777139735
3001040,18.64386602750156
3001041,6.896654859586216
3001042,72.12857006550205
3001043,0.8772575136754394
3001044,123.14098372425731
3001045,209.22603906870623
3001046,0.6442998331415402
3001047,2.944444922437225
3001048,109.17050235019168
3001049,32.0845397456486
3001050,672.7027531761773
3001051,61.72328181707549
3001052,2.3830233871555597
3001053,2.5560107573276576
3001054,0.016919904065535608
3001055,3.238767236791629
3001056,1548.9992242872117
3001057,0.0
3001058,187.34437560178196
3001059,3.7328331184993297
3001060,768.4213103473053
3001061,411.55332776776976
3001062,230.75282216000713
3001063,47.28304193966495
3001064,45.430580423167555
3001065,2615.835402963433
3001066,5.675505625693724
3001067,0.30609879830128817
3001068,11.340445042650652
3001069,24.524447610701202
3001070,0.0
3001071,172.28580300764327
3001072,0.7911270962654913
3001073,20.252296237268418
3001074,11.4787450807646
3001075,78.11630186563426
3001076,1.1106053788330386
3001077,133.3055871792357
3001078,209.56320787994315
3001079,0.7384758282281276
3001080,3.267414156962005
3001081,118.19120957539667
3001082,37.49401327625563
3001083,902.1837169477132
3001084,66.85903366903096
3001085,2.8755792021146602
3001086,2.5560107573276576
3001087,0.29050516929322845
3001088,3.2715826802925485
3001089,1560.9989188044246
3001090,0.0
3001091,202.62371572808888
3001092,3.7694734927221307
3001093,774.3779718310857
3001094,414.747209305065
3001095,251.0835451831224
3001096,69.58876816478369
3001097,45.79003401037251
3001098,3084.989005959854
3001099,5.727185669787352
3001100,0.31621027858033174
3001101,11.435981587700441
3001102,24.524447610701202
3001103,0.0
3001104,197.07107016050418
3001105,3.4279677032980254
3001106,20.41682603743899
3001107,14.610766796705915
3001108,73.15159401220066
3001109,1.126945141715196
3001110,121.02685160717286
3001111,191.7192009132501
3001112,0.7519346600374712
3001113,3.300451377535788
3001114,119.1139572010928
3001115,35.21799827785457
3001116,1347.4951487300605
3001117,67.38438081856653
3001118,2.9055829374546067
3001119,2.476945655850116
3001120,0.0
3001121,2.8997324758534484
3001122,1391.496572185959
3001123,0.0
3001124,175.0546722627703
3001125,3.251907866127613
3001126,695.2776300545748
3001127,349.4899162526488
3001128,212.2162386987179
3001129,69.34076457908199
3001130,39.39712207307542
3001131,2750.108890582266
3001132,4.997176357079343
3001133,0.1897132350004063
3001134,10.086474852297128
3001135,21.279749754831688
3001136,0.0
3001137,156.4126926084565
3001138,0.3930981517780664
3001139,18.87383836788137
3001140,12.916744110326196
3001141,70.07692534658403
3001142,0.89613692007736
3001143,79.06103405235737
3001144,186.48394023553024
3001145,0.6248099343750511
3001146,2.8337822965041135
3001147,101.30599652445352
3001148,36.66261746505382
3001149,1223.5812028566638
3001150,61.43137747272399
3001151,1.7876387340658868
3001152,3.9224854492754746
3001153,0.35047776564751404
3001154,5.343009527744233
3001155,2392.185351202054
3001156,0.130276381625228
3001157,302.82856114510884
3001158,5.742937702055201
3001159,1023.4081742011148
3001160,805.6835421611526
3001161,353.07261260110414
3001162,111.28436756972773
3001163,70.72392238065225
3001164,3618.284204253305
3001165,8.510692102755618
3001166,0.7963173947247923
3001167,17.872447704426882
3001168,37.47313461634485
3001169,0.22181048181371585
3001170,298.4461103107554
3001171,1.0977947686394565
3001172,23.46126204620044
3001173,21.421711608166746
3001174,117.93892354944497
3001175,1.9798086192371018
3001176,159.31591564369643
3001177,272.9939610383524
3001178,1.6656217026935924
3001179,5.079848388651207
3001180,182.9717176879618
3001181,49.83751872526349
3001182,2027.9262253051068
3001183,87.62311487221979
3001184,5.827163564361385
3001185,1.5732979680958228
3001186,0.0016659727593793952
3001187,3.4882629404001557
3001188,1455.466361692535
3001189,0.0
3001190,215.62613717850962
3001191,2.524964789941486
3001192,495.63789129716287
3001193,489.93875787705565
3001194,195.61153868071176
3001195,52.3540140586743
3001196,35.010950067887656
3001197,2508.4919303952875
3001198,3.9718470304078255
3001199,0.1028324721240546
3001200,8.475426738879314
3001201,20.92481356999896
3001202,0.0
3001203,181.23961908684836
3001204,1.233462214213188
3001205,20.124102579071923
3001206,14.095321835548837
3001207,71.3849246188458
3001208,0.6708439023596244
3001209,82.80738231335258
3001210,190.17713412353226
3001211,0.8108514919851737
3001212,2.1783255971126483
3001213,91.29703442949368
3001214,31.189616387449764
3001215,1403.6519765605515
3001216,83.56272867802534
3001217,2.230243990950362
3001218,3.355452140062982
3001219,0.155444044333813
3001220,4.7546070904622715
3001221,1864.195691139117
3001222,0.0
3001223,229.83393932170853
3001224,4.3721206538210655
3001225,785.309086568991
3001226,477.3766214631151
3001227,269.72681203082374
3001228,71.24413812218617
3001229,56.14268495713988
3001230,2889.4765338856646
3001231,6.577199691726888
3001232,0.6146437765166297
3001233,14.035741182987374
3001234,27.07759168036548
3001235,0.022534737444331578
3001236,190.7924348603869
3001237,2.996889220869907
3001238,22.387790129248025
3001239,13.734118971509437
3001240,91.69836437939134
3001241,1.4074563526630173
3001242,126.72421748805994
3001243,201.11719848509352
3001244,1.1161895623199416
3001245,3.6570946607299892
3001246,134.29096477353306
3001247,39.50241844141058
3001248,1399.3967776539546
3001249,76.87801007778941
3001250,3.6637544819893324
3001251,5.1603017469027375
3001252,0.10952296537167035
3001253,6.921151910282206
3001254,2740.091844945885
3001255,0.0850361608798469
3001256,500.2654933477614
3001257,14.95793559114564
3001258,965.0546593534837
3001259,866.8374084526979
3001260,286.2907243602698
3001261,133.19608193214424
3001262,101.69833046990372
3001263,3597.8772466728083
3001264,23.398085356507558
3001265,1.1395156198398027
3001266,20.026121305794682
3001267,41.73098297647385
3001268,0.27295029917997565
3001269,254.84005268607172
3001270,15.779616751673476
3001271,57.69757004387725
3001272,23.145756662919215
3001273,141.01197610206407
3001274,7.345241485535307
3001275,299.0927065768534
3001276,378.55254947587923
3001277,6.863040586296347
3001278,8.847811383266295
3001279,370.4093805495613
3001280,92.44356362041995
3001281,4143.4830280013775
3001282,70.26017821609676
3001283,22.72550207698087
3001284,3.7661298338051417
3001285,0.3780122879823068
3001286,5.887889780396972
3001287,2257.8037901840485
3001288,0.09671223972993914
3001289,353.42202482882385
3001290,5.528758059403717
3001291,947.2563184952637
3001292,740.104648894657
3001293,320.83862629691464
3001294,91.0461975397754
3001295,68.05001422617697
3001296,3499.4473692470356
3001297,8.208598753247774
3001298,0.6699450459846192
3001299,17.168872242617073
3001300,33.327847765028466
3001301,0.15035635193389557
3001302,231.26596589802918
3001303,2.9925372922690388
3001304,19.56656636183585
3001305,19.98240655063187
3001306,108.73035750828865
3001307,1.456274652471674
3001308,154.22371295087828
3001309,286.2986716766314
3001310,1.8359941979101317
3001311,4.573344541351015
3001312,163.41960885622544
3001313,48.222738628667514
3001314,1797.4756675860829
3001315,88.58643502568029
3001316,5.018589643528987
3001317,3.7661298338051417
3001318,0.3780122879823068
3001319,5.887889780396972
3001320,2222.1417454804446
3001321,0.09671223972993914
3001322,347.82640198264585
3001323,5.528758059403717
3001324,932.2852265537643
3001325,728.4040721408096
3001326,297.40824952979335
3001327,103.9138590526307
3001328,68.05001422617697
3001329,3968.7229246332868
3001330,8.208598753247774
3001331,0.6699450459846192
3001332,18.11369821414124
3001333,32.78587893759207
3001334,0.15035635193389557
3001335,258.28837127903176
3001336,2.9925372922690388
3001337,30.65802716197893
3001338,24.441702538280666
3001339,108.73035750828865
3001340,1.456274652471674
3001341,154.22371295087828
3001342,258.11740393927664
3001343,1.7413184574029377
3001344,8.586155895654061
3001345,163.41960885622544
3001346,48.222738628667514
3001347,1797.4756675860829
3001348,92.7279203518155
3001349,4.112718476415852
3001350,2.694325942628034
3001351,0.049044447839375595
3001352,3.4394121010499186
3001353,1457.778413298131
3001354,0.0
3001355,179.4335856376663
3001356,3.970171495010634
3001357,543.174136049152
3001358,361.4301998664709
3001359,165.30849327223896
3001360,56.41309638707773
3001361,47.098700809804214
3001362,2108.603630137099
3001363,6.0102636084760475
3001364,0.4359379686769147
3001365,17.01987432245678
3001366,24.653208267208193
3001367,0.0
3001368,175.4698400648248
3001369,0.8391657918055548
3001370,20.75881842798898
3001371,6.787548239661604
3001372,77.22302690506545
3001373,1.4390165010019709
3001374,117.16772293268707
3001375,170.18098860911454
3001376,1.086893515085318
3001377,3.320014780184687
3001378,124.168316197743
3001379,41.12724991900595
3001380,1180.5323460452614
3001381,55.52634863229623
3001382,2.4937617643696846
3001383,2.7563907554764606
3001384,0.002047602041804647
3001385,4.7261503857976965
3001386,1745.3503549950801
3001387,0.037608216427235386
3001388,260.3503157460524
3001389,5.089722130682169
3001390,609.6121364940989
3001391,513.8318459927204
3001392,203.17159583197957
3001393,74.01249594252018
3001394,63.35057483676903
3001395,2477.4154313835093
3001396,8.198470232177234
3001397,0.3736015932937631
3001398,14.113207381280484
3001399,27.79042569902112
3001400,0.07390698061319197
3001401,165.16892009667419
3001402,4.102014901538393
3001403,27.039979899317505
3001404,17.138468151074488
3001405,95.03189782900301
3001406,2.9621147650856168
3001407,190.4792580849375
3001408,228.3306514387598
3001409,2.4686387803842464
3001410,3.890814895437147
3001411,152.36297066908105
3001412,44.91268324425514
3001413,1815.3096770851018
3001414,74.70050381258662
3001415,4.92633121036457
3001416,4.338430930597808
3001417,0.49090856747888206
3001418,9.10289312046384
3001419,3053.96738100409
3001420,0.5784232678568275
3001421,564.0683942591457
3001422,10.33880824243866
3001423,1064.618777886164
3001424,1030.3346593313663
3001425,359.2287177160265
3001426,162.90864306810187
3001427,116.78070039286055
3001428,3975.7705841505795
3001429,14.816785717543093
3001430,1.1965513279588085
3001431,25.574477080402165
3001432,50.90150390594355
3001433,0.4146935581899587
3001434,292.17896432538964
3001435,8.025517833870868
3001436,101.3638260604978
3001437,32.646792327455174
3001438,175.69494095585398
3001439,7.119173903503999
3001440,287.5883307366336
3001441,369.782675080109
3001442,8.892885418039961
3001443,8.106493048216038
3001444,284.5554454851061
3001445,84.48749844914829
3001446,3621.3295143358914
3001447,123.62994156110436
3001448,10.41485061743074
3001449,2.045033343376895
3001450,0.0
3001451,3.5100984800732027
3001452,1447.4623420062544
3001453,0.0
3001454,251.36953802145217
3001455,3.2836013760075176
3001456,488.5480780190939
3001457,424.8664489015397
3001458,164.23206927278457
3001459,58.22457958607687
3001460,45.783425456321424
3001461,1908.7108473903204
3001462,4.975302131850143
3001463,0.37598290342656665
3001464,10.289428868473632
3001465,20.18232222603221
3001466,0.0
3001467,129.82654733571704
3001468,0.6288478639670874
3001469,47.08468611744456
3001470,12.754357062911051
3001471,80.04759362129371
3001472,2.4472744760546767
3001473,108.02357145580271
3001474,169.0730276098675
3001475,2.040572167756902
3001476,2.440272144822112
3001477,106.87780100454036
3001478,30.11096987589886
3001479,1960.5077665843958
3001480,65.74435454661251
3001481,2.6054538031125882
3001482,1.684329612256862
3001483,0.0
3001484,2.312805751044764
3001485,1097.7540431848518
3001486,0.0
3001487,184.373171038254
3001488,2.608269329402703
3001489,376.78928108247095
3001490,270.9408966117832
3001491,120.36802594497325
3001492,37.769197829672734
3001493,33.36386180701768
3001494,1458.581616525519
3001495,3.5842740182679522
3001496,0.15905203878799182
3001497,7.292431982745348
3001498,13.851073558530931
3001499,0.0
3001500,101.6460433033047
3001501,0.5611185889212639
3001502,30.142732635514083
3001503,9.447932215212719
3001504,56.085324820828454
3001505,0.3712227648963312
3001506,117.83660722493961
3001507,136.78056539899137
3001508,1.4710221907572756
3001509,1.6135149318042563
3001510,89.82230211514727
3001511,22.565462260361898
3001512,1095.8933532870492
3001513,47.791109252298426
3001514,2.037035250108822
3001515,5.336777063808831
3001516,0.3728274857919358
3001517,7.546944820241045
3001518,2736.281199898498
3001519,0.3333956195167988
3001520,522.0097463007562
3001521,8.514728078409467
3001522,877.2871939180175
3001523,811.7487318936412
3001524,316.2505904251605
3001525,156.38979231818843
3001526,98.00998552335703
3001527,3746.2056364897016
3001528,11.434726726652247
3001529,1.4706549110311509
3001530,22.89235456642925
3001531,43.94136573642221
3001532,0.45922519227885206
3001533,252.6615007679458
3001534,2.675514298006368
3001535,73.84128565317957
3001536,27.727076248358998
3001537,146.2785179557498
3001538,2.7750236233522494
3001539,225.8802962431612
3001540,351.790626235392
3001541,5.469748982652189
3001542,6.159277144858139
3001543,223.49592435057056
3001544,66.20794608611455
3001545,3045.380075549011
3001546,118.41251077555748
3001547,6.834005422423341
3001548,4.127132485854414
3001549,0.1504083443566195
3001550,6.160303154107356
3001551,2339.8283200638352
3001552,0.11736504615203577
3001553,473.6579963343243
3001554,6.698435803193978
3001555,901.6105963848975
3001556,833.3326730867963
3001557,264.8511213203392
3001558,133.64562279599977
3001559,79.10970057634526
3001560,4039.7119755018816
3001561,8.659653237653437
3001562,0.9601476344205039
3001563,19.14872018628124
3001564,35.36238641593869
3001565,0.2924173820459154
3001566,301.6362967307869
3001567,0.4765891162076637
3001568,27.157699330526658
3001569,12.193108469390019
3001570,122.41713562285796
3001571,1.58297187704501
3001572,182.57050051708666
3001573,275.39365545035344
3001574,4.03996316649588
3001575,4.792623293358231
3001576,180.64128784860253
3001577,53.378438789284594
3001578,2402.7686482656945
3001579,102.24844566481501
3001580,4.849122414275453
3001581,4.13260632062669
3001582,0.3372827632891501
3001583,5.591122786615209
3001584,2153.7533041358165
3001585,0.03974201388096832
3001586,435.9269105168636
3001587,5.711537923177232
3001588,863.4040032854257
3001589,767.0106519017235
3001590,243.71832349396345
3001591,130.9026032862717
3001592,72.7416924302691
3001593,3718.511339488759
3001594,7.41396614797946
3001595,0.8498420254036162
3001596,17.975881008724446
3001597,32.47190035443117
3001598,0.21968771417437616
3001599,227.93581268768742
3001600,0.20717293557645589
3001601,32.311795193264416
3001602,16.250806773162722
3001603,125.82332937163362
3001604,1.4035335546654122
3001605,144.88747207813554
3001606,292.416538155103
3001607,3.6898383573610607
3001608,4.390211399069118
3001609,168.02271919282958
3001610,61.267448090109944
3001611,2103.8685322380843
3001612,100.02982363418559
3001613,4.44278554210973
3001614,10.918626471335841
3001615,0.961496628798672
3001616,14.467655284776395
3001617,5607.520255240836
3001618,0.5346170865879757
3001619,923.1084957597292
3001620,35.289958122191436
3001621,1791.7481749154022
3001622,1722.5973072911042
3001623,511.231017349343
3001624,314.9167462664733
3001625,239.2906226288306
3001626,6547.4105217637425
3001627,56.14883301291239
3001628,3.088000225194773
3001629,45.199631620053154
3001630,83.86728790300457
3001631,1.552453594027354
3001632,551.8745951191811
3001633,34.87594910860791
3001634,115.57825842347555
3001635,51.27069318762582
3001636,281.0476015766817
3001637,17.020195454781785
3001638,643.1576982606343
3001639,633.4809167012461
3001640,15.978960822108935
3001641,22.411722846064038
3001642,864.0336006815863
3001643,226.19564826231715
3001644,8221.849497229763
3001645,92.33688716380847
3001646,54.68175659682308
3001647,2.177684193555093
3001648,0.0
3001649,2.642376344405609
3001650,1309.4703277743586
3001651,0.0
3001652,181.348387175141
3001653,3.15522770316852
3001654,490.2545819008109
3001655,332.01560045302637
3001656,138.07732638276335
3001657,94.80073216158107
3001658,40.90857995312684
3001659,2260.5457132669817
3001660,3.7890741744252487
3001661,0.14526877720504397
3001662,9.486422774704206
3001663,19.306780028118315
3001664,0.0
3001665,146.57486560373113
3001666,0.27719458382097517
3001667,17.64636819954412
3001668,9.56768613791494
3001669,71.58182195867182
3001670,0.48806865522602555
3001671,77.64719361781081
3001672,144.4466088897785
3001673,1.2930777888777283
3001674,2.337171895282054
3001675,106.61734995512828
3001676,28.837268006916652
3001677,1232.4113694556966
3001678,58.50755328060266
3001679,2.3038611392732777
3001680,4.184509896955873
3001681,0.4135984274275057
3001682,5.890536911062215
3001683,2243.9441743732004
3001684,0.0983199428016222
3001685,370.96197742712764
3001686,5.779408474534716
3001687,968.5476523404519
3001688,788.6631800917028
3001689,262.1022608095335
3001690,163.40495891263095
3001691,78.28137835090902
3001692,3955.3046543555274
3001693,7.168154883560912
3001694,0.5964992976861017
3001695,18.837896022217436
3001696,34.18094799085277
3001697,0.28052337622906154
3001698,278.1776473481073
3001699,1.0384721301147692
3001700,29.67508036432833
3001701,23.123275920946234
3001702,58.282804843517056
3001703,1.1490009016497071
3001704,180.94121045282793
3001705,299.26003226470834
3001706,2.741241661156329
3001707,4.444720011517668
3001708,137.80564418264254
3001709,57.891304701702666
3001710,2205.2204527196627
3001711,107.18559629110254
3001712,4.256574675486257
3001713,1.3344796388075637
3001714,0.0
3001715,1.4996503977001252
3001716,953.5087118033535
3001717,0.0
3001718,127.86509974295494
3001719,2.0526301157710827
3001720,387.97687426206306
3001721,246.77812172408179
3001722,106.79925390514741
3001723,118.3719325018584
3001724,28.33310954893693
3001725,1828.9596136977086
3001726,2.327344010637225
3001727,0.0
3001728,6.339771196516421
3001729,13.76229275762663
3001730,0.0
3001731,96.1569903383893
3001732,0.0
3001733,13.056525684435448
3001734,7.801401976746593
3001735,46.58151842596663
3001736,0.09320680255719652
3001737,78.90058697441115
3001738,117.52221348268206
3001739,0.5240066525288306
3001740,1.4516469750321443
3001741,78.0608811165737
3001742,15.892500538030161
3001743,722.0312479186553
3001744,45.85710241946031
3001745,0.9659614689261171
3001746,3.484878116919522
3001747,0.16549011237970762
3001748,4.341290161913139
3001749,1752.0624661505785
3001750,0.0
3001751,259.5703593486232
3001752,4.472444505990786
3001753,767.6669149492002
3001754,597.1316477609831
3001755,208.9986507124698
3001756,121.91739050215618
3001757,62.83816308167507
3001758,3245.9353518367725
3001759,3.5689245427365184
3001760,0.48058957271859937
3001761,15.694901505859495
3001762,27.946937991666434
3001763,0.11281483626781495
3001764,221.8294392902454
3001765,0.5774811577343707
3001766,24.444164220607856
3001767,14.047293481826246
3001768,96.48851848688902
3001769,1.210899468087187
3001770,146.03423559390205
3001771,206.86337885011264
3001772,1.7320839788734563
3001773,3.395063112896867
3001774,140.73229906561966
3001775,40.995111110581625
3001776,1881.946589521087
3001777,83.55698852329967
3001778,1.5593805353477408
3001779,3.350478604947269
3001780,0.2746476661643275
3001781,4.973362059541078
3001782,2137.8101026008194
3001783,0.06849557571417059
3001784,444.3473287581359
3001785,5.120036806485889
3001786,817.805201343987
3001787,727.5106636242942
3001788,233.84924703498754
3001789,126.0774432022451
3001790,70.3925755282859
3001791,3630.1677239975256
3001792,5.1282469941981415
3001793,0.8992488976835729
3001794,16.969646839547437
3001795,39.90542065984457
3001796,0.23374480348179766
3001797,218.7032182200798
3001798,2.0634922036482712
3001799,25.049710687481817
3001800,21.276761372881765
3001801,108.02501079661855
3001802,1.4725305309759231
3001803,163.43381612424048
3001804,280.58354498958647
3001805,2.1637073700985647
3001806,3.915161403338416
3001807,157.50446468664822
3001808,45.964683773013846
3001809,1877.5611183798414
3001810,87.63521484092865
3001811,2.0056368271223004
3001812,2.1053494982389385
3001813,0.0
3001814,2.0542314392786873
3001815,1231.94331510662
3001816,0.0
3001817,139.59717142706964
3001818,2.2887866332721276
3001819,446.6831921960666
3001820,267.0265245872666
3001821,113.51111911136103
3001822,120.51994388162495
3001823,33.81060221908425
3001824,1716.3566258465949
3001825,2.916604020990397
3001826,0.0002450725888499929
3001827,7.358995380230167
3001828,15.543791877628713
3001829,0.0
3001830,106.12600405740635
3001831,0.24943075721951852
3001832,17.63716768879454
3001833,8.312924674533926
3001834,52.15995752623831
3001835,0.35961228864502287
3001836,107.98624923592946
3001837,129.6834544608339
3001838,0.8242919498848249
3001839,1.5770731107289189
3001840,81.55787464834883
3001841,24.14770791829952
3001842,1021.9323164224552
3001843,50.62389479710119
3001844,0.5763313671166059
3001845,2.8961918542396594
3001846,0.03915795360585494
3001847,4.865270997852949
3001848,2246.703606719931
3001849,0.0019491084640559442
3001850,402.768525233238
3001851,4.803854913169045
3001852,835.1531658486381
3001853,755.4306204087063
3001854,229.7320950402371
3001855,108.14010196267627
3001856,71.7648921929659
3001857,3569.4177022486365
3001858,6.168401727154242
3001859,0.5927131348536439
3001860,16.106114402947743
3001861,31.00443340509392
3001862,0.07316231334884134
3001863,269.60746498295345
3001864,0.7551750309056673
3001865,34.27788990096955
3001866,16.69754834241961
3001867,109.35556067509016
3001868,1.3201165729688673
3001869,158.567853399532
3001870,270.2877616740905
3001871,2.0931773527736657
3001872,3.7697108339950662
3001873,152.8139646724519
3001874,44.716091620817224
3001875,2590.202101819842
3001876,92.35599070941745
3001877,1.669519719180184
3001878,5.341724708631189
3001879,0.15365649663985687
3001880,6.607445993691755
3001881,2555.5750458139046
3001882,0.1098158517128066
3001883,427.7524114683365
3001884,9.679590454511265
3001885,965.6352972458865
3001886,707.7321579097649
3001887,248.74998391079237
3001888,117.36164562453229
3001889,86.1602153924206
3001890,3503.303182970048
3001891,20.09885546932992
3001892,0.9754732172181012
3001893,20.39141191466813
3001894,35.99874169144672
3001895,0.1605956219763086
3001896,244.25859631679944
3001897,12.087699102537005
3001898,68.15988094142389
3001899,18.277960134320583
3001900,126.57660265226164
3001901,6.346000557934651
3001902,195.45040884529064
3001903,286.3964063473203
3001904,6.406302027925815
3001905,7.77667671842249
3001906,199.44952805718003
3001907,62.638594975027004
3001908,2994.5605219465124
3001909,103.88960495488152
3001910,8.802707263445308
3001911,5.341724708631189
3001912,0.15365649663985687
3001913,6.607445993691755
3001914,2332.4392901949545
3001915,0.1098158517128066
3001916,427.7524114683365
3001917,9.679590454511265
3001918,920.3086548204978
3001919,714.4620956547282
3001920,268.57256269590465
3001921,112.39683338051387
3001922,86.1602153924206
3001923,3457.7198262263037
3001924,19.19106535665837
3001925,0.9754732172181012
3001926,20.39141191466813
3001927,35.99874169144672
3001928,0.1605956219763086
3001929,227.22701301386337
3001930,12.087699102537005
3001931,50.17100145548243
3001932,21.170008884820437
3001933,126.57660265226164
3001934,6.346000557934651
3001935,187.0175944747141
3001936,286.3964063473203
3001937,5.441494364941809
3001938,9.456233308020149
3001939,199.44952805718003
3001940,62.638594975027004
3001941,2994.5605219465124
3001942,103.88960495488152
3001943,8.802707263445308
3001944,5.341724708631189
3001945,0.22160200934275281
3001946,6.327991951837559
3001947,2712.2425175166686
3001948,0.1098158517128066
3001949,448.1780493814197
3001950,9.679590454511265
3001951,1020.8127917453339
3001952,873.4720076046711
3001953,248.74998391079237
3001954,139.49801424682607
3001955,86.1602153924206
3001956,4429.195101517941
3001957,19.19106535665837
3001958,1.0006683509312408
3001959,20.39141191466813
3001960,35.99874169144672
3001961,0.1605956219763086
3001962,311.8358990129142
3001963,4.715820108092814
3001964,31.213852851383326
3001965,21.170008884820437
3001966,126.57660265226164
3001967,3.3419942834764425
3001968,187.0175944747141
3001969,312.6223563524439
3001970,5.441494364941809
3001971,7.77667671842249
3001972,180.01860787148223
3001973,62.638594975027004
3001974,2871.1283061833747
3001975,103.88960495488152
3001976,8.802707263445308
3001977,3.973145647165074
3001978,0.0
3001979,5.872500581396144
3001980,2368.004914292195
3001981,0.0
3001982,412.7074865058642
3001983,10.27652843576032
3001984,837.160868625781
3001985,742.5884141730292
3001986,250.8987575116028
3001987,114.51673048047391
3001988,87.40329159300778
3001989,3050.6263448404843
3001990,19.375454031966996
3001991,0.8502325842719437
3001992,14.93068211990377
3001993,29.47951454751235
3001994,0.10873036192535943
3001995,252.37965685042167
3001996,13.237559270882889
3001997,48.01973841796777
3001998,13.747981678316426
3001999,121.44319185947559
3002000,6.173755709070898
3002001,242.83019976228707
3002002,310.99655299108036
3002003,5.759245061316677
3002004,7.86193718362636
3002005,298.01111043330053
3002006,73.393463620498
3002007,3674.994526083153
3002008,63.088192772506034
3002009,18.051153385352606
3002010,4.199384828090958
3002011,0.06897565093774935
3002012,4.792192957699129
3002013,2628.905582865057
3002014,0.0
3002015,445.6485604284852
3002016,7.755867391064351
3002017,1097.3541286080301
3002018,846.6126995693855
3002019,257.54513114327176
3002020,106.71666553600569
3002021,79.09293175404551
3002022,4333.143911718151
3002023,12.600640344495115
3002024,0.6402863807247932
3002025,18.051857301577765
3002026,34.86232955776317
3002027,0.0
3002028,259.28624094536974
3002029,0.5803864005591886
3002030,23.82338182091965
3002031,18.124865737461576
3002032,122.65810184384992
3002033,2.236184332737655
3002034,162.171687941655
3002035,277.5690584857676
3002036,3.560059240161582
3002037,6.195727009202609
3002038,163.3423962506642
3002039,51.17532459960738
3002040,2782.9112126437526
3002041,102.4285605013037
3002042,4.640612315011442
3002043,4.963170881122725
3002044,0.1219581965782035
3002045,6.58277524047573
3002046,2329.7747138318346
3002047,0.08567128035748502
3002048,413.622912724625
3002049,9.36539901925079
3002050,927.2860936295431
3002051,704.2509077584773
3002052,260.29218487403125
3002053,113.82821253962477
3002054,86.86126402169481
3002055,3301.466826382377
3002056,15.419899943534737
3002057,0.7539257825767627
3002058,18.75391163455798
3002059,35.24336843391505
3002060,0.12645112872266268
3002061,222.5674874625702
3002062,5.544407581129577
3002063,58.624830830834576
3002064,20.855877343584766
3002065,115.22990876671332
3002066,5.9249351625579525
3002067,192.1664309907199
3002068,280.5288673516457
3002069,5.732179874632196
3002070,9.242756885463443
3002071,176.32289798377732
3002072,60.76636011936194
3002073,2877.1201711051845
3002074,96.42086212384251
3002075,6.340189207582426
3002076,4.963170881122725
3002077,0.1219581965782035
3002078,6.3587904579915495
3002079,2270.1095727533097
3002080,0.08567128035748502
3002081,413.622912724625
3002082,9.36539901925079
3002083,927.2860936295431
3002084,704.2509077584773
3002085,260.29218487403125
3002086,113.82821253962477
3002087,86.86126402169481
3002088,3301.466826382377
3002089,15.419899943534737
3002090,0.7539257825767627
3002091,18.75391163455798
3002092,35.24336843391505
3002093,0.12645112872266268
3002094,222.5674874625702
3002095,5.544407581129577
3002096,58.624830830834576
3002097,18.839005074507785
3002098,123.9719747777809
3002099,5.9249351625579525
3002100,192.1664309907199
3002101,280.5288673516457
3002102,5.732179874632196
3002103,7.518468628259864
3002104,193.55234265612688
3002105,60.76636011936194
3002106,2877.1201711051845
3002107,102.5595247478109
3002108,7.475834327183155
3002109,3.4133717897527918
3002110,0.0
3002111,4.841049375613178
3002112,2911.8189756972747
3002113,0.0
3002114,411.28010496414333
3002115,5.865820789571895
3002116,887.2978447978523
3002117,751.2151676397589
3002118,236.76344115544373
3002119,100.25075308370643
3002120,71.83868536667427
3002121,3711.3808541806243
3002122,5.708300259576314
3002123,0.3695922696487842
3002124,15.410761662205248
3002125,30.519960937790902
3002126,0.0
3002127,206.0390886820812
3002128,0.40855414588746053
3002129,25.561449097913595
3002130,17.712012375496933
3002131,108.7405688420452
3002132,2.411750364860805
3002133,126.9493529656081
3002134,246.2165307746999
3002135,2.7498649952751366
3002136,4.642453213291727
3002137,127.86735150162097
3002138,41.19459503331378
3002139,2553.1206033629414
3002140,80.78324941472749
3002141,1.1324290471189402
3002142,16.5503522465667
3002143,0.23207641773001564
3002144,18.62870962769209
3002145,7703.361847949506
3002146,0.4656978438463835
3002147,1388.1030455940024
3002148,35.16514883918098
3002149,2357.2182189032537
3002150,2150.0814589181637
3002151,815.521231095634
3002152,315.3302344570299
3002153,243.50911477673577
3002154,8136.338329463332
3002155,62.08839758157922
3002156,2.423751740561737
3002157,53.56035537695903
3002158,103.54292204533472
3002159,0.9597964538617678
3002160,690.7624866440154
3002161,30.95578692029749
3002162,95.9172879685174
3002163,67.90437741668417
3002164,376.1545926572834
3002165,16.28150077466518
3002166,630.5004212363851
3002167,876.9337331258935
3002168,24.395003105616762
3002169,31.72958650503081
3002170,871.2498970524834
3002171,231.7948723126355
3002172,9298.710467577976
3002173,306.86884071741366
3002174,52.558253318493875
3002175,14.39428949002182
3002176,0.1034035310597307
3002177,16.771595398361224
3002178,6756.880124395575
3002179,0.31910602695206114
3002180,1128.6997112392728
3002181,31.072672510824418
3002182,2278.7078423556286
3002183,1931.0706099966255
3002184,715.2115055949461
3002185,276.46902941111176
3002186,213.47114239877328
3002187,7740.006863589453
3002188,54.33798081018121
3002189,1.4681471538350086
3002190,44.913265125279096
3002191,89.04720378489579
3002192,0.8205687262605298
3002193,605.7793869959828
3002194,35.85635066349182
3002195,86.74773592111387
3002196,37.83039088075825
3002197,306.67944019537777
3002198,14.64646099866557
3002199,616.9460864406276
3002200,812.2782590169604
3002201,20.537993643429562
3002202,28.447234708945036
3002203,775.4349948016451
3002204,208.51188568666367
3002205,8351.866973676511
3002206,269.0471188484795
3002207,49.45248128898383
3002208,12.326955780500636
3002209,0.0
3002210,14.27293571199407
3002211,5208.248046623754
3002212,0.10359374888216988
3002213,944.9881671773384
3002214,25.10202891911636
3002215,1914.2016783060758
3002216,1616.8776687505035
3002217,598.7413319207124
3002218,172.9197566239865
3002219,170.64905539111464
3002220,6662.6250074228155
3002221,44.03627114158833
3002222,1.2900212231684967
3002223,32.17502617061036
3002224,74.40374527888665
3002225,0.5231287134316994
3002226,507.10504284863316
3002227,16.644615205241067
3002228,74.66907136995923
3002229,34.11826665605999
3002230,264.15576397333297
3002231,11.076061934244848
3002232,575.9868371505155
3002233,623.0741140387415
3002234,17.55643608014395
3002235,22.965342199078712
3002236,611.5587553213918
3002237,144.1128857667377
3002238,5595.513470249201
3002239,238.39354905074023
3002240,35.719252941781775
3002241,13.680513203342683
3002242,0.10094618744833536
3002243,15.540794689485795
3002244,5795.015815616843
3002245,0.2156806751993687
3002246,1041.0678215780176
3002247,27.75309159063822
3002248,1955.0178156148183
3002249,1781.198040473488
3002250,659.654292463001
3002251,226.9048611793296
3002252,188.0826581489488
3002253,7152.7332754842955
3002254,48.610397454066714
3002255,1.4746595801489948
3002256,39.47818329816884
3002257,82.06215585766734
3002258,0.6778258708294786
3002259,558.7109282180082
3002260,32.99736820777662
3002261,82.35442989589004
3002262,37.88075414085599
3002263,304.1589977970644
3002264,12.30257183935863
3002265,578.6290157513608
3002266,749.1914847626858
3002267,19.441127694002464
3002268,24.73734406429005
3002269,705.3615796934564
3002270,158.85133218426006
3002271,6163.9255273203835
3002272,262.7076475316733
3002273,39.448658081197365
3002274,10.283338549497245
3002275,0.0
3002276,11.501650665189917
3002277,4269.142494451346
3002278,0.0
3002279,827.0452088961854
3002280,21.240093513730887
3002281,1569.4242698210805
3002282,1312.01221878116
3002283,533.0983639573384
3002284,141.34674019082877
3002285,133.27652176511057
3002286,5478.234984313341
3002287,34.230685239622574
3002288,0.8847826653216029
3002289,28.962787902512556
3002290,60.195009242882584
3002291,0.28228334747067396
3002292,411.36005822357555
3002293,23.06600774020801
3002294,62.1115137425723
3002295,26.470489992883564
3002296,223.8220925392265
3002297,7.045962381060565
3002298,483.02819091024566
3002299,555.1474879417606
3002300,13.516209760204202
3002301,11.460504942716211
3002302,522.7478511563558
3002303,103.77731799530484
3002304,4373.4539507790405
3002305,199.71332860007362
3002306,24.82547649981983
3002307,13.536631598332942
3002308,0.18559325184770994
3002309,14.147621924276311
3002310,5500.34058655819
3002311,0.2732698692148071
3002312,988.0880534430211
3002313,28.24934239202676
3002314,1911.916713829614
3002315,1784.486213966034
3002316,626.0659688363515
3002317,258.4546277933074
3002318,179.9925801808066
3002319,6966.2244496801295
3002320,44.3886489391953
3002321,1.3810805574334188
3002322,37.601873681900585
3002323,77.83919294967902
3002324,0.4960552286902844
3002325,530.25466598096
3002326,12.538458998988744
3002327,80.3082777641002
3002328,43.61416062362059
3002329,288.644409770429
3002330,12.200685797077748
3002331,529.3037117424515
3002332,747.0941426058373
3002333,17.701627409523734
3002334,22.54714604822388
3002335,616.3516056092508
3002336,168.65513526410678
3002337,8188.29426069271
3002338,244.3212435844921
3002339,40.998825543102406
3002340,4.018534193013493
3002341,0.0
3002342,5.659654387894438
3002343,2087.9320586883973
3002344,0.0
3002345,385.5962763383368
3002346,14.58926254947763
3002347,766.9938832884915
3002348,578.9234278752424
3002349,229.8109483732719
3002350,97.05050016290181
3002351,82.66393469081937
3002352,2832.009464199801
3002353,18.28311293287989
3002354,0.7510404341731277
3002355,16.18659667932991
3002356,33.428400118377205
3002357,0.06980069972415698
3002358,205.130612652469
3002359,11.336960231193924
3002360,37.696826874101134
3002361,18.376329873119623
3002362,113.41920579114982
3002363,5.7891660855201925
3002364,229.75830708293375
3002365,264.3465269196581
3002366,3.8094566182807066
3002367,7.38684307342808
3002368,261.38636226641546
3002369,69.40518254030124
3002370,2835.0484456126314
3002371,50.7867859467237
3002372,12.826892416458946
3002373,10.00951796231072
3002374,0.0
3002375,10.45447643315812
3002376,3700.0379240726966
3002377,0.12478284528870238
3002378,628.2978073983533
3002379,21.152391926044572
3002380,1376.0319247742923
3002381,1205.0025409498676
3002382,435.06033506506196
3002383,141.35170500885243
3002384,128.7959644600752
3002385,4968.535052842632
3002386,33.37571781336141
3002387,0.8864637070222986
3002388,27.962985506300072
3002389,53.82460634515488
3002390,0.23114866985123617
3002391,368.4333597506902
3002392,5.438197235532064
3002393,54.08430653879951
3002394,29.44006944012819
3002395,200.41810375803897
3002396,9.358713299425528
3002397,358.5152773254355
3002398,452.7522308186394
3002399,12.032582588730563
3002400,16.8337550639176
3002401,428.7004189001919
3002402,87.8553236506267
3002403,3950.629867810631
3002404,184.9372461946514
3002405,24.696177010801552
3002406,10.333674476823633
3002407,0.0
3002408,9.994335256462412
3002409,3700.0379240726966
3002410,0.12478284528870238
3002411,665.9024901523069
3002412,20.689292469354843
3002413,1443.7792897165546
3002414,1290.8143909964274
3002415,435.06033506506196
3002416,169.26328530357154
3002417,126.08255812352014
3002418,4765.978136198727
3002419,32.65708768548024
3002420,0.9758975268030425
3002421,27.962985506300072
3002422,53.82460634515488
3002423,0.5012025929893954
3002424,352.5084920523755
3002425,7.010925868512742
3002426,75.3948838998704
3002427,29.44006944012819
3002428,186.3284619642862
3002429,9.358713299425528
3002430,350.99955034855213
3002431,445.273871239992
3002432,15.442188573317564
3002433,12.440846939763166
3002434,404.68698746850424
3002435,85.99778825472137
3002436,5208.959653578027
3002437,184.9372461946514
3002438,28.1498294902483
3002439,5.2932500471439035
3002440,0.5313268408812305
3002441,16.589722592326346
3002442,3324.6190741087594
3002443,0.683469292773677
3002444,624.9034174135363
3002445,6.097407339293249
3002446,1302.8569802114625
3002447,1067.5205287656477
3002448,370.652006148754
3002449,115.28958769127972
3002450,154.45685912193758
3002451,4898.355961882919
3002452,9.351919333477605
3002453,1.9349932657828266
3002454,39.39270029385965
3002455,48.8998795551827
3002456,0.9796222444417443
3002457,295.6162996981813
3002458,5.25847032326093
3002459,75.23204107350946
3002460,36.52988181210831
3002461,202.2493594457593
3002462,4.500033265908261
3002463,77.1208613315108
3002464,394.73898913321665
3002465,4.646926913250267
3002466,10.384378557099858
3002467,109.62613840003395
3002468,70.93547042366302
3002469,5845.729288607604
3002470,135.62179923188924
3002471,6.84087743032858
3002472,5.052368745070109
3002473,0.28568354633455134
3002474,7.5671454972402135
3002475,2188.8298032418816
3002476,0.3306496088946494
3002477,407.6352482638865
3002478,7.254122014352482
3002479,880.8313267139724
3002480,597.0654790042488
3002481,280.4700013771451
3002482,80.15312283355486
3002483,86.85519305217908
3002484,3191.6261462359585
3002485,11.123162096979673
3002486,1.4178159352484763
3002487,21.33342425555555
3002488,35.49297393285987
3002489,0.27891491474517377
3002490,259.0909400364002
3002491,3.5407815822770967
3002492,49.51918453159107
3002493,27.486426626408903
3002494,126.68052358509702
3002495,3.4654468034119774
3002496,130.0050628976611
3002497,297.1242180664614
3002498,5.224336049714873
3002499,5.837703529990628
3002500,115.47723694719056
3002501,66.93034470840712
3002502,2840.198364302787
3002503,114.24250622681267
3002504,3.691815424020165
3002505,4.102483268849845
3002506,0.0
3002507,2.9568799896169335
3002508,1524.2162684598438
3002509,0.0
3002510,239.38768584284622
3002511,3.5057286454238237
3002512,853.0194445374427
3002513,312.1946947868419
3002514,222.94006494930986
3002515,42.674857301290764
3002516,37.73033071581553
3002517,2961.001778473992
3002518,5.207466979871168
3002519,0.38374212728761314
3002520,13.872781384891017
3002521,19.675737574185206
3002522,0.0
3002523,211.5135156304962
3002524,0.13688738087116314
3002525,18.838297416440113
3002526,12.436971354797533
3002527,63.43698763139538
3002528,0.8343184747041449
3002529,58.33326325507022
3002530,187.60601197152303
3002531,0.22748458424847368
3002532,2.732539525151576
3002533,60.68705581808127
3002534,48.350491678456166
3002535,1339.3705288291605
3002536,69.50439755329057
3002537,1.2408094305656934
3002538,4.645022873478647
3002539,0.17339672706551415
3002540,7.908776920958528
3002541,3203.0197850150903
3002542,0.13739155185055893
3002543,554.9671901763785
3002544,16.69069771953025
3002545,1125.375418007
3002546,964.4999780779269
3002547,339.3616670346399
3002548,152.01656831437407
3002549,122.01142575569203
3002550,4099.975156960645
3002551,27.08536545466693
3002552,1.2206346627205673
3002553,27.850399351505413
3002554,43.58172867659621
3002555,0.2512585919855966
3002556,295.4380790502822
3002557,15.7425937780447
3002558,64.87593195762067
3002559,23.960583312823097
3002560,163.5471729537457
3002561,8.24816788424837
3002562,341.100443065919
3002563,378.13568140676625
3002564,8.00024693845244
3002565,11.39739888540047
3002566,444.1933991156042
3002567,101.97518006485276
3002568,4117.030655525129
3002569,75.93339901067405
3002570,26.021343635652443
3002571,4.950113555388363
3002572,0.2129922590730337
3002573,7.9992175376076755
3002574,3428.705027781464
3002575,0.18822978116183728
3002576,591.2239807280866
3002577,17.844377169080314
3002578,1194.9343942142846
3002579,1136.7482741576403
3002580,344.35105096704217
3002581,175.6391356647199
3002582,130.03348097387172
3002583,4424.988227062446
3002584,28.916921760237727
3002585,1.749983727092682
3002586,24.56686779533243
3002587,51.740611889289355
3002588,0.33977191797887696
3002589,314.7699632578145
3002590,16.647463336090148
3002591,73.01222202755585
3002592,25.3096020067156
3002593,174.27793637121823
3002594,10.163498792629955
3002595,363.41014826264586
3002596,395.55966262296454
3002597,7.300056238024207
3002598,12.067428212938484
3002599,473.22619837416613
3002600,108.69059349500743
3002601,5718.009920105549
3002602,79.37210732025952
3002603,27.481738100066337
3002604,5.047384260413496
3002605,0.2957216971598368
3002606,9.131996617587593
3002607,3768.4427221639844
3002608,0.3272019471680428
3002609,671.745739926299
3002610,21.908396883732436
3002611,1361.9657962037577
3002612,1299.5485714521897
3002613,392.1209837684178
3002614,198.21363831076516
3002615,145.19165509651566
3002616,4800.139701008883
3002617,31.618722363210676
3002618,2.117923302416888
3002619,30.48171570095206
3002620,56.09659606407964
3002621,0.49646804556941454
3002622,357.7036399931177
3002623,19.675667925234116
3002624,83.07529700216375
3002625,35.49661956723199
3002626,198.10960858397007
3002627,12.0821830747753
3002628,410.87081689280205
3002629,444.28592059359033
3002630,12.38271704677579
3002631,16.392415460570913
3002632,528.6909654866523
3002633,122.02374016923186
3002634,6149.249024423238
3002635,78.9284703226302
3002636,28.87696647707346
3002637,7.101394934732963
3002638,0.2077886197246505
3002639,6.801043927180617
3002640,3051.203301822419
3002641,0.047146306315117785
3002642,502.3141285078137
3002643,12.856826772271692
3002644,1443.4894052578443
3002645,1012.8940629238989
3002646,456.176727377706
3002647,125.20522122849505
3002648,91.61489489205616
3002649,5178.544323911051
3002650,16.625430588812335
3002651,1.3412822661413228
3002652,20.788818083787024
3002653,43.94174448556886
3002654,0.18527584952968168
3002655,374.28473537915806
3002656,9.927808321358592
3002657,26.473361878646166
3002658,24.120615653689853
3002659,139.49483003379268
3002660,3.7250697253902123
3002661,260.7027079511127
3002662,412.3418244031112
3002663,4.772061882418283
3002664,10.238127321809365
3002665,335.5656277637545
3002666,89.90438753163647
3002667,2504.8045077546058
3002668,105.45844673090558
3002669,12.266810688990425
3002670,4.616172189436339
3002671,0.011520584165257839
3002672,3.726048580397851
3002673,2164.2540291420773
3002674,0.06199090813930121
3002675,375.7924694210892
3002676,13.959050909558444
3002677,616.3116593738556
3002678,630.0299747977923
3002679,169.90271712981755
3002680,116.81961176497313
3002681,83.4331335174125
3002682,2652.5044852245305
3002683,20.579464922280525
3002684,1.2049991298676255
3002685,17.130285717211166
3002686,20.697345590355287
3002687,0.16051264410605579
3002688,186.86232302414865
3002689,12.682300945696696
3002690,11.987837966064195
3002691,4.8022284609759485
3002692,111.96024933546869
3002693,6.60811971081743
3002694,257.23842916618355
3002695,168.97495192723648
3002696,5.999653535819431
3002697,8.385600060616522
3002698,276.1800401576204
3002699,77.78946580168618
3002700,1796.380910056379
3002701,0.20237021409196343
3002702,18.789678192585725
3002703,1.7667392519546337
3002704,0.0
3002705,1.8164629083804478
3002706,1192.2413864050804
3002707,0.0
3002708,111.06885909543955
3002709,2.8079516301268272
3002710,551.6707443781979
3002711,245.63032511419442
3002712,149.00077535171363
3002713,43.78911485860493
3002714,30.823387248298314
3002715,2192.6291835624165
3002716,3.9076477040115485
3002717,0.05272890100217289
3002718,7.269974073326993
3002719,4.976745275072591
3002720,0.0
3002721,129.32482678193142
3002722,2.0276805652748178
3002723,0.1951112418420706
3002724,1.3048400399971793
3002725,17.33273753733448
3002726,0.38832033093604595
3002727,165.84378069870024
3002728,135.64726809320015
3002729,0.5304327384886167
3002730,2.417248330371462
3002731,112.85260012736771
3002732,28.77189071084782
3002733,230.0673563240059
3002734,0.0
3002735,2.214021106497712
3002736,4.998416455624589
3002737,0.5761048232490604
3002738,5.815810779464452
3002739,3212.9273538609605
3002740,0.26769272341848194
3002741,453.716310280225
3002742,8.493540002117683
3002743,1438.9730729084233
3002744,647.5666347546395
3002745,341.8675766506668
3002746,99.5814569762517
3002747,67.99455003179202
3002748,4832.2650586640875
3002749,10.589489212597869
3002750,0.7129260917486583
3002751,20.612815802254463
3002752,21.388639664131468
3002753,0.3756404712090013
3002754,293.63981891477016
3002755,4.93778760713669
3002756,1.4584142600939718
3002757,4.559333262771016
3002758,51.31118743898895
3002759,2.439963886106219
3002760,492.007683922082
3002761,305.8643209410966
3002762,1.7486351227588244
3002763,6.40874970540661
3002764,244.71204150310945
3002765,63.54681229134313
3002766,667.6845497089471
3002767,15.317610526597578
3002768,5.968143846703467
3002769,2.695921113330283
3002770,0.01948382271105298
3002771,0.7037646359431025
3002772,1502.3748658219401
3002773,0.0
3002774,142.5595314461367
3002775,4.487434857376275
3002776,641.6185860769854
3002777,339.0868285657119
3002778,173.9421975782342
3002779,50.198336692156744
3002780,38.57133882120235
3002781,2368.6371963049987
3002782,5.647070010385715
3002783,0.31966852926064887
3002784,9.283441657068748
3002785,11.711239252253577
3002786,0.0
3002787,153.49934704366632
3002788,2.011138022811505
3002789,0.28117155449470826
3002790,7.477363174393041
3002791,34.91796202574345
3002792,1.022315150334745
3002793,229.2197750403254
3002794,142.79922008651036
3002795,0.7318671267751031
3002796,3.2492362758948
3002797,135.92033564527023
3002798,36.02037012825411
3002799,270.2436350429357
3002800,3.0598958310872524
3002801,2.9965298851245823
3002802,2.885569291585215
3002803,0.0
3002804,0.6214565715762763
3002805,1372.5009102660665
3002806,0.0
3002807,150.030288062393
3002808,3.5184781767777706
3002809,594.7204812265438
3002810,277.14797688554626
3002811,155.83157651511544
3002812,44.58109972799766
3002813,32.30913696624867
3002814,2161.6373933983546
3002815,5.160716543888628
3002816,0.2162793950977887
3002817,13.168385057871346
3002818,7.6570255522805954
3002819,0.0
3002820,141.2646689740704
3002821,1.4125154545985223
3002822,0.18743066930282698
3002823,1.9859749484948748
3002824,27.818140118005815
3002825,0.8743461982734425
3002826,166.56270580906227
3002827,136.8594731426496
3002828,0.6417497965083916
3002829,2.93832774183128
3002830,108.99964615278608
3002831,32.03323110555644
3002832,205.39301621381674
3002833,2.5667622075215917
3002834,2.4072000112484884
3002835,2.5504959737606416
3002836,0.015342829765533673
3002837,1.9786499275732328
3002838,1472.458320552019
3002839,0.0
3002840,162.3965746970736
3002841,3.8884489753734672
3002842,711.2639349557005
3002843,320.86952580108203
3002844,150.01548364577894
3002845,46.26618851101104
3002846,45.99448258978051
3002847,2375.5666868788358
3002848,5.665153022386706
3002849,0.30407325544404884
3002850,9.311417231059348
3002851,12.316211644990696
3002852,0.0
3002853,154.266982058822
3002854,0.7883493548718334
3002855,0.2846569157981186
3002856,2.1885851138817864
3002857,19.416289110554025
3002858,1.1073321795504834
3002859,133.43188225571865
3002860,171.82979738748134
3002861,0.7357797402285593
3002862,3.2607961045790166
3002863,118.00636375552835
3002864,37.43431543889478
3002865,275.69593252693306
3002866,5.756811785411851
3002867,2.9032758541294372
3002868,2.5504959737606416
3002869,0.28850380957121363
3002870,2.0575616452842223
3002871,1521.740677291602
3002872,0.0
3002873,163.66154886660937
3002874,3.926294087453723
3002875,716.778098770219
3002876,342.72190263156403
3002877,180.7100810954071
3002878,58.65036005150192
3002879,46.35830176222636
3002880,2488.8525572281274
3002881,5.716752919293682
3002882,2.804126015364057
3002883,14.447154729677944
3002884,8.783004334856532
3002885,0.0
3002886,155.15073875441885
3002887,3.421100658963273
3002888,0.2946023985489827
3002889,2.2132703180478117
3002890,30.419125581787068
3002891,1.123646602167388
3002892,156.84332870004886
3002893,148.31863117074252
3002894,0.7492176996194659
3002895,3.293782089896904
3002896,118.92768035252689
3002897,40.655452681130434
3002898,179.42996391835186
3002899,9.228840348254096
3002900,2.933494009811097
3002901,2.4715534891569257
3002902,0.0
3002903,0.6025833966563148
3002904,1288.8473017313113
3002905,0.0
3002906,144.26130213837916
3002907,3.3917108698192227
3002908,589.6544854027171
3002909,266.27259967954353
3002910,153.68195894283562
3002911,67.85936977123713
3002912,31.568765138089955
3002913,2100.9639304395396
3002914,4.9878757300904155
3002915,0.18786818687046983
3002916,8.263626022285505
3002917,7.539377296441689
3002918,0.0
3002919,140.04440926409902
3002920,0.3909376873366035
3002921,0.20133201691312083
3002922,1.8645781053505992
3002923,17.34169472973622
3002924,0.8931963258437494
3002925,88.62925052203732
3002926,121.71187648827029
3002927,0.6222901233460345
3002928,2.8278367352977223
3002929,97.93721736664759
3002930,31.007002357359788
3002931,162.85015730653504
3002932,0.0
3002933,1.8075604685819067
3002934,3.9148514898425337
3002935,0.3483833983641006
3002936,3.673273769433207
3002937,2215.7693116436926
3002938,0.12852351020808497
3002939,258.51503028970535
3002940,5.964645926723592
3002941,857.084888251939
3002942,488.70878085417735
3002943,268.32276633743953
3002944,108.91962956730057
3002945,52.33139384482401
3002946,3285.974129299272
3002947,8.495942594922678
3002948,0.7935316040380911
3002949,13.690829418252951
3002950,19.07159610312883
3002951,0.2199156561714623
3002952,217.57293140520608
3002953,1.0945414364910018
3002954,0.46031367242101673
3002955,3.2995433906945206
3002956,46.68065956671636
3002957,1.9751874297279424
3002958,260.8962420135617
3002959,217.98495122747275
3002960,1.6614877650412376
3002961,5.070419551037432
3002962,193.96292805964495
3002963,49.75867815587651
3002964,217.07852032346784
3002965,4.248220138727679
3002966,5.736546891090626
3002967,1.5693072092607299
3002968,0.00011255477974326242
3002969,2.3067712381555454
3002970,1390.3346085081205
3002971,0.0
3002972,192.9784027043529
3002973,2.6408658586045277
3002974,391.7032185907325
3002975,349.61600861906413
3002976,151.97263395551272
3002977,51.23036463750057
3002978,26.879730439183568
3002979,2028.5487703187218
3002980,3.9641365193401885
3002981,0.10112216166396709
3002982,6.67983610742758
3002983,8.436407148545316
3002984,0.0
3002985,128.40884893247778
3002986,1.2299984843324183
3002987,0.16212682665197994
3002988,5.159870010317293
3002989,30.729800593984866
3002990,0.6682527002726246
3002991,158.38718100327992
3002992,123.15028232800117
3002993,0.808043161321458
3002994,2.173396540658737
3002995,87.63469966382792
3002996,25.53480740729705
3002997,338.8538849302362
3002998,69.90848909595927
3002999,2.187369089601758
3003000,3.348697555353291
3003001,0.15365214204128821
3003002,3.2397625687968343
3003003,1629.4466673900245
3003004,0.0
3003005,196.16670654393997
3003006,4.548756325910997
3003007,666.0284507897877
3003008,378.04470613978754
3003009,179.3334364662975
3003010,69.72265777218071
3003011,41.48929695487484
3003012,2624.083041852161
3003013,6.56544871030541
3003014,0.6121397315142433
3003015,10.704232135424327
3003016,8.747904764023408
3003017,0.020948955467957994
3003018,136.85156941699495
3003019,2.9906907078454417
3003020,0.4272663357394748
3003021,2.5853401476988838
3003022,36.9873383626392
3003023,1.403722786698793
3003024,145.66650294536223
3003025,168.18558397222756
3003026,1.1129077028939192
3003027,3.6498722784432913
3003028,134.08115090056856
3003029,39.439605900367276
3003030,466.1050050487695
3003031,10.474251529553449
3003032,3.60185265231653
3003033,5.15074813945887
3003034,0.10780227906495721
3003035,6.712771775438941
3003036,2522.8510522384745
3003037,0.08335344955021785
3003038,487.66701996664466
3003039,15.382929768980532
3003040,901.4786164436836
3003041,716.3256177830449
3003042,205.44954289348524
3003043,128.03428410158952
3003044,91.46991035419603
3003045,3278.627419694374
3003046,23.360247968104424
3003047,1.1361975855629511
3003048,18.856018900693016
3003049,22.632119753296042
3003050,0.2709761641532242
3003051,221.82898720129734
3003052,15.753594345939108
3003053,13.224086710806535
3003054,5.35451419708784
3003055,133.60145322338363
3003056,7.332299398531668
3003057,281.81888164296083
3003058,235.94979500682769
3003059,6.850846313002114
3003060,8.832539059279199
3003061,369.83338613102126
3003062,92.29864813386382
3003063,2102.548529427554
3003064,0.3168179514113408
3003065,22.23407846357798
3003066,3.7587383560286556
3003067,0.3758752192163445
3003068,4.2661579866291355
3003069,2201.0325186693412
3003070,0.09501142073636756
3003071,316.3680662684049
3003072,5.743424043667321
3003073,888.5323833064244
3003074,481.6593088500261
3003075,236.48943429576673
3003076,89.10768066505501
3003077,50.63739941976672
3003078,3304.0004843531815
3003079,8.194317742152684
3003080,0.6673552378749452
3003081,13.224196515194032
3003082,17.68140373789235
3003083,0.14857233980941464
3003084,205.76460197895835
3003085,2.9863455283648572
3003086,1.3939488671281899
3003087,6.987389345064328
3003088,44.903097768721324
3003089,1.4524653774120821
3003090,344.5718113852089
3003091,217.9968130822755
3003092,1.8315960407429863
3003093,4.564701207292865
3003094,163.16462128197625
3003095,48.14640231569278
3003096,621.2327361856875
3003097,44.60195718453109
3003098,4.938705140083748
3003099,3.7587383560286556
3003100,0.3758752192163445
3003101,1.9122125984695266
3003102,2166.266780068745
3003103,0.09501142073636756
3003104,296.72039509086
3003105,5.743424043667321
3003106,917.5608000468034
3003107,474.0390728987585
3003108,231.17506068530994
3003109,101.70434587770919
3003110,50.63739941976672
3003111,3251.8210628688375
3003112,8.194317742152684
3003113,0.6673552378749452
3003114,13.963889662471239
3003115,17.68140373789235
3003116,0.14857233980941464
3003117,202.5001978235644
3003118,2.9863455283648572
3003119,1.1666150761701515
3003120,4.435369774066661
3003121,83.63745397138203
3003122,1.4524653774120821
3003123,218.6949236429351
3003124,214.53928650470124
3003125,1.7370671266245674
3003126,8.53721349531858
3003127,163.16462128197625
3003128,48.14640231569278
3003129,755.7476147832554
3003130,0.4882147024784791
3003131,4.044857565316371
3003132,2.688596655123033
3003133,0.04741755369399305
3003134,1.0115958702570425
3003135,1385.7421075028321
3003136,0.0
3003137,147.03637727797434
3003138,4.1335910529461
3003139,460.6246169970834
3003140,286.1738342572063
3003141,118.58051899548425
3003142,55.203961635713284
3003143,38.310191668527395
3003144,1914.907169486024
3003145,5.999391850996459
3003146,0.4337110667766334
3003147,16.6403710796495
3003148,8.383204435726276
3003149,0.0
3003150,122.51285310470219
3003151,0.8363135503535944
3003152,0.525035198718901
3003153,3.2688519837123464
3003154,36.1326773658694
3003155,1.435233990476183
3003156,128.1561834452806
3003157,120.2632811860834
3003158,1.0836570889751356
3003159,3.3133151529493263
3003160,123.97420087571942
3003161,36.41386120442179
3003162,400.48133856563027
3003163,9.170651492114114
3003164,2.447389201986617
3003165,2.7505652157288925
3003166,0.0004935922183752739
3003167,3.2065508865929178
3003168,1689.95329543649
3003169,0.03599905798215417
3003170,253.7817108056186
3003171,5.289952585414953
3003172,532.0442319124348
3003173,426.5424986906519
3003174,135.9052180961326
3003175,76.10508915369073
3003176,47.164966622480094
3003177,2186.430858146412
3003178,8.184204928740352
3003179,0.37147136478455123
3003180,11.11172527740795
3003181,15.245601104666035
3003182,0.07224152879840617
3003183,123.04656811825696
3003184,4.094102521667299
3003185,1.0648031365482789
3003186,6.220013439697058
3003187,66.7444135967978
3003188,2.9559701814810535
3003189,190.1823054776557
3003190,152.32965172548603
3003191,2.4632594962787193
3003192,3.8832300517864087
3003193,152.12513010892772
3003194,44.84148027881099
3003195,996.8956605801607
3003196,0.1931231296072768
3003197,4.847671249471406
3003198,4.33015190863224
3003199,0.4885964152867344
3003200,3.4238264292953478
3003201,263.98704102697934
3003202,0.575975394862789
3003203,303.5876137874462
3003204,10.711628985617132
3003205,30.977648464654443
3003206,375.70090734280177
3003207,184.5095341721294
3003208,164.41391631626163
3003209,88.68115602256273
3003210,16.937217222811707
3003211,14.79225650323226
3003212,1.1931448407476626
3003213,20.123604595676497
3003214,18.569184153816924
3003215,0.4124996028508212
3003216,153.0917119533421
3003217,8.011520750951062
3003218,15.523923214869928
3003219,6.345802375024307
3003220,49.717746369275716
3003221,7.1065824098679
3003222,287.14077804554614
3003223,31.539521616164002
3003224,8.877543191692261
3003225,8.092370386153792
3003226,284.11259629659133
3003227,84.35492150160647
3003228,1643.3532677241487
3003229,0.8213604890619752
3003230,10.263341754477201
3003231,2.040311001126252
3003232,0.0
3003233,0.8782876333791093
3003234,1296.1744667682392
3003235,0.0
3003236,245.02664997277859
3003237,3.424446464339305
3003238,322.34577428484323
3003239,352.661116904671
3003240,94.70289369149702
3003241,55.84547887485212
3003242,32.87995591127245
3003243,1739.3038863243678
3003244,4.966035428160684
3003245,0.373848981899846
3003246,7.753733634807532
3003247,10.632833871295759
3003248,0.0
3003249,96.570857997155
3003250,0.6263217907782298
3003251,5.392917096460609
3003252,1.856009323498021
3003253,40.656069263712396
3003254,2.4419283244457803
3003255,107.85449395820444
3003256,125.82183084658088
3003257,2.035856744050571
3003258,4.793357618409069
3003259,106.71050040709436
3003260,30.062721915717077
3003261,536.8690198339458
3003262,0.20660262774630586
3003263,2.5575987566955147
3003264,1.6801666617360786
3003265,0.0
3003266,0.5821658143258402
3003267,1029.3165092576462
3003268,0.0
3003269,179.7141250997409
3003270,2.7269094566729652
3003271,249.3422236354759
3003272,210.78485030041813
3003273,59.939570225934666
3003274,39.96930876919036
3003275,27.538604567846114
3003276,1323.3130256807483
3003277,3.5771645687336537
3003278,0.15725454109379824
3003279,9.300311159151821
3003280,5.044633321929822
3003281,0.0
3003282,67.06265240520783
3003283,0.5586975526174209
3003284,3.596977946335665
3003285,1.4878811163312498
3003286,35.17620624124778
3003287,0.36909622555586774
3003288,117.65231133457056
3003289,94.82144906373375
3003290,1.4671900447089996
3003291,1.6094618031211203
3003292,89.72937954739663
3003293,22.528916132441793
3003294,392.9075502841258
3003295,0.04492291323999353
3003296,1.9967248007726595
3003297,5.326949772384775
3003298,0.3706984577952144
3003299,5.2787659926673856
3003300,2618.643261797236
3003301,0.33132774381206714
3003302,506.2093694762792
3003303,8.82757294865403
3003304,857.0579826569996
3003305,664.537931501374
3003306,245.83525070260498
3003307,148.12959439906075
3003308,69.50488560605292
3003309,3413.7978689816728
3003310,11.415442525536948
3003311,1.4668233345728836
3003312,17.216699873054374
3003313,31.229719743297398
3003314,0.45696217575271464
3003315,209.4981921097136
3003316,2.669814184245686
3003317,12.345962294712473
3003318,4.7891783277139535
3003319,116.59956806075883
3003320,2.769169187113478
3003321,225.5284424905193
3003322,256.75678715726474
3003323,5.459715473811214
3003324,6.148174292070414
3003325,223.14776836371965
3003326,66.10371769594879
3003327,1764.0150573044589
3003328,1.064418424450443
3003329,6.730024976800096
3003330,4.119181152771229
3003331,0.1486242516005044
3003332,4.260109768665885
3003333,2280.9954985920635
3003334,0.11563219807721503
3003335,424.0336601068056
3003336,6.951560866788957
3003337,887.370123041127
3003338,610.5784063601482
3003339,205.84414832052045
3003340,130.80995093910974
3003341,56.04601657312593
3003342,3397.336207017577
3003343,8.64467271577838
3003344,0.9571077701734815
3003345,24.027409065183704
3003346,18.70974979832198
3003347,0.2904130567987137
3003348,206.643959464131
3003349,0.47429917111216124
3003350,1.8471810540791906
3003351,3.684066359214116
3003352,58.624703179077564
3003353,1.5789661155797954
3003354,295.2762356177144
3003355,220.21326294668435
3003356,4.032147018585842
3003357,4.783639894283214
3003358,187.5322534084081
3003359,53.29410683949587
3003360,993.1673103318059
3003361,0.9376948252971931
3003362,4.771487242693821
3003363,4.124646498532613
3003364,0.3352088592684033
3003365,3.8419778618539686
3003366,2099.5971683050284
3003367,0.038129546269538565
3003368,390.2472673173672
3003369,5.932213721099653
3003370,849.7663147668817
3003371,559.2250737648012
3003372,182.6098392678652
3003373,128.12470013411274
3003374,52.08304601069354
3003375,3228.9186195433263
3003376,7.400917480409856
3003377,0.8469732268820567
3003378,22.57058572389907
3003379,17.143000124189527
3003380,0.21779618059305633
3003381,197.12746776785872
3003382,0.20530081034344166
3003383,1.444565980923884
3003384,3.3586656001575936
3003385,85.66222856937242
3003386,1.3998060723109995
3003387,191.35861999780676
3003388,203.8315482165286
3003389,3.6825651950254743
3003390,4.381852074175324
3003391,167.76059295703695
3003392,49.522310664338306
3003393,869.5461271437188
3003394,0.80308371635522
3003395,4.370543663838824
3003396,10.90014265621518
3003397,0.9584546724848545
3003398,14.060750818045113
3003399,5392.811769738511
3003400,0.5322371497237979
3003401,899.8825677044427
3003402,36.25643782927592
3003403,1673.7674439170507
3003404,1527.4112853618465
3003405,397.53880623400073
3003406,302.76513683022534
3003407,215.35845716064017
3003408,6045.160371473071
3003409,56.060204640648806
3003410,3.081660414096788
3003411,44.94737393365285
3003412,67.98537713592248
3003413,1.5484951613631934
3003414,465.74558732475475
3003415,34.82031145504133
3003416,31.347010558684108
3003417,19.435998047751426
3003418,237.23860565634737
3003419,16.992249117003233
3003420,642.1587163870242
3003421,518.0119963728047
3003422,15.952629266746278
3003423,22.375415142505787
3003424,862.692076875416
3003425,225.8433054509373
3003426,5072.5828995829115
3003427,1.1685959838531854
3003428,53.528426735197954
3003429,2.1727561318118394
3003430,0.0
3003431,0.643170512261795
3003432,1244.7576610618123
3003433,0.0
3003434,165.35709645699177
3003435,3.29185185689333
3003436,410.4943082549561
3003437,269.6916497474927
3003438,99.9108484950147
3003439,92.7831438106278
3003440,32.79815900784136
3003441,1724.6100642325914
3003442,3.7816471137776064
3003443,0.14349265506611855
3003444,12.025541572197485
3003445,9.702996120328292
3003446,0.0
3003447,104.82958437552102
3003448,0.2752138666118882
3003449,0.34861139726612855
3003450,1.9087539177149364
3003451,33.09684561225866
3003452,0.48576090726729915
3003453,94.23169783199693
3003454,103.74231089908062
3003455,1.2895216051170537
3003456,2.3319964945354488
3003457,106.45045327411148
3003458,28.790995347321875
3003459,470.7132031727025
3003460,0.1156653231083837
3003461,2.2600091204125747
3003462,4.176469581013677
3003463,0.4114061704547526
3003464,1.6808937780807307
3003465,2187.5212412204646
3003466,0.09661663052693159
3003467,283.9623291465134
3003468,6.00231586054435
3003469,953.2511141057271
3003470,529.6693078202796
3003471,182.90338920082576
3003472,159.94254769241593
3003473,54.14295291849119
3003474,3318.163803772541
3003475,7.155487428539332
3003476,0.5940233917644199
3003477,14.377027355393713
3003478,17.542651731795047
3003479,0.2785374966144244
3003480,212.01136733015198
3003481,1.0353107975507967
3003482,1.106393654705559
3003483,5.53427678615496
3003484,26.849351113864728
3003485,1.1456681572721772
3003486,307.5346696185483
3003487,204.23875510473616
3003488,2.7354396151443297
3003489,4.436276152796306
3003490,136.46724535571443
3003491,49.58115191593119
3003492,768.9949648001924
3003493,0.8103566916690048
3003494,4.186804366718733
3003495,1.3308592476366146
3003496,0.0
3003497,0.1835899965388657
3003498,883.1461523067724
3003499,0.0
3003500,107.22895070688325
3003501,2.1530007900145343
3003502,361.1982677950349
3003503,188.82754713873175
3003504,60.43172801058864
3003505,115.85792853745953
3003506,23.82975312430719
3003507,1360.7805881942998
3003508,2.322183851311537
3003509,0.0
3003510,5.923963495108938
3003511,3.914213960156376
3003512,0.0
3003513,77.00150120114232
3003514,0.0
3003515,0.0
3003516,0.7678861276135163
3003517,18.83841540618373
3003518,0.09151141991594068
3003519,97.34207859963782
3003520,73.91164516247085
3003521,0.5216431706900678
3003522,1.4478448767336025
3003523,77.93827078782911
3003524,15.866303068244399
3003525,284.2654859578655
3003526,0.0
3003527,0.9398673397298377
3003528,3.477922813961484
3003529,0.16368263029995678
3003530,2.9238244461537484
3003531,1665.4940451082286
3003532,0.0
3003533,249.31910052930138
3003534,4.652378832782757
3003535,714.7490419813039
3003536,396.18356879284977
3003537,156.55999776917508
3003538,119.32871826958447
3003539,44.335140072655236
3003540,2588.1107850277526
3003541,3.561838897695851
3003542,0.47829342357779653
3003543,12.212846561035377
3003544,8.167530855796553
3003545,0.11108904481469994
3003546,158.80706300520947
3003547,0.5750347457970546
3003548,0.6528684052952518
3003549,5.45370278586979
3003550,38.26148365243908
3003551,1.2074707292877314
3003552,197.39850245958766
3003553,162.81410601827824
3003554,1.7278469692414264
3003555,3.388247098130585
3003556,140.51249575029183
3003557,39.82989658297882
3003558,642.2077625334027
3003559,0.30933650241096217
3003560,1.648080773980124
3003561,3.343731733366586
3003562,0.2726708988025829
3003563,3.388157797920389
3003564,2084.0546725892314
3003565,0.06683851609188593
3003566,397.7873513617895
3003567,5.32126400970588
3003568,804.8869244146217
3003569,482.7605004936495
3003570,151.73247091882928
3003571,123.40115917717797
3003572,55.5371779847841
3003573,2970.0597688792705
3003574,5.118743098365268
3003575,0.8963034772882505
3003576,21.32070811705707
3003577,20.35536770656202
3003578,0.2318314696837735
3003579,177.70632727159682
3003580,2.0587412347633918
3003581,2.289200793492352
3003582,4.0587309069223165
3003583,49.73110975022121
3003584,1.468696045741852
3003585,303.5180740644366
3003586,176.99762869620952
3003587,2.158800984092979
3003588,3.907538802287363
3003589,157.25865052105527
3003590,44.66158133157754
3003591,653.879626013513
3003592,1.0608263634034083
3003593,2.109802932992838
3003594,2.1005336156245678
3003595,0.0
3003596,0.368293207420679
3003597,1200.955338192318
3003598,0.0
3003599,92.52683782515822
3003600,2.384219338730614
3003601,413.426514835113
3003602,191.15587358813286
3003603,73.47145941648674
3003604,101.6892605500031
3003605,30.0890567337435
3003606,1558.674919506082
3003607,2.9105300170102466
3003608,0.0
3003609,9.382991813913966
3003610,4.637654623372468
3003611,0.0
3003612,86.14192002920177
3003613,0.24749309710590955
3003614,0.4583850876188639
3003615,0.7023072929107954
3003616,23.736192364260184
3003617,0.35750375522973954
3003618,158.61620066240994
3003619,72.73902513819516
3003620,0.8214627752975622
3003621,1.5730764972730231
3003622,81.42984106197679
3003623,24.108707989491606
3003624,328.6285155836033
3003625,0.0
3003626,0.6309621523772888
3003627,2.8901495061484943
3003628,0.03754639177515172
3003629,3.354881698939685
3003630,2190.211319830645
3003631,0.00039525138784841457
3003632,360.55551036989857
3003633,4.972268871936926
3003634,773.0385353561234
3003635,498.43116893561756
3003636,160.27726970018153
3003637,105.84158301221198
3003638,54.44681178054441
3003639,2964.749813717261
3003640,6.157284723651028
3003641,0.5902431006432688
3003642,12.166259044141508
3003643,15.390051111231749
3003644,0.07149801638961494
3003645,179.88727346271344
3003646,0.7524530452092715
3003647,5.511443168541315
3003648,1.918317915621663
3003649,57.069714354051364
3003650,1.316518456533532
3003651,272.02841558093337
3003652,196.0948907665528
3003653,2.088380347140375
3003654,3.762313802680543
3003655,152.57542469531467
3003656,44.645193536412066
3003657,1038.3698544099766
3003658,0.46770346288501086
3003659,1.7620370423585294
3003660,5.331889744229681
3003661,0.15186736653766572
3003662,6.311817471597179
3003663,2233.81068671892
3003664,0.10809471118790029
3003665,416.97643363890717
3003666,9.989486572414368
3003667,842.8406948776087
3003668,560.5551474448689
3003669,193.31673809960824
3003670,123.40452900253405
3003671,71.9142734090828
3003672,3192.4428484372556
3003673,20.066134639904604
3003674,0.9724095855311202
3003675,25.855470075497074
3003676,20.16128463388863
3003677,0.15879573044031245
3003678,208.1286491422312
3003679,12.067402249443411
3003680,12.878130465392749
3003681,3.251849961580347
3003682,119.91935191406024
3003683,6.334608128067359
3003684,195.1457468067407
3003685,245.92957644269424
3003686,6.3948160804685985
3003687,7.763065546847705
3003688,199.138664047259
3003689,62.539902057106865
3003690,1460.555799656951
3003691,0.6111893662356878
3003692,8.562426824032316
3003693,5.331889744229681
3003694,0.15186736653766572
3003695,6.311817471597179
3003696,2080.5784883385945
3003697,0.10809471118790029
3003698,416.97643363890717
3003699,9.989486572414368
3003700,899.0885487503783
3003701,606.1567378175491
3003702,186.38504640067816
3003703,118.18624122405532
3003704,71.9142734090828
3003705,3192.4428484372556
3003706,19.15975235930593
3003707,0.9724095855311202
3003708,25.855470075497074
3003709,19.495965732721018
3003710,0.15879573044031245
3003711,213.6420817174715
3003712,12.067402249443411
3003713,10.350175926406758
3003714,4.623435581653243
3003715,104.9019136023929
3003716,6.334608128067359
3003717,186.72601033420443
3003718,233.43278231670968
3003719,5.431504674332015
3003720,7.763065546847705
3003721,199.138664047259
3003722,62.539902057106865
3003723,1705.0711804577545
3003724,0.6111893662356878
3003725,8.562426824032316
3003726,5.331889744229681
3003727,0.2197075070067645
3003728,4.440931553327488
3003729,2644.0496854005887
3003730,0.10809471118790029
3003731,430.50665939033377
3003732,9.989486572414368
3003733,1001.425758170903
3003734,656.4224750656911
3003735,186.38504640067816
3003736,136.53908950292794
3003737,71.9142734090828
3003738,3678.9196600394775
3003739,19.15975235930593
3003740,0.9975656457659011
3003741,22.747265332541666
3003742,19.495965732721018
3003743,0.15879573044031245
3003744,221.49090712493847
3003745,4.706955818034305
3003746,9.398129898860688
3003747,4.623435581653243
3003748,97.3574833785494
3003749,3.335260569672779
3003750,250.54499493682562
3003751,233.43278231670968
3003752,5.431504674332015
3003753,7.763065546847705
3003754,176.20630888058008
3003755,62.539902057106865
3003756,1483.083741862758
3003757,14.411818648424298
3003758,8.562426824032316
3003759,3.9654331221579864
3003760,0.0
3003761,5.691707104123879
3003762,2292.8562444068743
3003763,0.0
3003764,383.4105651620953
3003765,10.576846663266316
3003766,730.6867610934006
3003767,662.5176303843471
3003768,194.9885807579572
3003769,110.07342632284295
3003770,78.59861091429235
3003771,2816.5726328392493
3003772,19.343855078326477
3003773,0.8473631800582826
3003774,14.064848236910619
3003775,12.155040423033912
3003776,0.1070109048152824
3003777,194.66552750282494
3003778,13.215479175163356
3003779,10.859616304025892
3003780,2.4016275527037996
3003781,70.83418708866606
3003782,6.162630402428715
3003783,242.45205951734556
3003784,203.63474437265543
3003785,5.748762592017964
3003786,7.848193787194983
3003787,297.54739373762584
3003788,73.27809168304756
3003789,1938.047244978635
3003790,0.180741594871751
3003791,17.6565490222607
3003792,4.191321443594873
3003793,0.06731784679832607
3003794,3.3006222760116146
3003795,2435.0394758757093
3003796,0.0
3003797,398.95254243360716
3003798,8.009941676489689
3003799,919.0249504477761
3003800,587.5079878233547
3003801,186.21701400116586
3003802,104.44812452712884
3003803,61.88089083166901
3003804,3461.9357634767875
3003805,12.579548004513253
3003806,0.6377425682914419
3003807,18.191509824796178
3003808,13.531510521203202
3003809,0.0
3003810,210.73050365071282
3003811,0.5779354830715573
3003812,1.0224479675102358
3003813,5.320442991847498
3003814,49.88432351071316
3003815,2.2311655469701375
3003816,235.5066085935571
3003817,215.2975419303602
3003818,3.5529873437365103
3003819,6.184567628713866
3003820,163.08752842037455
3003821,51.09440931494107
3003822,1275.5121451217544
3003823,0.3438402708217496
3003824,4.802195624932336
3003825,4.953922990993383
3003826,0.12021822528801035
3003827,4.6301045823814295
3003828,2088.398782989393
3003829,0.08398758406276519
3003830,403.2020563152286
3003831,9.666178054763856
3003832,863.3794461269647
3003833,549.0903321128616
3003834,195.04505041427205
3003835,118.58139843768657
3003836,74.54674988129035
3003837,3008.5110263757742
3003838,15.394435398976189
3003839,0.7512057342575644
3003840,23.79969928549317
3003841,15.422782501094218
3003842,0.12470418963904908
3003843,201.18634466933452
3003844,5.5342582891709124
3003845,10.034122350937647
3003846,4.3985730166737715
3003847,70.13435007242421
3003848,5.91419573536178
3003849,191.866861857772
3003850,247.87477225013942
3003851,8.559905216132753
3003852,7.505257894656073
3003853,193.25062420378728
3003854,60.670570727533324
3003855,1403.2557969935501
3003856,0.576137175766453
3003857,6.550459299084784
3003858,4.953922990993383
3003859,0.12021822528801035
3003860,2.8327904329090483
3003861,330.0546168600451
3003862,0.08398758406276519
3003863,396.1518970027436
3003864,9.666178054763856
3003865,87.55530334635642
3003866,347.02358456717866
3003867,148.50037514261444
3003868,118.58139843768657
3003869,74.54674988129035
3003870,35.76024556292808
3003871,15.394435398976189
3003872,0.7512057342575644
3003873,18.609974392496635
3003874,15.422782501094218
3003875,0.12470418963904908
3003876,131.54829739451435
3003877,5.5342582891709124
3003878,10.034122350937647
3003879,3.422515827763483
3003880,38.46168147697163
3003881,5.91419573536178
3003882,191.866861857772
3003883,91.64020225187352
3003884,5.721739378954192
3003885,7.505257894656073
3003886,193.25062420378728
3003887,60.670570727533324
3003888,1472.5107896296433
3003889,0.576137175766453
3003890,7.3513651761178584
3003891,3.4065273812618706
3003892,0.0
3003893,3.3368974831295017
3003894,2781.5605560139456
3003895,0.0
3003896,350.87759596285525
3003897,6.06505045272887
3003898,821.3095849305162
3003899,517.2210395626673
3003900,177.39165695086342
3003901,98.11838587379428
3003902,46.17920240587873
3003903,3458.5069684242017
3003904,5.6978967972251695
3003905,0.3674682589363287
3003906,11.028679118870157
3003907,9.507664660559508
3003908,0.0
3003909,178.87922098940962
3003910,0.4063697117596994
3003911,4.007083991346646
3003912,1.8691394294201809
3003913,83.60647133906625
3003914,2.406459305263158
3003915,228.041190273685
3003916,196.51823447528207
3003917,2.7440495759005303
3003918,4.6337027031325
3003919,127.66749958865329
3003920,41.12915820671614
3003921,938.0209829252191
3003922,0.67920411258569
3003923,1.1011139431473307
3003924,16.52313455776605
3003925,0.23016567132189417
3003926,12.206970828575056
3003927,7406.0069347097815
3003928,0.4634247893099768
3003929,1254.5511967583834
3003930,36.2145747770376
3003931,2280.242087813593
3003932,2053.7425566179027
3003933,628.0418270399633
3003934,271.24558057674386
3003935,211.79753451569783
3003936,7708.28719924324
3003937,61.99055792866616
3003938,2.4184420688186234
3003939,67.49479068620055
3003940,82.0318011430369
3003941,0.9567571342376127
3003942,673.3761885850076
3003943,30.45634796448087
3003944,26.48453235128554
3003945,66.17258064182765
3003946,356.473768445124
3003947,16.254700029957334
3003948,629.5210687025325
3003949,787.6427411429916
3003950,24.355619662942246
3003951,31.67882833861041
3003952,869.8971819661522
3003953,231.43384603236652
3003954,4743.158370823969
3003955,239.60655612665983
3003956,51.77174073863927
3003957,14.370415497365718
3003958,0.10169233498184024
3003959,10.957431051517982
3003960,6679.480341511655
3003961,0.31706031203806756
3003962,1100.3065903690333
3003963,32.00334459457305
3003964,2107.733579894831
3003965,1650.6025604655636
3003966,550.7639675112383
3003967,237.8001802412441
3003968,185.6553333559674
3003969,7146.2869299174035
3003970,54.25216076968359
3003971,1.464319466492697
3003972,53.155472163956965
3003973,70.5187730730513
3003974,0.817745325776289
3003975,555.0032173847578
3003976,26.094671930614993
3003977,23.884161920207013
3003978,9.262851679273579
3003979,249.45596092368828
3003980,14.622195929776339
3003981,697.7766840398633
3003982,729.563106647552
3003983,20.50459178344741
3003984,27.664230584757085
3003985,774.2308727552305
3003986,208.18696746140301
3003987,4160.33797891502
3003988,210.04801351981814
3003989,48.71157752980611
3003990,12.306287879936724
3003991,0.0
3003992,13.679423064473946
3003993,5220.69360783318
3003994,0.10188225780794985
3003995,921.2123300187914
3003996,24.67090281788245
3003997,1764.8117413535479
3003998,1382.0192780754815
3003999,461.0362200215705
3004000,151.207347737222
3004001,150.9076063125219
3004002,6231.758258882609
3004003,43.96642734612187
3004004,1.2864697796348619
3004005,42.37487015726928
3004006,41.76157574164495
3004007,0.5207665931310298
3004008,476.8607172217205
3004009,20.07221475139214
3004010,19.855563742363557
3004011,27.336735912899037
3004012,245.79004385171658
3004013,11.057333962803252
3004014,575.0920261544172
3004015,513.7778072590864
3004016,17.527658121993433
3004017,22.842986440957166
3004018,610.6087781733432
3004019,143.88783972149184
3004020,2991.864157759651
3004021,163.29896259171167
3004022,35.18002411014245
3004023,13.657746159457249
3004024,0.09923880230328269
3004025,14.898012513657347
3004026,5751.03694048163
3004027,0.21379535587166051
3004028,1014.8771823146026
3004029,28.587437392530575
3004030,1891.1701688696824
3004031,1522.4861664335672
3004032,507.9631075668211
3004033,198.45286912701067
3004034,166.33616115257993
3004035,6776.423050950952
3004036,48.53345994647649
3004037,1.4708217931123717
3004038,49.816103986312896
3004039,62.05258399314309
3004040,0.6752238408660716
3004041,544.6435261648959
3004042,30.124999055980688
3004043,21.973767147250307
3004044,36.90355113649621
3004045,283.0224980199089
3004046,12.281941754247786
3004047,577.7301071739774
3004048,566.0614145289019
3004049,19.40942689139216
3004050,24.697429707503613
3004051,672.7270604882852
3004052,158.6034292503113
3004053,3464.1684575722825
3004054,205.0935713695632
3004055,38.85466226453181
3004056,10.265839960696404
3004057,0.0
3004058,11.015831309658836
3004059,4410.3013609766695
3004060,0.0
3004061,747.4348668712903
3004062,21.885447721934238
3004063,1518.1630322090869
3004064,1110.500567648245
3004065,410.46537026595615
3004066,138.34888079742885
3004067,117.83330763942587
3004068,4992.182057019583
3004069,34.17604828341714
3004070,0.8818596796560806
3004071,28.33176379162964
3004072,32.45125111641385
3004073,0.2802947384322122
3004074,386.81483464829637
3004075,5.715966476358103
3004076,15.766704276248038
3004077,10.511987000365249
3004078,96.46129045236714
3004079,7.033484426366962
3004080,482.2775433741823
3004081,457.74741142930367
3004082,13.493697523739232
3004083,17.248957959480588
3004084,498.5502450030782
3004085,103.61482573335499
3004086,2489.666052758516
3004087,136.75221512059983
3004088,24.44622473395177
3004089,13.514087690980283
3004090,0.18375459312909348
3004091,9.191918097049319
3004092,5448.187104026016
3004093,0.2712952385878742
3004094,963.2289724205868
3004095,28.483944050538938
3004096,1768.4511704738484
3004097,1664.577075488401
3004098,464.8541765492238
3004099,226.06391453816565
3004100,159.17652735079793
3004101,6431.852098507163
3004102,44.31825866414252
3004103,1.3773878959579675
3004104,47.46059450436637
3004105,56.68693149906029
3004106,0.49373509487923556
3004107,498.6323876058732
3004108,22.14250258412971
3004109,20.601000635833206
3004110,10.09123821433461
3004111,218.28216533884213
3004112,12.180213720339214
3004113,528.4812985399557
3004114,537.2314462313009
3004115,17.672624283674924
3004116,22.510628325714382
3004117,615.3941955444282
3004118,168.39202825575876
3004119,4243.48909540402
3004120,190.72417522354175
3004121,40.382065238535816
3004122,4.010751277891229
3004123,0.0
3004124,5.484460212214306
3004125,1970.1655916746759
3004126,0.0
3004127,358.2192501323639
3004128,15.004438170561325
3004129,682.7376322914508
3004130,487.85778395700817
3004131,168.15414068856668
3004132,93.27902746609396
3004133,74.33127856451932
3004134,2580.6983692992194
3004135,18.253208019317967
3004136,0.7483248605512933
3004137,15.824642480542952
3004138,18.252076587796147
3004139,0.06814161607075025
3004140,182.68437847846232
3004141,11.317827649716289
3004142,8.362137247593727
3004143,7.468445616573642
3004144,77.28570746077602
3004145,5.7786372136698985
3004146,229.4004391779421
3004147,202.47959877290162
3004148,3.8019979478393653
3004149,7.373836469253677
3004150,260.9794444875945
3004151,69.29599576607518
3004152,1732.0245229185175
3004153,0.11744128414215677
3004154,12.540497573838447
3004155,9.992444023877265
3004156,0.0
3004157,10.009350704745497
3004158,3657.648960892632
3004159,0.12303849343631347
3004160,612.4814550251749
3004161,21.330070720193408
3004162,1100.0314830717193
3004163,1029.9337941661747
3004164,334.93760875136155
3004165,124.75317270377865
3004166,114.94949750358711
3004167,4587.38153186687
3004168,33.322406769993265
3004169,0.8835381143395935
3004170,35.359983658377246
3004171,29.7855973476885
3004172,0.22923936222637645
3004173,333.1021606256978
3004174,7.9865128338918305
3004175,13.878838574172788
3004176,4.085247587123892
3004177,204.7498349395952
3004178,9.342648651206625
3004179,357.9577286905224
3004180,373.284997831584
3004181,12.012371212218834
3004182,16.80609786429805
3004183,412.7064363769682
3004184,87.71752376413863
3004185,2483.253605703226
3004186,168.61759893659462
3004187,24.31882403117801
3004188,10.316097825338566
3004189,0.0
3004190,6.123540272179962
3004191,3657.648960892632
3004192,0.12303849343631347
3004193,649.1410067039433
3004194,20.863256858607343
3004195,1247.8394905447726
3004196,1103.288810552161
3004197,315.832222288871
3004198,149.41019930573557
3004199,112.5255538736341
3004200,4343.108212919628
3004201,32.60489111838634
3004202,0.9728332370821898
3004203,33.33273456382288
3004204,32.06454971071882
3004205,0.4988744764690728
3004206,297.0540637709062
3004207,6.998502249645668
3004208,20.827067502122212
3004209,4.085247587123892
3004210,151.48834930221227
3004211,9.342648651206625
3004212,350.45365736106385
3004213,332.43317229733947
3004214,15.416689462786737
3004215,12.588272942892631
3004216,404.0578341603395
3004217,85.86286909789797
3004218,2462.7172201471994
3004219,2.5941070249355302
3004220,27.72175900299101
3004221,5.283490258911656
3004222,0.528952006643055
3004223,2.591190190010977
3004224,3247.229005168234
3004225,0.6808585107977696
3004226,609.1723773796998
3004227,6.154333868123128
3004228,1176.7578932599347
3004229,602.9291885025831
3004230,285.31791564951726
3004231,49.40428029204341
3004232,21.64485958375902
3004233,4522.5850385412905
3004234,9.335865221574345
3004235,1.9304415774623995
3004236,9.627718128126197
3004237,45.11287211831023
3004238,0.9765521783009009
3004239,244.6800965770042
3004240,5.248764472618534
3004241,8.434132252638442
3004242,6.188613112162341
3004243,164.67758112698908
3004244,4.491503625492981
3004245,76.99970881772154
3004246,294.67607483224305
3004247,4.638169465123553
3004248,10.366723271986332
3004249,109.45457558659942
3004250,70.82391042644979
3004251,2145.554317260782
3004252,3.627416144809311
3004253,6.725732735460007
3004254,5.042982523831027
3004255,0.2836896641509561
3004256,3.3307253906171628
3004257,2086.11311152223
3004258,0.3285859917974663
3004259,397.36488182901417
3004260,7.320326262235223
3004261,711.2437886818064
3004262,454.0182511951442
3004263,212.92481563721893
3004264,82.90993836410259
3004265,62.112187078879714
3004266,2822.1072141098775
3004267,11.10436108098867
3004268,1.4140663032879144
3004269,14.883463899273856
3004270,22.46810102635134
3004271,0.2769315295878273
3004272,201.90164731638316
3004273,3.5337395823057105
3004274,7.618084351930721
3004275,4.515543040105196
3004276,87.500701085201
3004277,3.4585216352020405
3004278,129.80189574846878
3004279,227.08918330619738
3004280,5.214683135675786
3004281,5.827099384605067
3004282,115.29660004924986
3004283,66.82499599765661
3004284,1283.820036801789
3004285,0.9444698360328542
3004286,3.6229152709213794
3004287,4.094570162618644
3004288,0.0
3004289,0.42629508220155443
3004290,1485.8824976065875
3004291,0.0
3004292,204.91277502552518
3004293,3.5418679677666884
3004294,742.1680741876016
3004295,183.33319970763503
3004296,148.20143369694208
3004297,41.755053440376535
3004298,31.65445787852889
3004299,2318.3446112743395
3004300,5.1978402269647415
3004301,0.38159617249014
3004302,17.49790077969903
3004303,7.223185783819058
3004304,0.0
3004305,158.6395160922791
3004306,0.13512425688942145
3004307,0.24819388160609201
3004308,2.061556220855583
3004309,21.110230932616073
3004310,0.8314737506379628
3004311,88.19655869204337
3004312,147.62056380089024
3004313,0.2255809590133617
3004314,2.7267509747108534
3004315,60.59138941408574
3004316,48.27395724166582
3004317,449.5031186082236
3004318,0.16617393360440783
3004319,1.2079027411761762
3004320,4.636268378202181
3004321,0.1715769831362596
3004322,5.605706093109003
3004323,3042.534293298806
3004324,0.13562764598315322
3004325,540.993880744221
3004326,17.16183908300392
3004327,1047.831568876724
3004328,855.1634763923919
3004329,263.8167094014303
3004330,146.13084811306862
3004331,109.75988733335974
3004332,3785.438464113381
3004333,27.0418097056963
3004334,1.2171908262470463
3004335,28.813236544821535
3004336,27.225208345171637
3004337,0.2493180972030794
3004338,263.1579705558022
3004339,15.716628788808906
3004340,14.725506519189981
3004341,23.3332406199448
3004342,95.53548088191013
3004343,8.233825507986442
3004344,340.56990195385964
3004345,309.13693512825415
3004346,7.9862890465048455
3004347,11.37817257358292
3004348,443.50297790792763
3004349,101.81548262027626
3004350,2466.4407435359144
3004351,0.39757793782817147
3004352,25.46165363266123
3004353,4.940885915008052
3004354,0.21111110903335265
3004355,5.311615459259791
3004356,1593.0625291931633
3004357,0.18638703362304343
3004358,508.84105532734105
3004359,18.34624349984979
3004360,429.07757016086094
3004361,651.7090478752526
3004362,180.20948122606694
3004363,168.84478299705972
3004364,116.98297191017149
3004365,757.0507535371825
3004366,28.870525570867635
3004367,1.7457189579165817
3004368,22.839228310706968
3004369,21.444688555384456
3004370,0.33769415369157996
3004371,197.79914158519233
3004372,16.620095044077857
3004373,18.00210369832227
3004374,6.832519618695425
3004375,59.10994581143231
3004376,10.14618605543839
3004377,362.84500849383323
3004378,129.50764021080883
3004379,7.287184225853704
3004380,12.047162796636417
3004381,472.4907521046486
3004382,108.52048155673063
3004383,3166.1447829616077
3004384,0.4600457727334792
3004385,26.891799113413267
3004386,5.0380057692843465
3004387,0.2937122474673131
3004388,7.290686699007822
3004389,1795.895073326846
3004390,0.32514367682303
3004391,601.438169096387
3004392,22.518496808218867
3004393,507.1880739690161
3004394,770.2537851667323
3004395,209.94044884624066
3004396,190.55096656026373
3004397,130.6314411291034
3004398,865.6253138969968
3004399,31.568136128707586
3004400,2.113087919915316
3004401,34.22395071373769
3004402,34.737570044985446
3004403,0.4941472715477767
3004404,233.90495640376128
3004405,19.64360338958101
3004406,19.862437356438335
3004407,12.035087538813414
3004408,70.02708838516794
3004409,12.061894776126934
3004410,410.23207348966355
3004411,146.76247160786687
3004412,12.361962669725749
3004413,16.365442705560252
3004414,527.8695025520867
3004415,121.83295072934064
3004416,3492.3070030268973
3004417,0.5653678840231158
3004418,28.25812828448045
3004419,7.08883101333202
3004420,0.20591553966752163
3004421,4.915807480805289
3004422,2974.491254889087
3004423,0.04552235587277784
3004424,472.2556318259101
3004425,13.225863899151042
3004426,1420.6997183725805
3004427,715.1817798426492
3004428,336.35740053139244
3004429,122.5473064251862
3004430,68.9504578638747
3004431,4351.853769752746
3004432,16.59809646594095
3004433,1.3376513252223574
3004434,26.383942176418405
3004435,21.561828094435818
3004436,0.183437683049477
3004437,294.85839378373436
3004438,9.91086110104157
3004439,4.245077979485871
3004440,7.485479311720824
3004441,76.4717521261545
3004442,3.717741925039527
3004443,462.24972225589306
3004444,307.13345405099966
3004445,4.763110370685265
3004446,10.220698848132608
3004447,335.0436702332863
3004448,74.72129514819154
3004449,959.7728947729433
3004450,57.57026012550055
3004451,12.36162135336761
3004452,4.75971097427902
3004453,0.03320968756412109
3004454,3.87969433439737
3004455,2242.7468636976064
3004456,0.0978734251502616
3004457,389.9269110293199
3004458,14.341376080071658
3004459,608.4663609133764
3004460,654.677225569826
3004461,243.87860222220044
3004462,166.88712003130524
3004463,96.53351912663902
3004464,2730.0653222615047
3004465,21.13099540746144
3004466,1.2474727162808295
3004467,17.957215226015315
3004468,20.668558637479272
3004469,0.19409495048212677
3004470,192.7578549572572
3004471,13.03199479149637
3004472,12.392634489616793
3004473,4.944599800356766
3004474,132.21623043987407
3004475,6.8025689230909565
3004476,473.2121063692407
3004477,190.65426816715285
3004478,6.145007684096364
3004479,8.607058789552848
3004480,467.62490521474325
3004481,79.80317617204318
3004482,1938.8991770891512
3004483,0.22295420126978413
3004484,53.58582087628456
3004485,1.8374518969388989
3004486,0.0
3004487,0.6301701842443346
3004488,1227.1193378960502
3004489,0.0
3004490,114.71226310677456
3004491,2.905275702696436
3004492,560.6747389334006
3004493,296.24969801363716
3004494,207.45363902223397
3004495,45.24522712794646
3004496,31.054814859306727
3004497,2221.7369911882756
3004498,4.033077937293
3004499,0.07300699151964064
3004500,7.298296739558301
3004501,9.327141272297098
3004502,0.0
3004503,134.31395088679608
3004504,2.1050623788254756
3004505,0.23235969514279328
3004506,1.3613947182143384
3004507,22.776335776290217
3004508,0.4238031841238065
3004509,128.62569201100226
3004510,139.64141114105973
3004511,0.5622135610764464
3004512,2.5045867623678695
3004513,112.4434824340168
3004514,29.532804171290188
3004515,237.57944968976872
3004516,4.303915279505571
3004517,2.012011167408857
3004518,5.151724684072464
3004519,0.6098997860150491
3004520,6.037395549175115
3004521,3306.869119224279
3004522,0.3105254872059174
3004523,467.0074796888617
3004524,8.736177006432204
3004525,1481.0628894010545
3004526,721.7874326955887
3004527,435.8774471173093
3004528,102.85140089083293
3004529,68.4962956116034
3004530,4973.539394418532
3004531,10.885694731661665
3004532,0.7459211679787728
3004533,21.315457199925106
3004534,21.389711680832622
3004535,0.4154480338427106
3004536,302.25201878354744
3004537,5.089546276392855
3004538,1.5350365238255033
3004539,4.695744596452266
3004540,66.84411519954038
3004541,2.5278828849295003
3004542,309.8203390401354
3004543,314.83383794078566
3004544,1.8057130217074189
3004545,6.5981033957934505
3004546,381.99566340444187
3004547,87.08427636846017
3004548,783.6956022017488
3004549,9.756650271388015
3004550,5.530177116743554
3004551,2.7903818968653202
3004552,0.041343674493007465
3004553,2.063489121551763
3004554,1523.937217553752
3004555,0.0
3004556,147.22670997332057
3004557,4.6276833584483565
3004558,660.4020611791302
3004559,329.311713682593
3004560,220.20154859377243
3004561,51.86281535985705
3004562,38.85911146892027
3004563,2437.9007100630324
3004564,5.816956602155395
3004565,0.34508851902622456
3004566,9.318659964064615
3004567,8.111036600641683
3004568,0.0
3004569,158.22528712073847
3004570,2.0880970401295516
3004571,0.32110227989250106
3004572,5.182603151154245
3004573,45.25022574603872
3004574,1.0740017171736314
3004575,149.4541372696693
3004576,156.64331769319983
3004577,0.7678309169617191
3004578,3.357838752987405
3004579,123.8089653711795
3004580,36.96654107234142
3004581,279.0618755063539
3004582,15.5390690688227
3004583,2.745337148079817
3004584,2.984877125412895
3004585,0.0
3004586,0.6628979480349633
3004587,1412.6477729770452
3004588,0.0
3004589,136.15829076750205
3004590,3.6339619698232886
3004591,619.9385724641996
3004592,299.24414319142056
3004593,204.0583282702507
3004594,46.06295974629775
3004595,32.55136931985406
3004596,2224.8503886555427
3004597,5.3181728569506275
3004598,0.23970786148153145
3004599,8.563663245918667
3004600,11.16666581981073
3004601,0.0
3004602,141.09744693418529
3004603,1.4741748063930797
3004604,0.22443973949214183
3004605,2.0592428757462735
3004606,36.3752023939961
3004607,0.922250957351293
3004608,123.88324218517344
3004609,152.5264177523772
3004610,0.6758422186738797
3004611,3.0389839822930638
3004612,94.80832031792788
3004613,32.87749828476393
3004614,212.10293678635114
3004615,2.853987351513551
3004616,2.193048254328051
3004617,2.6412399645914473
3004618,0.03711389005320189
3004619,2.075487043450716
3004620,1495.0716417207273
3004621,0.0
3004622,159.45360178943014
3004623,4.013388525305782
3004624,741.869435733656
3004625,350.0510050720526
3004626,220.8484045969989
3004627,47.80283144832218
3004628,36.70525199721928
3004629,2445.0327467761877
3004630,5.835501781889384
3004631,0.3291928427282292
3004632,9.346731347647573
3004633,12.749127080328758
3004634,0.0
3004635,158.69090697509426
3004636,0.8340561965807343
3004637,0.3246962706800975
3004638,2.2668245586824014
3004639,39.43546581375736
3004640,1.1611916215529046
3004641,134.10862140243412
3004642,185.87412987004396
3004643,0.7718247793788782
3004644,3.369694029123436
3004645,111.77412025502593
3004646,38.41662416239439
3004647,284.69142939043
3004648,0.09100151731755973
3004649,2.6579443857250786
3004650,2.6412399645914473
3004651,0.3161320089307767
3004652,0.8002586940664931
3004653,1566.2497565784925
3004654,0.0
3004655,169.01476252913386
3004656,4.0522008871812725
3004657,781.9005587239087
3004658,352.7687514778693
3004659,227.16715663707726
3004660,60.589617422759154
3004661,36.997156340506415
3004662,2528.2956789505697
3004663,5.888420474988892
3004664,0.3394831111472588
3004665,14.949347988002176
3004666,9.03303950239952
3004667,0.0
3004668,159.71496017148158
3004669,11.628351737624499
3004670,0.33495172779722016
3004671,2.292115472465627
3004672,38.5909904346717
3004673,1.1779230100887401
3004674,121.75646933974674
3004675,174.64259141956867
3004676,0.7855417901730934
3004677,3.403523074107171
3004678,122.63572198928063
3004679,42.009688323550506
3004680,701.8482656779684
3004681,9.474481768800974
3004682,2.686263248406985
3004683,2.5602798587449582
3004684,0.005983545184187088
3004685,0.6435424103058224
3004686,1251.8197479119517
3004687,0.0
3004688,148.9838059202014
3004689,3.503954729225805
3004690,671.249862587161
3004691,274.96174017452347
3004692,203.1040188793272
3004693,70.09801577930321
3004694,31.80561332306138
3004695,2134.558891782283
3004696,5.140914557443825
3004697,0.21074938505287819
3004698,13.21858372276815
3004699,7.757627698868797
3004700,0.0
3004701,144.16707892711364
3004702,0.426487435224983
3004703,0.23877435530304345
3004704,1.9348672751691778
3004705,40.672030052133486
3004706,0.9415828586839252
3004707,83.4192484870049
3004708,110.3454104843257
3004709,0.6559784477652859
3004710,2.925669033708067
3004711,92.75597486471088
3004712,31.825041062347097
3004713,167.03785876631238
3004714,0.003738542508184916
3004715,1.6310976824166563
3004716,4.040465838323727
3004717,0.3772955405451359
3004718,3.8252037929477543
3004719,2152.1326742821875
3004720,0.16665402878593225
3004721,299.4068534454593
3004722,6.142649160859078
3004723,882.166354121767
3004724,534.6101019833434
3004725,354.64489223142306
3004726,112.49316125596445
3004727,52.719233045376676
3004728,3382.0510216531143
3004729,8.73864100498475
3004730,0.8280793362966057
3004731,23.204220125332004
3004732,13.171491128079854
3004733,0.2552169357624944
3004734,225.9403891465413
3004735,1.1480739711882222
3004736,0.5058277833482492
3004737,3.4050428130933685
3004738,60.838629914627724
3004739,2.05122761758857
3004740,168.0428968266421
3004741,224.38579064955707
3004742,1.716755970139873
3004743,5.225568043008549
3004744,261.0123135799985
3004745,51.05597438130556
3004746,222.65219661964701
3004747,12.39714639592215
3004748,4.9381399327854485
3004749,1.6349738630357886
3004750,0.021557046321178257
3004751,2.4142757107709243
3004752,1425.4250328159542
3004753,0.0
3004754,189.29279961938468
3004755,2.7339195335082795
3004756,432.61388137454344
3004757,390.76843223198034
3004758,193.91575859733632
3004759,52.92839495180657
3004760,27.082478794057202
3004761,2087.8716402478267
3004762,4.091010500362267
3004763,0.12233242277084404
3004764,11.152388400339523
3004765,5.559648662025123
3004766,0.0
3004767,132.1914159863806
3004768,1.2869930460811072
3004769,0.19834724305886015
3004770,3.492438385974302
3004771,60.96409834247644
3004772,0.710890097654789
3004773,87.36953352275634
3004774,133.2388658313962
3004775,0.8455888158909237
3004776,2.25450258012934
3004777,159.61741230497807
3004778,36.687225867821894
3004779,349.90267241336846
3004780,19.132827338610163
3004781,1.809606164327609
3004782,3.4598420754443673
3004783,0.1783888414093021
3004784,1.3908334186628768
3004785,1677.1039481562964
3004786,0.0
3004787,202.57667605127776
3004788,4.690572088238852
3004789,685.5254161270636
3004790,412.40982724735454
3004791,263.4905258302697
3004792,72.0218800280261
3004793,41.798289722080035
3004794,2700.8131318713527
3004795,6.758807332163464
3004796,0.6431934200482342
3004797,10.744316307070594
3004798,8.997042852635062
3004799,0.05049264100295276
3004800,154.77398061821683
3004801,3.092685247109133
3004802,0.4717504486765626
3004803,2.673314911601553
3004804,46.86754315739758
3004805,1.4651574144600974
3004806,133.67703211129466
3004807,173.13080851604968
3004808,1.1567841459164616
3004809,3.7687142572873213
3004810,130.2995177879952
3004811,40.47316607171918
3004812,481.29077799984435
3004813,0.17449631656437276
3004814,3.0564469365834617
3004815,5.307949678876044
3004816,0.1315558620886429
3004817,6.963517110512023
3004818,2717.3872859937583
3004819,0.11995776347083136
3004820,504.5836562021608
3004821,15.801646601706143
3004822,927.857692600932
3004823,821.4136101612291
3004824,310.17228551599436
3004825,200.57069468094943
3004826,105.81725756760667
3004827,3374.4895707694295
3004828,23.982850031193777
3004829,1.1773458887604824
3004830,20.252477326945204
3004831,24.227146856563845
3004832,0.30775500595046773
3004833,234.3925436137174
3004834,16.181784667219958
3004835,13.66741383471198
3004836,11.061416122888971
3004837,124.51704468312006
3004838,7.545257279855224
3004839,585.107555295133
3004840,255.20458644357325
3004841,7.013876250589719
3004842,9.083840241095132
3004843,626.3741377015655
3004844,94.68318588108421
3004845,2170.935744323954
3004846,0.33936122760838594
3004847,69.68772330010839
3004848,3.880362746800259
3004849,0.4053768431681135
3004850,4.43736291623824
3004851,2265.3970171209685
3004852,0.13200963383840925
3004853,310.3380510306158
3004854,5.915773263074727
3004855,959.5755398531467
3004856,543.7487236204481
3004857,322.26776907262695
3004858,92.03711786854765
3004859,51.01291947026175
3004860,3356.356812047624
3004861,8.429307188994867
3004862,0.699472509858468
3004863,22.301873189781492
3004864,17.68229824408426
3004865,0.18180912392069193
3004866,208.2575993058077
3004867,3.0882290130238235
3004868,1.468561915235829
3004869,3.1368795123176954
3004870,58.53325102147732
3004871,1.5151457740004588
3004872,162.67349422574534
3004873,224.39799922146258
3004874,1.8903966983270115
3004875,4.706924490761598
3004876,248.09824849125317
3004877,61.38718498385841
3004878,641.4617745224857
3004879,38.051323215482455
3004880,4.234857370028671
3004881,3.880362746800259
3004882,0.4053768431681135
3004883,1.9866432682367616
3004884,2229.615090380844
3004885,0.13200963383840925
3004886,297.49744562418255
3004887,5.915773263074727
3004888,944.409951769624
3004889,454.73789289995034
3004890,294.8344699354567
3004891,105.04330577051682
3004892,51.01291947026175
3004893,3346.8996752368957
3004894,8.429307188994867
3004895,0.699472509858468
3004896,23.513627814993004
3004897,18.288743741755844
3004898,0.18180912392069193
3004899,204.95383565292113
3004900,3.0882290130238235
3004901,1.2341427318894427
3004902,4.568739371621894
3004903,93.83123784140048
3004904,1.5151457740004588
3004905,162.67349422574534
3004906,210.16425364011937
3004907,1.793904805651311
3004908,5.145915671596995
3004909,223.66407901643095
3004910,71.26422733675174
3004911,641.4617745224857
3004912,0.5136922068233417
3004913,3.779891035465554
3004914,2.7828702392996396
3004915,0.0698763627182314
3004916,1.0630084724835838
3004917,1426.2760049246144
3004918,0.0
3004919,149.4520308835632
3004920,4.264795972732062
3004921,474.11771334967335
3004922,312.20971718425545
3004923,165.66902010504182
3004924,57.03117519824351
3004925,38.59606518900301
3004926,2022.3676931085085
3004927,6.1782831255231825
3004928,0.46132779009477837
3004929,13.612556182596318
3004930,13.225496365408972
3004931,0.0
3004932,127.1236825163508
3004933,0.8832462665733158
3004934,0.5725665082678626
3004935,3.3735983201634547
3004936,46.81436957629648
3004937,1.4974739852644539
3004938,123.60031878771778
3004939,127.54568906171852
3004940,1.1269261164947555
3004941,3.423555365466744
3004942,107.77004722976808
3004943,37.37008903939749
3004944,413.5336595334065
3004945,9.414895531061944
3004946,2.2663250704290627
3004947,2.8464225996160106
3004948,0.021946253994341032
3004949,3.343307560104197
3004950,1739.379159879066
3004951,0.07100336313813332
3004952,243.95186648170747
3004953,5.450711928322344
3004954,450.1442198113781
3004955,435.626007587745
3004956,207.82541292007602
3004957,75.45437478461807
3004958,54.15087661219276
3004959,2250.368556108877
3004960,8.418935911116064
3004961,0.39788920175163833
3004962,11.153205014765739
3004963,16.31824442176432
3004964,0.1032694919249881
3004965,137.1209736695181
3004966,4.224298188958182
3004967,1.129157583660967
3004968,6.44731912660006
3004969,92.34436229849761
3004970,3.0570773294762192
3004971,339.3524814834635
3004972,164.78938170734992
3004973,2.5351772178870164
3004974,4.008036215860063
3004975,316.3875287090704
3004976,46.0131021865201
3004977,1029.337652780289
3004978,0.21354881124306557
3004979,14.077435187178253
3004980,4.4663805537281025
3004981,0.5205150159318964
3004982,3.536891101922439
3004983,3008.1343518553067
3004984,0.6292244043238019
3004985,565.967936207471
3004986,11.010956167266905
3004987,1020.2609203865112
3004988,1011.663427563448
3004989,377.8015497414174
3004990,233.12726939875802
3004991,136.42704526938763
3004992,3728.9265054269545
3004993,15.195876839635334
3004994,1.2353900850420496
3004995,33.082197658906004
3004996,49.19048329245015
3004997,0.4533737757087605
3004998,233.42336317775042
3004999,8.241838250939598
3005000,16.03893015369274
3005001,6.526048935461026
3005002,177.17033209944145
3005003,7.3137713900292045
3005004,556.1758771173174
3005005,291.50932844017666
3005006,9.082659326419485
3005007,8.324754250562885
3005008,549.0912017693305
3005009,86.53643255565294
3005010,2152.328678055649
3005011,0.8525412855534734
3005012,47.45191726338355
3005013,2.1180156248317616
3005014,0.0
3005015,3.4757613884649197
3005016,1402.4099167099964
3005017,0.0
3005018,252.21790704867365
3005019,3.537526983894476
3005020,382.08920515144104
3005021,360.1749521650199
3005022,167.99831219384214
3005023,92.05049750133176
3005024,37.79394919412301
3005025,1790.1722480978688
3005026,5.1185160585262075
3005027,0.4003126174909035
3005028,7.78371306083936
3005029,11.400911422293616
3005030,0.0
3005031,99.37418341044561
3005032,0.6678875130775868
3005033,5.592167396839234
3005034,1.9260882380745976
3005035,58.85865379692011
3005036,2.529897530613611
3005037,243.52228750313992
3005038,129.52878043336082
3005039,2.0988990602258095
3005040,2.5227273699843766
3005041,251.31943786544903
3005042,30.856626590875486
3005043,554.3553595741134
3005044,0.22725907176593055
3005045,4.500747153975551
3005046,1.748666674346997
3005047,0.0
3005048,1.5127761749598139
3005049,1088.6530252844934
3005050,0.0
3005051,184.99632412566547
3005052,2.8221622439069027
3005053,339.5433026584602
3005054,229.98578336037693
3005055,120.63112994607708
3005056,29.242884923121405
3005057,31.67788123974002
3005058,1473.3361959878916
3005059,3.6941482754399377
3005060,0.1795460468306606
3005061,6.398914990834328
3005062,5.199122766445317
3005063,0.0
3005064,70.6845003909509
3005065,0.598534926738677
3005066,3.740253578229656
3005067,1.5489271384130396
3005068,41.16103825736452
3005069,0.40408774681275406
3005070,310.44341461310427
3005071,102.60800155615422
3005072,1.5184234815856756
3005073,1.6761547326965203
3005074,181.75111287050598
3005075,23.130270919367405
3005076,432.5331771975616
3005077,0.06281148000242504
3005078,3.0404676055848636
3005079,5.488654693718382
3005080,0.40008908122411524
3005081,5.482891218787831
3005082,2695.214349298548
3005083,0.3763106057634935
3005084,523.7679033001117
3005085,9.078747206034514
3005086,882.1386620874317
3005087,750.1528982423915
3005088,328.2680291901882
3005089,212.84305198700946
3005090,79.73100677290549
3005091,3513.6109963025815
3005092,11.732757855852448
3005093,1.5143402848736212
3005094,29.64233205439932
3005095,24.96827366023026
3005096,0.4991229832311753
3005097,225.76394590052644
3005098,2.7636077238376284
3005099,12.761920605439748
3005100,4.931229451342477
3005101,146.567392185416
3005102,2.865502053474373
3005103,487.77893077510544
3005104,264.2909112845076
3005105,5.593857318975731
3005106,6.330868165605382
3005107,478.51883296395226
3005108,67.81876235120711
3005109,1435.1800107663903
3005110,1.0997602533484885
3005111,40.72666496870475
3005112,4.250017782645301
3005113,0.17325314254884253
3005114,1.925092590509689
3005115,2347.6972818266304
3005116,0.15332714538671688
3005117,436.4572179452545
3005118,7.154787788244171
3005119,913.3368137798748
3005120,625.3928790422154
3005121,278.5579913648781
3005122,135.09514584393557
3005123,64.32004570668968
3005124,3451.1711171523516
3005125,8.891172387642452
3005126,0.9948063728035001
3005127,24.841060273176755
3005128,20.01111939779941
3005129,0.32775435320352564
3005130,212.71330639434575
3005131,0.5119794815403309
3005132,1.935920149502734
3005133,3.7990009581867614
3005134,74.44331995051299
3005135,1.644879632810814
3005136,187.38851797186157
3005137,226.67923499736744
3005138,4.136644111213046
3005139,4.931458838288275
3005140,225.22645164662603
3005141,78.19749487151779
3005142,857.3536746427048
3005143,0.970867208454213
3005144,4.4789611889054255
3005145,4.255622812352062
3005146,0.3638385119527818
3005147,3.99939252375973
3005148,2160.9967534794396
3005149,0.07320583629999064
3005150,401.68326288870844
3005151,6.109388049135395
3005152,874.6338617650521
3005153,578.418552694146
3005154,256.3356193736651
3005155,132.3225964474
3005156,59.782280691309005
3005157,3218.634679970532
3005158,7.615629110685332
3005159,0.8825503733272613
3005160,23.33687501486821
3005161,10.530638025935882
3005162,0.253036127911155
3005163,191.28277949636768
3005164,0.23610602924538626
3005165,1.5207566304575895
3005166,3.465615725196819
3005167,112.95248537016064
3005168,1.4611405962284685
3005169,148.7164554111086
3005170,209.8186895308603
3005171,3.77980290431939
3005172,4.5194020781412325
3005173,170.14249730488353
3005174,61.937786265748294
3005175,957.1198129495671
3005176,0.833951623479834
3005177,4.098339311889538
3005178,11.204287892278376
3005179,1.0004480105923181
3005180,10.841864415633161
3005181,5173.657309007241
3005182,0.5840083326674641
3005183,926.2149920181173
3005184,37.208642219241014
3005185,1722.7202026237997
3005186,1691.3933867132246
3005187,571.851986508933
3005188,413.42685051645816
3005189,248.92797069808546
3005190,6221.88713484673
3005191,57.518556016057026
3005192,3.160283010341485
3005193,45.696992243063214
3005194,53.473931989830746
3005195,1.6222421780299159
3005196,508.82773566867735
3005197,35.73581115937981
3005198,32.355181237721496
3005199,28.44902123466148
3005200,265.93220100453107
3005201,17.452097121610198
3005202,1163.0583757397753
3005203,533.1825020550278
3005204,16.30466597477943
3005205,22.972846733200164
3005206,1275.1284817312628
3005207,231.6409931492189
3005208,4588.5789553119
3005209,1.2057212813716527
3005210,143.8869236248665
3005211,2.2538458036383275
3005212,0.0
3005213,0.6851668561529278
3005214,1281.1706415090623
3005215,0.0
3005216,170.21964548228664
3005217,3.4015435079830207
3005218,450.2213115392379
3005219,277.60385455070303
3005220,138.37882095474163
3005221,95.83207181001308
3005222,37.700288360435614
3005223,1775.0489316724454
3005224,3.903857009255729
3005225,0.16551907377982164
3005226,8.457148869751848
3005227,10.050954860274917
3005228,0.0
3005229,108.27737040688292
3005230,0.30780593157248604
3005231,0.39064404401327424
3005232,1.9801270451227146
3005233,42.142843413458344
3005234,0.5237341580869677
3005235,79.71137904276914
3005236,104.00274408589445
3005237,1.3370655958546565
3005238,2.4171560501532934
3005239,84.7330476489413
3005240,29.552397086294857
3005241,482.76930432020976
3005242,0.13476496516242886
3005243,2.094776561938901
3005244,4.308770395228631
3005245,0.44166965183911705
3005246,1.749412374416118
3005247,2251.490810628554
3005248,0.13366908040932116
3005249,319.2237762868917
3005250,6.181281867248652
3005251,981.1434789257692
3005252,504.1586867821207
3005253,268.0993231936658
3005254,165.17485512009887
3005255,62.140959201251746
3005256,3284.992522127227
3005257,7.363926328880417
3005258,0.6247281160238076
3005259,24.442423243942443
3005260,10.647241816197042
3005261,0.31553514428561763
3005262,218.23760136914137
3005263,1.0873295086592525
3005264,1.172044368156556
3005265,5.694610655148009
3005266,39.42306084999246
3005267,1.2005073946712348
3005268,185.7164653289403
3005269,227.56297167611504
3005270,2.8130094035518156
3005271,4.575217133720885
3005272,184.35031571611373
3005273,58.52529711612717
3005274,794.027813051745
3005275,0.8413491085567923
3005276,6.946931946025312
3005277,1.390431620555378
3005278,0.0
3005279,0.21384032792555271
3005280,908.9893781304991
3005281,0.0
3005282,108.35662781094788
3005283,2.233585552507745
3005284,315.56336473318055
3005285,191.71143526730603
3005286,116.96220800105382
3005287,119.65702713653685
3005288,27.431093113863888
3005289,1400.58487074561
3005290,2.4070926142476496
3005291,0.0
3005292,5.947676399808632
3005293,4.039812014579381
3005294,0.0
3005295,72.71124307137397
3005296,0.0
3005297,0.021633997538941355
3005298,0.811265377078431
3005299,31.10554804588213
3005300,0.11940839628560049
3005301,80.99766913960165
3005302,65.51884444469904
3005303,0.5532414699380578
3005304,1.5104071820259182
3005305,57.27163214382473
3005306,16.297374012215432
3005307,224.20406230271433
3005308,0.0
3005309,1.0525654798850907
3005310,3.592370088306871
3005311,0.18863440418092578
3005312,1.1760493678508888
3005313,1691.0699060213856
3005314,0.008436599000075108
3005315,256.63582415705554
3005316,4.796842991245384
3005317,735.670090019322
3005318,407.7930799975378
3005319,209.45388993053132
3005320,123.24065364896448
3005321,50.91060830459575
3005322,2663.789420879467
3005323,3.6784309091115586
3005324,0.5067689103115136
3005325,20.411481825103888
3005326,8.40183568026827
3005327,0.1432411569899237
3005328,161.84974982716315
3005329,0.6152896678099438
3005330,0.7043839374493843
3005331,5.612059582016256
3005332,54.76746769089488
3005333,1.263889524041521
3005334,145.99707366076228
3005335,181.43064695503904
3005336,1.7844931833454347
3005337,3.500402430055746
3005338,180.87347887844223
3005339,40.873431849186765
3005340,740.4994443063805
3005341,0.33175169987777053
3005342,1.8019231384018108
3005343,3.454749336399269
3005344,0.29995960765237145
3005345,3.5308185856928223
3005346,2144.999957051481
3005347,0.10288482393522352
3005348,409.4437404666902
3005349,5.482823613652785
3005350,828.4426654215785
3005351,496.9006195522897
3005352,239.20231994664485
3005353,127.4454912603204
3005354,63.737404501493295
3005355,3097.203499124602
3005356,5.2751266492036635
3005357,0.932830842998865
3005358,13.270424265545948
3005359,21.049639362342475
3005360,0.2674775628381242
3005361,187.79141392671576
3005362,2.1369169005330364
3005363,2.3917164739274703
3005364,4.1828587828978385
3005365,85.0016937425452
3005366,1.5317912676473053
3005367,163.39225656189743
3005368,203.01893025569083
3005369,2.2243963488163296
3005370,4.032966252245826
3005371,140.68187106656512
3005372,46.47028053995168
3005373,670.6171159916555
3005374,1.096106697981595
3005375,2.2904694144680384
3005376,2.179777415946032
3005377,0.0
3005378,0.40326420504626537
3005379,1205.317829385268
3005380,0.0
3005381,103.27991406567621
3005382,2.470713611900549
3005383,389.871598796576
3005384,204.95410820483403
3005385,124.30684547161613
3005386,105.02773001269554
3005387,34.598254336003244
3005388,1604.2635713949533
3005389,3.010475799974002
3005390,0.017931103824954945
3005391,6.486285053894585
3005392,4.781742458771053
3005393,0.0
3005394,87.80108056144903
3005395,0.2793766714014098
3005396,0.5038390896638221
3005397,0.7440774112299006
3005398,30.29878012624076
3005399,0.392198994775914
3005400,107.95870368035935
3005401,87.02706448446976
3005402,0.8592871003111748
3005403,1.6388394869513898
3005404,64.43594166235519
3005405,24.750439281235185
3005406,339.34487216670135
3005407,0.0
3005408,0.8063832608332545
3005409,2.9895744016349974
3005410,0.059793542574262226
3005411,1.323855654339421
3005412,2208.949927134691
3005413,0.034196576192504796
3005414,354.3758872338581
3005415,5.124908817386611
3005416,846.0160050813148
3005417,513.0293351421167
3005418,234.99132300627704
3005419,109.31504616036958
3005420,62.48889015156188
3005421,3051.437452375834
3005422,6.3402114426605225
3005423,0.6208750074038073
3005424,21.173748490785883
3005425,16.4722319845706
3005426,0.10250446414397482
3005427,185.7803384159208
3005428,0.7972424448427688
3005429,5.714387612783913
3005430,1.9899257182410388
3005431,84.8149153377801
3005432,1.375724305838135
3005433,158.52752367716946
3005434,201.8558927881003
3005435,2.1525133635270572
3005436,3.8840295751353233
3005437,189.5952647573108
3005438,58.901521622770865
3005439,1072.160189453836
3005440,0.4928298248879851
3005441,2.059112973189136
3005442,5.493720921940739
3005443,0.17656579660988103
3005444,6.549527619814873
3005445,2483.46107744318
3005446,0.14553498211603877
3005447,429.1937116707616
3005448,10.270357153914048
3005449,925.3977642189036
3005450,675.638661711291
3005451,254.44269909058826
3005452,151.93506751728341
3005453,82.48985534592214
3005454,3285.7858601916023
3005455,20.60454536976645
3005456,1.010402937926827
3005457,22.828593987741346
3005458,20.1622978821648
3005459,0.19232835366899406
3005460,227.99422418575915
3005461,12.401380442537928
3005462,13.310675049062418
3005463,3.356179113379145
3005464,122.42185913977139
3005465,6.5220668993600714
3005466,368.22682389767715
3005467,233.51165914595262
3005468,6.548376137054349
3005469,7.987032999707715
3005470,362.21455627342414
3005471,64.16386229597838
3005472,1508.0715708197963
3005473,0.6387721363899557
3005474,25.243695081046226
3005475,5.493720921940739
3005476,0.17656579660988103
3005477,6.549527619814873
3005478,2328.8568262282274
3005479,0.14553498211603877
3005480,414.27908070313663
3005481,10.270357153914048
3005482,925.3977642189036
3005483,619.0563060400901
3005484,254.44269909058826
3005485,145.5200342373455
3005486,82.48985534592214
3005487,3285.7858601916023
3005488,22.6968494725976
3005489,1.010402937926827
3005490,26.72855228753263
3005491,20.1622978821648
3005492,0.19232835366899406
3005493,214.9132331752479
3005494,12.401380442537928
3005495,10.339927122158677
3005496,4.761419816687492
3005497,135.07841087320858
3005498,6.5220668993600714
3005499,368.22682389767715
3005500,240.28515544313046
3005501,5.5650606966826555
3005502,7.987032999707715
3005503,353.6449839048173
3005504,64.16386229597838
3005505,1616.909118253447
3005506,0.6387721363899557
3005507,25.243695081046226
3005508,5.493720921940739
3005509,0.2458605706714755
3005510,2.950609196066876
3005511,2721.363392140633
3005512,0.14553498211603877
3005513,443.11942031676153
3005514,10.270357153914048
3005515,1034.0876181000922
3005516,705.915601796197
3005517,254.44269909058826
3005518,141.01054102349332
3005519,82.48985534592214
3005520,3786.4821875011016
3005521,19.674997664965723
3005522,1.0360435643837551
3005523,22.828593987741346
3005524,20.849246570348146
3005525,0.19232835366899406
3005526,227.99422418575915
3005527,4.8528148614611295
3005528,9.72221207832005
3005529,11.200037516400702
3005530,97.2842956085168
3005531,3.4460616657142586
3005532,195.40075730033377
3005533,240.28515544313046
3005534,5.5650606966826555
3005535,7.987032999707715
3005536,219.3377538077664
3005537,84.3229816783745
3005538,1433.3115375979132
3005539,5.70868950515163
3005540,7.725208214908347
3005541,4.092340241906339
3005542,0.0018750401900119093
3005543,4.2615098140538725
3005544,2359.9047123289556
3005545,0.019836150582869156
3005546,414.0982114746256
3005547,10.872729062577521
3005548,664.8507944424285
3005549,708.0877137322768
3005550,264.37495975692417
3005551,172.79491448192408
3005552,90.94888684857315
3005553,2898.929113874916
3005554,19.863805702784035
3005555,0.882947837939525
3005556,19.431358073727473
3005557,16.37631410709848
3005558,0.13904500591359062
3005559,201.9562236305327
3005560,13.578800052432287
3005561,11.22924914538726
3005562,2.485094495450082
3005563,129.03140322704286
3005564,6.3456937469208405
3005565,488.80486561883436
3005566,220.2635805507736
3005567,5.888906762506705
3005568,8.074336957565619
3005569,498.3898600134446
3005570,75.17649982670679
3005571,1911.8090617291853
3005572,0.20095531071759354
3005573,22.62735681588837
3005574,4.3240018434485235
3005575,0.09020335946217814
3005576,3.4404372485037733
3005577,2584.7322263699743
3005578,0.0
3005579,410.64298959092173
3005580,8.240218818308689
3005581,957.9715266902816
3005582,604.7098325508415
3005583,263.43831988216414
3005584,107.87628577540846
3005585,71.00121778769305
3005586,3704.3656752214624
3005587,12.926615678639589
3005588,0.6692894290383151
3005589,18.25723611636893
3005590,19.077626088431895
3005591,0.0
3005592,230.84323438621595
3005593,0.6182645424665426
3005594,1.085482316141106
3005595,5.475529945124424
3005596,80.52923508042696
3005597,2.3137480534520454
3005598,169.44704338042516
3005599,232.87410939702465
3005600,3.647534251533855
3005601,6.368191647397881
3005602,183.57059421000642
3005603,52.42584431336022
3005604,1317.0120721094443
3005605,0.3668461558473731
3005606,4.6071376760326
3005607,5.106094050274931
3005608,0.14423803200070648
3005609,6.525044694407257
3005610,2306.066184184972
3005611,0.12061332410130426
3005612,415.016715003179
3005613,9.938785479403757
3005614,833.0496844178745
3005615,606.39712006959
3005616,266.24798901024184
3005617,128.63313165739365
3005618,85.50414966156396
3005619,3096.4777871547667
3005620,15.813446293937202
3005621,0.7849381684675281
3005622,18.67713382426735
3005623,15.84251789460239
3005624,0.15725028973604865
3005625,202.8652772010126
3005626,5.701261625792248
3005627,10.378026731311365
3005628,4.5310397191310035
3005629,115.74514408801485
3005630,6.090909557613353
3005631,381.8569907098887
3005632,235.3590324041074
3005633,5.861322387937083
3005634,7.722636269426858
3005635,346.40448532263554
3005636,62.246754377927
3005637,1469.3949721770973
3005638,0.6031198696457791
3005639,12.973590631694032
3005640,5.106094050274931
3005641,0.14423803200070648
3005642,4.6414293329378395
3005643,2149.471043999334
3005644,0.12061332410130426
3005645,415.016715003179
3005646,9.938785479403757
3005647,888.6448993163104
3005648,565.1692446763004
3005649,260.8586192274143
3005650,129.06390579451153
3005651,85.50414966156396
3005652,3096.4777871547667
3005653,15.813446293937202
3005654,0.7849381684675281
3005655,24.605947556297057
3005656,19.73024443501201
3005657,0.15725028973604865
3005658,207.7595046457208
3005659,5.701261625792248
3005660,10.378026731311365
3005661,3.531032668502575
3005662,115.74514408801485
3005663,6.090909557613353
3005664,381.8569907098887
3005665,230.50740248362374
3005666,5.861322387937083
3005667,7.722636269426858
3005668,346.40448532263554
3005669,62.246754377927
3005670,1575.4430785923475
3005671,0.6031198696457791
3005672,24.16154823722242
3005673,3.550128527759781
3005674,0.0
3005675,1.8130450638772593
3005676,2935.982195657223
3005677,0.0
3005678,383.1621094305539
3005679,6.295288292482611
3005680,905.8158806473793
3005681,542.471306049685
3005682,251.78183202038667
3005683,102.47037483660895
3005684,53.39245559541843
3005685,3598.928175110567
3005686,5.916169730986175
3005687,0.4033634953183045
3005688,11.420673077575703
3005689,9.85009137477632
3005690,0.0
3005691,198.1535568130436
3005692,0.5832442290489921
3005693,4.1985346865012225
3005694,1.9596909632239126
3005695,71.99986670191096
3005696,2.5174699536513643
3005697,133.57044086420134
3005698,194.64489499764113
3005699,2.8479964424450133
3005700,4.817295382174592
3005701,175.3469356318398
3005702,70.60276250771489
3005703,982.3221790785955
3005704,0.7196592042695904
3005705,1.4254096948242245
3005706,16.754559956281483
3005707,0.24140985552145683
3005708,18.324619032767824
3005709,7670.324716542027
3005710,0.5128709422800444
3005711,1280.9910056948438
3005712,36.70606206031828
3005713,2247.1955382473534
3005714,2094.3697008388717
3005715,885.6780751009644
3005716,505.1808525205865
3005717,239.72743528253307
3005718,7870.631897819114
3005719,62.82246473867755
3005720,2.442326586033769
3005721,53.70989438774281
3005722,62.80125230162003
3005723,1.0133807461553856
3005724,663.2864354683368
3005725,35.790274693896386
3005726,26.999826941932803
3005727,67.73727036256656
3005728,427.7557190693728
3005729,16.482580254099503
3005730,1444.8428605515342
3005731,753.1901596773499
3005732,24.570441435459966
3005733,32.110412701918776
3005734,1574.010496739791
3005735,228.7654137113134
3005736,4927.165137103876
3005737,284.30848525409726
3005738,190.89999749470547
3005739,14.804257144591512
3005740,0.128242034074121
3005741,16.755625256181997
3005742,7020.431575747594
3005743,0.361561106431844
3005744,1140.166864227832
3005745,32.934889053167815
3005746,2245.923528313956
3005747,1809.0471305564909
3005748,807.2067434665299
3005749,449.5779008098478
3005750,213.28400919714932
3005751,7404.97312762595
3005752,55.811694956980645
3005753,1.5183217533392943
3005754,58.91583566326114
3005755,73.34352428306377
3005756,0.8703462868721608
3005757,611.9385742488098
3005758,31.158737427045107
3005759,24.726480484603936
3005760,35.488361153515974
3005761,347.8525051669338
3005762,15.063144270868344
3005763,1413.8097249669177
3005764,616.6726702430319
3005765,21.0082526177658
3005766,28.473300256001973
3005767,1434.6214958295
3005768,205.78541848458423
3005769,4385.816078212332
3005770,216.57854416256976
3005771,156.70091712419304
3005772,12.681867957995234
3005773,0.021936043788170635
3005774,14.259210947877664
3005775,5433.852109957599
3005776,0.1391126225472713
3005777,1029.6639754987134
3005778,26.61757552738542
3005779,1828.7228631147002
3005780,1560.8794847069307
3005781,680.3480103761594
3005782,280.29525057542827
3005783,173.39293227218525
3005784,6374.220770010541
3005785,45.235638898213224
3005786,1.3365747268970984
3005787,42.292704422981174
3005788,44.45335348000355
3005789,0.564773739383504
3005790,494.15622713820727
3005791,17.130292203072493
3005792,20.561515928637146
3005793,28.426623577133206
3005794,278.60807273585874
3005795,11.397661368296655
3005796,1298.1125906922111
3005797,532.4094803583125
3005798,17.961595945210888
3005799,15.352773245888736
3005800,1149.3770361674733
3005801,142.2244701174517
3005802,3154.0296259734805
3005803,191.88078357020422
3005804,85.72573187945858
3005805,14.07147217353451
3005806,0.12572937367699774
3005807,15.525930585446332
3005808,5878.609958402314
3005809,0.2548070370179708
3005810,1051.645456515519
3005811,29.422565276859107
3005812,1959.654659726422
3005813,1719.5123791900826
3005814,749.5493848065223
3005815,411.73340317673905
3005816,191.10521794762707
3005817,7021.722535427226
3005818,49.931579461180256
3005819,1.5249665698074084
3005820,48.92064917196375
3005821,64.54294918365215
3005822,0.723700589963276
3005823,544.4469610273392
3005824,31.25152549019597
3005825,22.7514196406038
3005826,38.36139769092351
3005827,351.0522044449124
3005828,12.656834644424208
3005829,1304.0615782014709
3005830,586.5854207189547
3005831,19.887437777606287
3005832,25.422759171478294
3005833,1282.7381676711402
3005834,156.7711188685301
3005835,3474.4714312784276
3005836,247.0059149488026
3005837,94.53406441017859
3005838,10.583826847047547
3005839,0.0
3005840,11.49041626928326
3005841,4345.242321929618
3005842,0.020121097155692567
3005843,774.5234351408825
3005844,22.531406859400974
3005845,1617.7171262220845
3005846,1229.0865127256404
3005847,601.7017103923608
3005848,249.75926330492038
3005849,135.42298416714553
3005850,5172.903398342851
3005851,35.16891895323001
3005852,0.9230981341696383
3005853,38.10080171997305
3005854,34.556957735351986
3005855,0.3173432362457121
3005856,391.7771077453092
3005857,21.577998823510764
3005858,16.33425026477372
3005859,6.750424523585407
3005860,236.07601547616412
3005861,7.260235623632587
3005862,1129.6181806503334
3005863,557.408530462843
3005864,13.833155619976326
3005865,11.792342536742915
3005866,973.787815169899
3005867,102.41380623032896
3005868,2758.6817648574443
3005869,141.01472888203597
3005870,66.29485768892256
3005871,13.923758835713729
3005872,0.21228191173588104
3005873,9.594464613718163
3005874,5726.296906573511
3005875,0.31424972405000295
3005876,998.1279108627821
3005877,29.31615075671361
3005878,1832.494016354963
3005879,1722.6867420108088
3005880,706.6107276312491
3005881,442.0312416625177
3005882,211.6118667341704
3005883,6664.6803123597
3005884,45.59740092230892
3005885,1.4294851929394632
3005886,46.60664724648835
3005887,44.808994659593665
3005888,0.5369600178093639
3005889,535.6472304563521
3005890,16.919457050245267
3005891,21.332185551903734
3005892,11.158765631725831
3005893,304.4314716038755
3005894,12.552235259522718
3005895,1237.7109449861548
3005896,556.7119914616786
3005897,18.109957371432888
3005898,23.174233660384058
3005899,1236.6641873263447
3005900,166.4473408926995
3005901,4473.472658039179
3005902,172.57706206982192
3005903,137.05343599894977
3005904,4.138816644357425
3005905,0.003328536748975693
3005906,4.16360311452965
3005907,2066.68354103897
3005908,0.0
3005909,386.8958638775299
3005910,15.413481470802935
3005911,749.6310346397759
3005912,528.2822678566615
3005913,248.99752598123789
3005914,137.11713286031954
3005915,97.48184877564728
3005916,2656.16034330937
3005917,18.745283758842902
3005918,0.7820018022049783
3005919,16.37161842370555
3005920,19.264696185155234
3005921,0.09905093807262365
3005922,193.88077606602533
3005923,11.632648127633171
3005924,8.653930278947401
3005925,7.676238872736195
3005926,120.51014408561107
3005927,5.951886415389479
3005928,442.0242575321354
3005929,208.4272231649657
3005930,3.901715786467226
3005931,7.58785595988269
3005932,396.1002988865255
3005933,71.0926290371398
3005934,1788.3658522539583
3005935,0.13657132977632994
3005936,24.800163461290097
3005937,10.259395614429689
3005938,0.0
3005939,10.400322384414055
3005940,3792.4068491013136
3005941,0.16098368443168326
3005942,632.2492586159896
3005943,21.87235666524397
3005944,1374.0061645902636
3005945,1063.1528859435682
3005946,473.747680804712
3005947,224.4089668804654
3005948,131.6021503878466
3005949,4735.229888453214
3005950,34.1559266913988
3005951,0.917436359970121
3005952,36.65122455576364
3005953,33.238760877623704
3005954,0.26481044633430606
3005955,344.9670277213048
3005956,11.797633657419565
3005957,14.323526594670954
3005958,4.203558482351596
3005959,247.88943582655196
3005960,9.593819955965348
3005961,792.7863715919211
3005962,385.3453335817814
3005963,12.26609613642556
3005964,17.238519092560065
3005965,777.6397542607906
3005966,89.87202953439922
3005967,2244.5280560089805
3005968,173.19594673979714
3005969,30.571312122051243
3005970,10.59090935103378
3005971,0.0
3005972,6.376516363149649
3005973,3829.637501554384
3005974,0.16098368443168326
3005975,670.0900665680767
3005976,21.39420622531631
3005977,1374.0061645902636
3005978,1242.8889299894702
3005979,467.5722468403907
3005980,276.99379265064806
3005981,147.71165753181543
3005982,4483.085513336511
3005983,33.42098616648557
3005984,1.0083385370012885
3005985,34.16650529578372
3005986,41.11796984823782
3005987,0.5422481201287944
3005988,319.9531149622544
3005989,7.192745940397427
3005990,21.479419188875973
3005991,4.203558482351596
3005992,184.3051417735058
3005993,9.593819955965348
3005994,792.7863715919211
3005995,343.17716693099237
3005996,15.736794324670758
3005997,12.745907278217212
3005998,833.6026727838846
3005999,87.9723345648372
3006000,2888.2528933794856
3006001,2.6510983316304944
3006002,62.727311735217405
3006003,5.436084869827441
3006004,0.5597972049846667
3006005,16.506562554395497
3006006,3351.8945210794227
3006007,0.7376513078400646
3006008,628.8335547694668
3006009,6.328076923015199
3006010,1214.7080000166884
3006011,1026.5833217494342
3006012,416.78225937068584
3006013,225.61414478096805
3006014,180.91518597102106
3006015,4668.345500957497
3006016,9.586871790690497
3006017,1.983181061544228
3006018,39.9462630700373
3006019,46.75046433877297
3006020,1.033748608824173
3006021,253.40485815431032
3006022,5.400515767537986
3006023,8.716092808607236
3006024,6.355859885927896
3006025,212.5060352167331
3006026,4.624864834716828
3006027,457.0981070871327
3006028,304.203447707022
3006029,4.7481067007643425
3006030,10.642764237056056
3006031,629.5293433901747
3006032,72.56815466243489
3006033,2253.1907090883415
3006034,3.700792505302857
3006035,27.28762546106764
3006036,5.18973640248741
3006037,0.30958692065591853
3006038,3.4358970911743625
3006039,2153.3647647261455
3006040,0.3734762155139042
3006041,410.2011276143911
3006042,7.5223854516924655
3006043,902.2633329968585
3006044,468.68000070066466
3006045,303.4023051733197
3006046,155.70757398320038
3006047,71.1763517955791
3006048,2913.0743142026495
3006049,11.398315586117096
3006050,1.457512523937357
3006051,15.269193946402861
3006052,12.855693098476838
3006053,0.3138827046272994
3006054,215.38456026779187
3006055,3.6438414841228166
3006056,7.875655455470928
3006057,4.643864979904955
3006058,122.34490221037545
3006059,3.5667968685754596
3006060,484.01537245262585
3006061,244.4715492909461
3006062,5.335861665080749
3006063,5.992895547462118
3006064,373.4152408804053
3006065,68.47212656493153
3006066,1348.2457966332813
3006067,0.9753030516315034
3006068,7.8418401072925805
3006069,4.218291839539427
3006070,0.009911328878164608
3006071,0.46093266961739704
3006072,1497.1003703591823
3006073,0.0
3006074,223.58023510317994
3006075,3.652167267489367
3006076,766.1146831766241
3006077,250.24502091361146
3006078,209.22896965726284
3006079,43.27340048065183
3006080,36.34428719113965
3006081,2393.079305142476
3006082,5.348354826173447
3006083,0.40646091298077136
3006084,18.15481103100603
3006085,7.422885915985323
3006086,0.0
3006087,161.86989732271485
3006088,0.16269075849662182
3006089,0.2854990021396811
3006090,2.13278489774371
3006091,28.216928456329242
3006092,0.875951105239525
3006093,61.20426196479015
3006094,137.16757258318114
3006095,0.24947825112587704
3006096,2.81725515177383
3006097,97.52451744590783
3006098,49.47057568519871
3006099,557.8630652137609
3006100,0.18466580817815278
3006101,1.3589476537249534
3006102,4.780320783784775
3006103,0.19669802834755457
3006104,5.820460274347129
3006105,3170.4286479946927
3006106,0.17399819888788917
3006107,556.8361373876576
3006108,17.626021487771734
3006109,1033.5849425609947
3006110,947.0206141299526
3006111,367.654846302617
3006112,229.21341838452832
3006113,126.94505118615291
3006114,3896.114492098602
3006115,27.758505553718244
3006116,1.259899254054372
3006117,29.78247694304645
3006118,37.106086493102154
3006119,0.28547020921540633
3006120,270.4966892094707
3006121,16.143874340062673
3006122,15.215628923450375
3006123,18.86867432479881
3006124,154.72881598737877
3006125,8.469824698922706
3006126,708.011261890485
3006127,292.4137616313473
3006128,8.172897481313914
3006129,11.694535354112876
3006130,742.5344758296014
3006131,104.44325273496182
3006132,2546.6582417356085
3006133,0.4215037853043465
3006134,85.69572442517178
3006135,5.092723771178706
3006136,0.2370798480610547
3006137,7.689875950834183
3006138,3377.249889017108
3006139,0.22647264319775148
3006140,593.214809281986
3006141,18.84069705105363
3006142,1148.8861385911578
3006143,1123.157395344215
3006144,368.19328864487545
3006145,260.2258967730647
3006146,153.2411255877919
3006147,4150.260539550107
3006148,29.633959952583925
3006149,1.798608108685742
3006150,24.842107074287696
3006151,30.04333843224805
3006152,0.3764036456862611
3006153,297.53642167053493
3006154,17.07043149141768
3006155,18.59434896172678
3006156,7.024708932911539
3006157,198.97462800324664
3006158,10.431061580629263
3006159,721.6035564985214
3006160,305.8982109247222
3006161,7.459275115581142
3006162,12.544413610824108
3006163,801.3500895418156
3006164,111.31961881744503
3006165,3361.769773514174
3006166,0.4850410388443201
3006167,53.075841578017304
3006168,5.192325826035162
3006169,0.32145212655919553
3006170,7.069562423736962
3006171,3666.3103652367904
3006172,0.3699175917041657
3006173,674.0072515707834
3006174,23.11958529683891
3006175,1305.2304572443256
3006176,1276.0035043070964
3006177,424.79987667862133
3006178,291.2229068764087
3006179,151.05497114926817
3006180,4561.47365352457
3006181,32.400516356169035
3006182,2.1730534804397603
3006183,35.83052904990817
3006184,35.77142561216684
3006185,0.5373841218302133
3006186,327.5234170236221
3006187,20.17121501639121
3006188,20.512664294654382
3006189,13.390435670521661
3006190,156.0947823313013
3006191,12.3957322085751
3006192,831.2686417502636
3006193,343.60754650699323
3006194,12.639435932256127
3006195,16.809270718686303
3006196,872.7837060506054
3006197,124.97232963219813
3006198,3403.8641110627095
3006199,0.5921662129202088
3006200,70.87920170811067
3006201,7.295566301227101
3006202,0.23177287489093598
3006203,5.1081327786607345
3006204,3061.463631838258
3006205,0.08084843393278277
3006206,501.3759828539314
3006207,13.58945019040869
3006208,1457.5035989305807
3006209,736.115476629117
3006210,458.2068467100974
3006211,126.56387940944241
3006212,69.45915504391007
3006213,4479.085882515893
3006214,17.047870671051097
3006215,1.38268011195559
3006216,21.02338489215312
3006217,23.051510992045927
3006218,0.21768338218166444
3006219,303.5062120912048
3006220,10.189722163559663
3006221,4.408553173540941
3006222,7.3059224655581465
3006223,126.11819084872042
3006224,3.8383185242391167
3006225,281.82606299831536
3006226,316.14006728582365
3006227,4.882786579667636
3006228,10.507478779983
3006229,315.550116752532
3006230,105.42979226731373
3006231,991.0080108172373
3006232,42.60854124502393
3006233,11.521807230720658
3006234,5.124832988798571
3006235,0.0
3006236,4.953898267141537
3006237,2472.1885102506644
3006238,0.0
3006239,386.9953416095204
3006240,13.841178047820986
3006241,742.8897742589731
3006242,698.8470695037495
3006243,190.58011316998846
3006244,110.78831792615314
3006245,79.50883588843966
3006246,2909.77522631448
3006247,18.25798261668822
3006248,1.1473628937808462
3006249,24.086204898941478
3006250,14.787650259173065
3006251,0.09095269588237102
3006252,198.39393444477653
3006253,13.107570975363544
3006254,12.280568716377651
3006255,5.220989019616662
3006256,159.48385886715846
3006257,7.297841056517553
3006258,233.73474169488404
3006259,203.1894283396846
3006260,6.696604833130278
3006261,10.179533472919474
3006262,288.94678495793164
3006263,68.78985369503741
3006264,1972.5191132805428
3006265,0.28259597850257373
3006266,16.13805684592272
3006267,3.0900725055747476
3006268,0.0025575307327035356
3006269,1.3005671801220382
3006270,1724.0982874684423
3006271,0.0
3006272,146.73879188804742
3006273,4.416583324896175
3006274,715.1959271740536
3006275,380.9422082293868
3006276,173.8616857216535
3006277,64.16369472882462
3006278,61.33609286922868
3006279,3013.140418658223
3006280,5.265941890507017
3006281,0.35362589777185344
3006282,17.817054926560417
3006283,14.50527490572735
3006284,0.0
3006285,186.3979551105761
3006286,3.8493315278117324
3006287,0.8336602921041745
3006288,2.1646416384039133
3006289,25.97310433618828
3006290,1.090728398544854
3006291,166.66956365721654
3006292,193.54529556620156
3006293,1.2996316041253708
3006294,4.051720515729578
3006295,157.88444585565972
3006296,36.80943766027525
3006297,316.51493501401166
3006298,6.1266706649348
3006299,3.0697496793410055
3006300,7.2040812774745016
3006301,0.6542301348355422
3006302,9.145268251575901
3006303,4239.864825866468
3006304,0.34764965678188664
3006305,531.2466014996553
3006306,11.493748354537871
3006307,1725.4352966183708
3006308,927.6117372287772
3006309,441.80969534855274
3006310,134.388478403189
3006311,183.2966361242459
3006312,6418.917302066574
3006313,12.690138556846964
3006314,1.0377518583214849
3006315,38.095579910531455
3006316,30.10129108537588
3006317,0.527975993769227
3006318,388.35060548473064
3006319,7.7988729369920025
3006320,2.4897649753268
3006321,6.062151364245336
3006322,106.76471413729931
3006323,3.7928339431660265
3006324,370.965910873515
3006325,403.2004011100951
3006326,2.821128803755356
3006327,9.133005135151494
3006328,304.84103643235335
3006329,74.84014689170318
3006330,849.1144840468075
3006331,43.15842033574453
3006332,21.269076663041673
3006333,4.1420029033262935
3006334,0.08844741803349596
3006335,1.3206983805224684
3006336,2005.6542754002842
3006337,0.0
3006338,216.3453084145632
3006339,6.345988295721037
3006340,755.8636634939782
3006341,466.9793572474599
3006342,235.97991590166825
3006343,69.73496055795002
3006344,88.68641671846902
3006345,3274.4556706199787
3006346,6.987117727773001
3006347,0.642728824885085
3006348,21.363996741817825
3006349,17.712280784741697
3006350,0.055315735903739296
3006351,211.89302213651823
3006352,3.2625396347557434
3006353,0.7318258415648136
3006354,10.494789415227427
3006355,64.73144515078066
3006356,1.866181043353898
3006357,182.1530393929686
3006358,206.07521800860758
3006359,1.4490939142804549
3006360,4.911810506118314
3006361,168.80007317633326
3006362,43.24675317932924
3006363,352.9404196282766
3006364,4.431967181926196
3006365,5.980964145648963
3006366,4.4058536331701195
3006367,0.036907502915049496
3006368,3.314856835299336
3006369,1859.2092695363624
3006370,0.0
3006371,190.50772378936696
3006372,5.048853182550756
3006373,751.7198333440006
3006374,432.82636908380243
3006375,175.0217263720686
3006376,61.97425853566483
3006377,62.36095380826411
3006378,3035.413932951808
3006379,6.402715519258074
3006380,0.514029604510105
3006381,10.26074021766157
3006382,16.346664344060994
3006383,0.0
3006384,195.95470497357167
3006385,2.415134964515943
3006386,0.6051114395653963
3006387,2.858484473202336
3006388,46.032813485913465
3006389,1.656468029369485
3006390,151.0247019493144
3006391,190.96293290434156
3006392,1.3216558437060808
3006393,4.479254578704863
3006394,135.41471062782233
3006395,38.48132388681298
3006396,268.3181381214738
3006397,7.160264270320803
3006398,5.471495550197237
3006399,3.939678106082466
3006400,0.08402630513377424
3006401,3.55071830631497
3006402,2004.374382434445
3006403,0.0
3006404,194.83183964451973
3006405,5.544130343351901
3006406,899.5279791891628
3006407,468.347861485093
3006408,210.2427680292385
3006409,64.30235542912034
3006410,71.57378772933562
3006411,3142.995254200513
3006412,7.008846270649651
3006413,0.6233157637546074
3006414,11.182764157606305
3006415,11.355551849880941
3006416,0.04692225171213677
3006417,212.0812605605275
3006418,1.5315711030786712
3006419,0.7365371846720339
3006420,3.1202978476422047
3006421,24.512252811470724
3006422,1.9866737358306754
3006423,163.4724107100926
3006424,244.47187758582325
3006425,1.4546268778950684
3006426,4.927893282463787
3006427,146.5842808806034
3006428,44.93670087440211
3006429,360.0550140744053
3006430,4.447851793057059
3006431,7.502334066955364
3006432,3.939678106082466
3006433,4.6925360691402505
3006434,1.3910229261279594
3006435,1982.9112027943181
3006436,0.0
3006437,181.50889816936063
3006438,5.594793313868644
3006439,906.4996347133405
3006440,471.9814316649221
3006441,234.52101724606212
3006442,81.41216684207015
3006443,72.13563528968491
3006444,3395.856559232006
3006445,7.070848694378149
3006446,0.6358830560246973
3006447,21.603038003450408
3006448,18.602863760583883
3006449,0.05502725396437627
3006450,213.7308807629149
3006451,5.258469935722169
3006452,0.7499810080026078
3006453,6.9823476498878705
3006454,50.27776696648739
3006455,2.0097957941459166
3006456,148.43570760321566
3006457,211.0787347210195
3006458,1.4736299665592085
3006459,4.9737855044762895
3006460,147.7268403466729
3006461,42.22062605474453
3006462,607.598703951894
3006463,7.896770119095427
3006464,6.055581330405903
3006465,3.829848249713499
3006466,0.05148782209005834
3006467,1.1828793806451017
3006468,1793.581633634596
3006469,0.0
3006470,192.66899159767073
3006471,4.879150730056802
3006472,851.2368468468717
3006473,367.95508268387755
3006474,214.01842020709876
3006475,94.13521570242577
3006476,60.95261154912854
3006477,2700.3497431243886
3006478,6.195030038916598
3006479,0.4786632153980024
3006480,9.944816657581274
3006481,9.784899540109281
3006482,0.0
3006483,192.95739315455495
3006484,0.9689987562283591
3006485,0.6239026099903258
3006486,2.7016151616884954
3006487,44.71329331318472
3006488,1.6831838843626463
3006489,101.76647903641393
3006490,164.40156782184556
3006491,1.29413723885528
3006492,4.325532391741012
3006493,121.69577539046792
3006494,37.25477509841137
3006495,200.11010303711828
3006496,0.15186999520807848
3006497,2.3457612050657963
3006498,6.059566083105466
3006499,0.4862726818167086
3006500,6.370979055537461
3006501,3137.0604257004147
3006502,0.2599342655451789
3006503,379.87380828001756
3006504,8.625823200806202
3006505,1176.6013232863977
3006506,745.3537089981932
3006507,370.1130970108504
3006508,155.78228331688956
3006509,181.94858279299754
3006510,4689.61317372033
3006511,10.780287708056736
3006512,1.19212779498089
3006513,34.41265111203469
3006514,29.078393306260242
3006515,0.42303525776437023
3006516,311.3986471084851
3006517,2.1335944726074754
3006518,0.7984638777777251
3006519,15.725859337968636
3006520,79.33794709858199
3006521,3.3533852173959042
3006522,211.45399682961343
3006523,304.64870419292225
3006524,2.7240117355260782
3006525,7.719394281046167
3006526,275.22825702293676
3006527,61.63382563085869
3006528,275.34900263989755
3006529,34.75729846185443
3006530,11.396536721498416
3006531,2.630272630122492
3006532,0.08440016563636266
3006533,5.775857638842995
3006534,1951.8891580179352
3006535,0.0
3006536,247.996080039225
3006537,3.9499306468582573
3006538,650.5731072584533
3006539,488.9679678995667
3006540,212.96988541235845
3006541,72.28251813495892
3006542,91.9740762388954
3006543,2847.973583821147
3006544,5.057830685071576
3006545,0.34436390986225635
3006546,8.214950574516562
3006547,12.910251848568823
3006548,0.0
3006549,179.72302992539835
3006550,2.285409394240516
3006551,0.5953796058667106
3006552,7.482245551290808
3006553,50.405353026543125
3006554,1.4012103225584664
3006555,108.25118070591122
3006556,178.07291279148833
3006557,1.4885762837517098
3006558,3.483813599461925
3006559,124.92598823185871
3006560,31.208475737866898
3006561,449.36217413182726
3006562,44.059169272953696
3006563,15.022259919890988
3006564,5.18096111755791
3006565,0.25831442220051093
3006566,5.617206516753301
3006567,2454.648213392921
3006568,0.01553144403394202
3006569,258.4088947737519
3006570,6.588635450437717
3006571,996.4421204305045
3006572,563.6483753436022
3006573,280.73905025882516
3006574,98.81814642906356
3006575,85.51899866813889
3006576,3852.7182092746925
3006577,8.287133895231698
3006578,1.0306901541685416
3006579,26.917996623941853
3006580,21.20417583161111
3006581,0.17847149849674315
3006582,212.49634782589308
3006583,4.732538204916395
3006584,0.9710113870350076
3006585,3.733126853006222
3006586,62.33540318054336
3006587,2.4803774580889884
3006588,166.49070685127018
3006589,232.66886101190096
3006590,1.9254743330057795
3006591,5.609031644265148
3006592,170.1401281845894
3006593,48.378142488536305
3006594,621.6697826474687
3006595,20.842838550412594
3006596,7.845361044234309
3006597,9.104951411004603
3006598,0.2550100944407306
3006599,9.338835030447221
3006600,3827.0922275074413
3006601,0.23173140973530182
3006602,689.8321357897265
3006603,23.48546488199294
3006604,1271.4173090647867
3006605,1242.8445630426963
3006606,328.88768735876477
3006607,186.21288273284512
3006608,131.82613196099732
3006609,4666.171567908499
3006610,31.749469745812668
3006611,1.825290815331882
3006612,40.63534597817324
3006613,36.95379047931207
3006614,0.46646740820043253
3006615,336.1378848688639
3006616,25.022771620961404
3006617,20.91072015105316
3006618,12.122890903924436
3006619,197.456358501475
3006620,12.690051768872255
3006621,386.2731164489768
3006622,409.96347776067125
3006623,10.925082606551756
3006624,14.272538722762222
3006625,512.4340593583701
3006626,123.49500653086972
3006627,2935.1799411843176
3006628,0.8239223994316798
3006629,29.31103374329944
3006630,6.1102774174509
3006631,0.5775795116848911
3006632,7.640222920899688
3006633,3201.7803553856284
3006634,0.271695208912929
3006635,429.79818954099585
3006636,8.69496885833523
3006637,1287.2897331984389
3006638,748.4973932327703
3006639,373.9327268260389
3006640,132.69360998531553
3006641,145.45526325452644
3006642,4700.221113984747
3006643,10.864909638302306
3006644,1.1200649798006956
3006645,34.46380181406192
3006646,14.283079769322269
3006647,0.42340556332113766
3006648,309.35820933583034
3006649,5.223188833803994
3006650,2.712422207289221
3006651,4.603517927169794
3006652,116.95753409874226
3006653,2.7328691164994394
3006654,212.98012825744107
3006655,316.96051588772957
3006656,3.1214019601678897
3006657,7.314508251740913
3006658,254.3383651268751
3006659,62.083746325064155
3006660,870.9549286545972
3006661,48.143675314163275
3006662,24.930242023408066
3006663,6.1102774174509
3006664,0.5775795116848911
3006665,7.640222920899688
3006666,3151.2147875811347
3006667,0.271695208912929
3006668,422.99673810001406
3006669,8.69496885833523
3006670,1266.9501861088827
3006671,626.0310473712997
3006672,346.6370129680206
3006673,151.3834001744142
3006674,143.14302428629122
3006675,4625.998130006662
3006676,10.864909638302306
3006677,1.1200649798006956
3006678,36.30800659218331
3006679,29.00208685174077
3006680,0.42340556332113766
3006681,286.9814941748865
3006682,5.223188833803994
3006683,2.3598837610389927
3006684,6.543011781635654
3006685,132.96920870342475
3006686,2.7328691164994394
3006687,212.98012825744107
3006688,311.9405481593041
3006689,2.9838146608729095
3006690,7.314508251740913
3006691,217.6424982458999
3006692,62.083746325064155
3006693,870.9549286545972
3006694,0.8665010953172947
3006695,12.644926979286787
3006696,3.9672082035766776
3006697,0.08240187068145541
3006698,1.652109226245865
3006699,1802.7184118433836
3006700,0.0
3006701,200.7107576634689
3006702,5.651869113876146
3006703,664.9787730734267
3006704,420.76921361442623
3006705,176.43479458707384
3006706,75.53279697451121
3006707,73.50244536441313
3006708,2735.9536534729305
3006709,7.140699275593823
3006710,0.7517277065128899
3006711,25.028420205050022
3006712,18.990065521144576
3006713,0.04314835060563157
3006714,181.75935286872684
3006715,1.5212940735090208
3006716,1.1314680985802972
3006717,4.339286990587588
3006718,64.29185153741562
3006719,2.340696731981126
3006720,145.81509831928784
3006721,165.42266438730115
3006722,1.733357278944144
3006723,4.808478512440349
3006724,149.01402297566037
3006725,42.28274075955565
3006726,515.3430812607326
3006727,25.556026547023716
3006728,6.935528368894663
3006729,4.44376522203298
3006730,0.11438297092588191
3006731,7.829867844595857
3006732,2374.576390633343
3006733,0.16877709930966298
3006734,307.24452081101896
3006735,7.784585350284527
3006736,619.1234023957004
3006737,568.3213573985737
3006738,194.9708090388504
3006739,103.5371770946449
3006740,63.08429818231333
3006741,2869.827029435542
3006742,10.513157323252457
3006743,0.7454974087648236
3006744,13.928856000442636
3006745,25.387297804437623
3006746,0.25965908498044915
3006747,193.72634951715693
3006748,5.205101779032832
3006749,2.1104920088688655
3006750,4.247731241899502
3006751,123.16936479465167
3006752,4.849258757609645
3006753,222.52943874224718
3006754,224.89873987614672
3006755,3.89673562865892
3006756,6.087773814895506
3006757,197.1113828322645
3006758,56.160013807757394
3006759,1364.946032376704
3006760,0.41852834124947286
3006761,5.626884636621454
3006762,6.181914162478501
3006763,0.5392000990885422
3006764,9.918730278901403
3006765,3765.1722545198877
3006766,0.6505159446756947
3006767,669.4845879192862
3006768,14.1841036370143
3006769,1178.8414320473132
3006770,1153.4224213135851
3006771,373.6470158771881
3006772,207.18897504680172
3006773,109.76932903544059
3006774,4414.284200979359
3006775,17.377863488876926
3006776,1.5911809193454753
3006777,45.510816763939445
3006778,54.26264558471613
3006779,0.6213852596158497
3006780,316.2672389564777
3006781,9.72548159464405
3006782,22.107957772820974
3006783,8.19307570461806
3006784,219.01876076662464
3006785,10.12714083635339
3006786,348.16547774820333
3006787,368.9940802186826
3006788,11.964880538884136
3006789,11.251174969528154
3006790,341.434349334416
3006791,97.80074459314706
3006792,2649.0999428058876
3006793,1.1158562075901886
3006794,10.84927234365205
3006795,4.162692552234942
3006796,0.182786251082561
3006797,5.142851725110789
3006798,2240.1207353074633
3006799,0.10007060349479248
3006800,376.3830095277167
3006801,6.229169808493499
3006802,670.2800696573975
3006803,632.6732673722138
3006804,191.09618836188696
3006805,89.16526025846713
3006806,51.73740935342715
3006807,2671.104071132476
3006808,7.7497226740825775
3006809,1.0456298244998596
3006810,11.623199080707177
3006811,19.781863139881104
3006812,0.26432539615743883
3006813,149.60956469312413
3006814,1.9995186308695128
3006815,10.26691707166771
3006816,3.5044196596336863
3006817,112.16469843835067
3006818,4.953950687484531
3006819,165.2380994128839
3006820,207.07454962319684
3006821,3.8264473728072743
3006822,4.832798980137833
3006823,162.03340116599998
3006824,44.313623014024785
3006825,1059.4472086540363
3006826,0.6453706493527072
3006827,4.050359959045979
3006828,3.088379507834306
3006829,0.0
3006830,3.0533222174047583
3006831,1520.2296570719277
3006832,0.0
3006833,248.01381401358475
3006834,4.470278957525649
3006835,465.87629008678624
3006836,330.9868566275503
3006837,89.93739363436177
3006838,57.37583397336114
3006839,38.906150817141665
3006840,1833.6164732404811
3006841,5.030261392063506
3006842,0.5479185135063803
3006843,8.55191566073332
3006844,7.370273329341065
3006845,0.0
3006846,95.62442914793601
3006847,1.5949074844481061
3006848,6.277958850144456
3006849,2.524844789711501
3006850,70.60221750010876
3006851,1.127494933542704
3006852,161.77644324257147
3006853,140.22735622035964
3006854,2.6661561989908154
3006855,3.3145843114147184
3006856,122.36661157473343
3006857,29.83346626853834
3006858,610.0956054548294
3006859,0.28617088473274227
3006860,2.821583742498441
3006861,8.018362758797196
3006862,0.47755341111136473
3006863,11.942941928026514
3006864,3442.947097044009
3006865,0.49481300387303245
3006866,652.0741892891879
3006867,12.478787294269216
3006868,1099.1549133122473
3006869,1007.8065618132091
3006870,364.8750901301208
3006871,197.55563182441819
3006872,91.12345761370179
3006873,4244.991369601959
3006874,14.284306070015761
3006875,2.0831961897761624
3006876,21.05062326189668
3006877,37.85659864658473
3006878,0.7450359053332398
3006879,340.59001608034197
3006880,5.604082114831275
3006881,18.74381080732815
3006882,6.664277380487249
3006883,191.77353769254177
3006884,4.472983076867154
3006885,289.3902313898919
3006886,353.985093468828
3006887,7.96944686834878
3006888,17.238727553598736
3006889,283.7921580918084
3006890,81.1695525827085
3006891,1823.9475044943854
3006892,1.5359756105326883
3006893,8.211308498725458
3006894,6.52889858279985
3006895,0.2775469847604993
3006896,7.446720320285982
3006897,3132.943911879489
3006898,0.2924702630156509
3006899,563.6719469340547
3006900,10.252643664027847
3006901,1174.24601147368
3006902,925.6912382194905
3006903,315.3490501796018
3006904,180.02965150030394
3006905,152.59736563995853
3006906,4695.988951751438
3006907,11.250918533958378
3006908,1.5239194409596466
3006909,18.970752637176634
3006910,31.439079942456395
3006911,0.5455563324155704
3006912,305.774828800419
3006913,1.6531023913009564
3006914,3.34604088261748
3006915,5.398452651712952
3006916,183.90009761680292
3006917,2.8638632213425788
3006918,241.4296582478418
3006919,313.3466261737815
3006920,6.209468160157877
3006921,7.506133481898966
3006922,236.75615738658664
3006923,67.5985077929778
3006924,1111.7954047829717
3006925,1.380305639307203
3006926,20.937764488188133
3006927,6.329028646489487
3006928,0.48507403513985303
3006929,2.71613801229365
3006930,2804.2448223028905
3006931,0.1695064706808498
3006932,504.44716177975715
3006933,8.539501481210108
3006934,1124.499037161621
3006935,779.766445552319
3006936,266.9615586731769
3006937,171.44968303180718
3006938,116.91970054894482
3006939,4340.065448519351
3006940,9.37670411813108
3006941,1.3161831897763994
3006942,34.251132158060884
3006943,28.03675483913504
3006944,0.4183462189396573
3006945,273.59920289036637
3006946,1.1091885048495782
3006947,2.6285410738651818
3006948,4.789712918472558
3006949,159.81494585082316
3006950,2.496260740763502
3006951,186.34944620178732
3006952,268.41870603825726
3006953,5.523569558807017
3006954,6.696871976261012
3006955,214.13637293213355
3006956,61.07214280949907
3006957,1144.979676759462
3006958,1.1538467282586766
3006959,11.813196462016556
3006960,17.66115256339803
3006961,1.1956598858053478
3006962,19.29443330089307
3006963,8745.390472238669
3006964,0.8156309703301043
3006965,1498.5546606916896
3006966,52.149370275055
3006967,2779.236710243044
3006968,2660.8220809981854
3006969,692.7978507348978
3006970,419.67679111352317
3006971,295.64496070299623
3006972,9367.139798389277
3006973,72.22104164480885
3006974,4.2532481380478115
3006975,90.96248650373087
3006976,110.89804489076184
3006977,2.093588469554536
3006978,754.428361752558
3006979,52.107385625420726
3006980,46.560501052927066
3006981,46.37543554671648
3006982,521.5379661586903
3006983,28.716308595944465
3006984,839.6343258305259
3006985,859.8213733430935
3006986,24.885178577203718
3006987,33.65651569460709
3006988,1140.4182017097653
3006989,287.9232945626929
3006990,7301.306799486387
3006991,2.276344445787701
3006992,66.90132890669578
3006993,3.4234013275649717
3006994,0.0
3006995,1.2428579024408615
3006996,1836.0278761942611
3006997,0.0
3006998,222.62062803659083
3006999,4.757521978919376
3007000,572.6389150923532
3007001,389.6267232144346
3007002,121.1773987893201
3007003,121.09981532708653
3007004,69.61824786009363
3007005,2364.567770144575
3007006,4.7576781180866154
3007007,0.3979216470177142
3007008,10.158682402827997
3007009,7.809794351884814
3007010,0.0
3007011,152.1153189979607
3007012,0.9818271604402475
3007013,0.9514357227883483
3007014,2.766583552646029
3007015,44.14401381888591
3007016,1.110151992599225
3007017,97.45885714670533
3007018,149.59738709173604
3007019,2.1206314736064398
3007020,3.6454114672069666
3007021,132.5328742413935
3007022,34.68089111603006
3007023,590.1112099165488
3007024,0.3314450038521912
3007025,4.592064714027488
3007026,5.557754175932529
3007027,0.39613724971784514
3007028,2.3250681289304262
3007029,2917.166086731541
3007030,0.09871007792617781
3007031,386.76636169018707
3007032,7.5356066529614045
3007033,1192.563194291392
3007034,752.4537600800995
3007035,286.8406167677753
3007036,189.39822984936546
3007037,118.77556457972213
3007038,4453.148430719348
3007039,7.923219932781345
3007040,0.7707039475350933
3007041,31.64417452555354
3007042,23.713486038623035
3007043,0.31904641259169453
3007044,278.12919567992753
3007045,1.8741888521788337
3007046,1.7695472424093652
3007047,6.6884707390868545
3007048,70.07287810895461
3007049,1.7690396968712179
3007050,205.9685964466576
3007051,289.1287134271193
3007052,3.6263796933963657
3007053,5.886887305061941
3007054,154.23190599097413
3007055,54.04795738708714
3007056,925.7784727700571
3007057,1.0428014697143941
3007058,10.383634393677504
3007059,2.393167911576519
3007060,0.0
3007061,0.6869028170295398
3007062,1302.1608755842249
3007063,0.0
3007064,133.08227305819182
3007065,3.4165648518761538
3007066,466.6595138248856
3007067,248.64371581595637
3007068,85.43736722325548
3007069,142.52823081788182
3007070,50.94976065382626
3007071,1967.3197963741445
3007072,3.176987481222754
3007073,0.1886079683865661
3007074,7.559766627730527
3007075,5.494169816996249
3007076,0.0
3007077,98.12176547217567
3007078,0.5554010391424409
3007079,0.4969360873512759
3007080,1.3903668818427108
3007081,52.0870962402306
3007082,0.6186865038037335
3007083,103.44584809269112
3007084,113.36506870572244
3007085,1.1084830652892916
3007086,2.563470722941034
3007087,101.43236606023817
3007088,20.09309113278119
3007089,300.6738539784453
3007090,0.09783630267570585
3007091,1.7310815456597057
3007092,4.885250262867993
3007093,0.1691885252876987
3007094,1.7302113941178696
3007095,2284.7125624304454
3007096,0.0
3007097,292.4913660176251
3007098,6.148103352323478
3007099,837.1094689769343
3007100,507.93294764399553
3007101,226.66563056899122
3007102,146.6822127454783
3007103,99.05626386624735
3007104,3569.3877682162447
3007105,4.178195993068459
3007106,0.7036437163753797
3007107,13.746962501342729
3007108,19.89574481989626
3007109,0.18922036801699185
3007110,219.86583731137023
3007111,1.3074992500990354
3007112,1.2546253392436275
3007113,6.152662556195322
3007114,55.618237017295
3007115,1.9554828593370743
3007116,168.04307803167052
3007117,225.51297709577184
3007118,2.4125288256345283
3007119,4.767391145573433
3007120,164.7843060790961
3007121,45.09965111275106
3007122,802.1676264377668
3007123,0.5006768237631818
3007124,4.504530630605075
3007125,4.582904789829341
3007126,0.2786924652849802
3007127,1.9859177222378874
3007128,2792.922360642797
3007129,0.08567754841704947
3007130,488.4985020443806
3007131,6.817580911893775
3007132,1011.9651359934566
3007133,605.1897553438597
3007134,230.26128122065165
3007135,148.31114338760852
3007136,108.42734036741783
3007137,3903.7833934569107
3007138,5.792187300685036
3007139,1.1371493167078888
3007140,29.00028516314501
3007141,27.87652853635383
3007142,0.2893584239137334
3007143,249.38453588563382
3007144,3.3823096518833458
3007145,3.387684438934139
3007146,5.038926957898793
3007147,103.07894594197286
3007148,2.23228767797161
3007149,183.87532635892887
3007150,259.25132584785075
3007151,2.864448144809811
3007152,5.307553865516585
3007153,180.31134411678912
3007154,49.417255434179154
3007155,755.5370759903426
3007156,1.3619859032914743
3007157,6.310657956477582
3007158,3.7736838514369575
3007159,0.0
3007160,1.0625090136137239
3007161,1830.3759955217874
3007162,0.0
3007163,129.14477752963333
3007164,4.013568370609244
3007165,599.2324860423104
3007166,293.64928329553493
3007167,109.03773556929634
3007168,130.16480148558597
3007169,66.11168886950911
3007170,2219.0286514446525
3007171,4.199996379904588
3007172,0.3482778103322519
3007173,8.754760440309054
3007174,6.879450881481328
3007175,0.0
3007176,136.9016344304331
3007177,1.0866944744827438
3007178,1.2572434035767266
3007179,1.4343114480538333
3007180,70.25593035209971
3007181,1.1291360241650803
3007182,145.78426673094168
3007183,148.3208658891343
3007184,1.6693498859504285
3007185,2.9615934694744164
3007186,112.1258785533324
3007187,32.21028493720176
3007188,497.33755611702793
3007189,0.22200961850839457
3007190,2.7153648517903024
3007191,3.9147853978894736
3007192,0.017355668598368092
3007193,1.802764539220045
3007194,2978.642921055439
3007195,0.0
3007196,430.3429857290838
3007197,6.260204405879038
3007198,1048.7425864617355
3007199,688.2979090203576
3007200,239.95609479160592
3007201,130.8712417570694
3007202,152.8507453201333
3007203,4057.739987607916
3007204,6.809743482141032
3007205,0.7616985047961322
3007206,27.07336786921207
3007207,20.555130589208158
3007208,0.11514322879856292
3007209,238.88184437059832
3007210,1.496454338765766
3007211,6.730272337054163
3007212,2.424457973652165
3007213,100.00690899541979
3007214,1.9813927489732146
3007215,175.34951168364344
3007216,258.7457590727107
3007217,2.71395844827433
3007218,5.016671158933187
3007219,171.94988805387737
3007220,48.54095182115334
3007221,1275.8222762835392
3007222,0.6606013368834631
3007223,2.1780384969615847
3007224,8.628204404429589
3007225,0.27627814252504246
3007226,10.495121453121804
3007227,3324.690388443567
3007228,0.2441820355294523
3007229,543.3376802297109
3007230,21.086399804525772
3007231,1252.3072286275528
3007232,868.8665266322256
3007233,299.8692555999453
3007234,163.36787146794754
3007235,93.54225057341048
3007236,4300.220228773583
3007237,24.790368603238527
3007238,1.533953056453654
3007239,30.35609999872281
3007240,29.178395812460778
3007241,0.3621616260973562
3007242,320.0403326130319
3007243,16.55326649268663
3007244,16.742914872111765
3007245,4.838356519875639
3007246,192.4982380112387
3007247,9.568607157272682
3007248,242.07439267319674
3007249,326.7888098821387
3007250,8.875189901034199
3007251,11.39514868381847
3007252,251.34050644451995
3007253,76.20994590459821
3007254,1995.2937617315713
3007255,0.9780374278344135
3007256,10.280278562461302
3007257,8.628204404429589
3007258,0.27627814252504246
3007259,10.495121453121804
3007260,3218.707897234242
3007261,0.2441820355294523
3007262,543.3376802297109
3007263,13.956993777559358
3007264,1252.3072286275528
3007265,868.8665266322256
3007266,299.8692555999453
3007267,156.47327637777778
3007268,93.54225057341048
3007269,4300.220228773583
3007270,23.6807235016733
3007271,1.533953056453654
3007272,30.35609999872281
3007273,29.178395812460778
3007274,0.3621616260973562
3007275,308.71497306465346
3007276,16.55326649268663
3007277,13.059669505080045
3007278,6.721726328283433
3007279,161.6283216009988
3007280,9.568607157272682
3007281,242.07439267319674
3007282,364.4948162566204
3007283,7.588763982402256
3007284,11.39514868381847
3007285,251.34050644451995
3007286,76.20994590459821
3007287,1988.379855779357
3007288,0.9780374278344135
3007289,10.280278562461302
3007290,8.628204404429589
3007291,0.3514455541401436
3007292,7.449315336034603
3007293,3812.564197406409
3007294,0.2441820355294523
3007295,541.4754656423652
3007296,13.956993777559358
3007297,1399.351818769264
3007298,1012.4002955364062
3007299,299.8692555999453
3007300,189.06114454349319
3007301,176.49807992256845
3007302,5269.187111940415
3007303,23.6807235016733
3007304,1.5662710274206684
3007305,27.525097494856414
3007306,29.178395812460778
3007307,0.3621616260973562
3007308,320.0403326130319
3007309,7.846842407292528
3007310,12.293803087145434
3007311,19.249414868537986
3007312,150.04271390984758
3007313,5.246777617192015
3007314,242.07439267319674
3007315,336.25646832640894
3007316,7.588763982402256
3007317,11.39514868381847
3007318,251.34050644451995
3007319,76.20994590459821
3007320,1554.890757634481
3007321,29.301341966488707
3007322,22.676667094035608
3007323,6.758342297803749
3007324,0.07024260447675576
3007325,7.391502600679579
3007326,3221.3531145919396
3007327,0.08178164833466244
3007328,527.4688778326705
3007329,15.455556715478183
3007330,1075.8953677156057
3007331,1046.3886224584396
3007332,303.0145159205079
3007333,161.10569397164747
3007334,107.74119270935996
3007335,3885.2254051339683
3007336,25.011256724872027
3007337,1.3475316683775902
3007338,29.04279092712082
3007339,24.705213356022448
3007340,0.22969182873331484
3007341,275.8935518967622
3007342,21.486900451927813
3007343,17.18592589704993
3007344,3.769420798388798
3007345,150.7311546174293
3007346,10.207678305630267
3007347,316.05011630767353
3007348,308.77180436927216
3007349,8.74477565691338
3007350,12.070906093369627
3007351,415.33220623890793
3007352,93.26334198057654
3007353,2505.2877076178233
3007354,0.5080658768364588
3007355,22.59163110455319
3007356,6.708106523685809
3007357,0.13511005341039972
3007358,5.521348139166994
3007359,3608.4450446986752
3007360,0.0
3007361,507.60765587998173
3007362,18.81794664522922
3007363,1525.342738712193
3007364,863.4554199982283
3007365,293.0069545635867
3007366,141.28656149293786
3007367,133.20710092126228
3007368,5110.8124361852515
3007369,15.23363726398431
3007370,1.0544942355925244
3007371,21.510259654533833
3007372,27.803525045276807
3007373,0.0905135033906195
3007374,317.99846088652606
3007375,1.765448057372312
3007376,2.075310727487197
3007377,7.474576971107938
3007378,109.32102437948596
3007379,3.546297780013804
3007380,204.98867910590394
3007381,318.20498131937063
3007382,4.937072485175769
3007383,8.923254889337493
3007384,217.26014310717042
3007385,60.8124068332886
3007386,1395.088103697511
3007387,0.5835687072213163
3007388,10.495464634542166
3007389,8.304024369277904
3007390,0.24524259406658724
3007391,7.985047694386167
3007392,3320.2432713114094
3007393,0.24099782789955912
3007394,539.9670199209439
3007395,13.918714673419656
3007396,1212.0892066384113
3007397,857.8359554868345
3007398,316.25959261255286
3007399,161.36784858939103
3007400,99.66646950596869
3007401,4164.663056574624
3007402,19.62646607827046
3007403,1.312034442975201
3007404,28.757152134508214
3007405,20.670970810228347
3007406,0.3586754759046138
3007407,297.8826025988748
3007408,9.409640867648577
3007409,14.509477322530145
3007410,6.618111573573388
3007411,187.09594134299675
3007412,9.238543460309923
3007413,255.64218347136534
3007414,338.5138973861777
3007415,8.22476724434211
3007416,11.3634260532985
3007417,243.87135159308943
3007418,76.01234419372929
3007419,2174.853610779577
3007420,0.9729750802919613
3007421,8.694421911204753
3007422,8.304024369277904
3007423,0.24524259406658724
3007424,10.42712008422456
3007425,3253.2290740242197
3007426,0.24099782789955912
3007427,539.9670199209439
3007428,13.918714673419656
3007429,1212.0892066384113
3007430,857.8359554868345
3007431,316.25959261255286
3007432,161.36784858939103
3007433,99.66646950596869
3007434,4164.663056574624
3007435,19.62646607827046
3007436,1.312034442975201
3007437,23.207293049525408
3007438,31.315373792360635
3007439,0.3586754759046138
3007440,292.1590810935657
3007441,9.409640867648577
3007442,14.509477322530145
3007443,9.838625477078754
3007444,162.71687566475126
3007445,9.238543460309923
3007446,255.64218347136534
3007447,331.5448564054947
3007448,8.22476724434211
3007449,11.3634260532985
3007450,250.69469695442424
3007451,76.01234419372929
3007452,2174.853610779577
3007453,0.9729750802919613
3007454,9.72274604031611
3007455,5.93568831923502
3007456,0.026023943787967276
3007457,5.909582842792775
3007458,3796.3670658589913
3007459,0.005850456875867793
3007460,447.6577436614936
3007461,8.95321339481713
3007462,1176.2149374059034
3007463,806.615982008474
3007464,271.6195333911136
3007465,139.52248847857106
3007466,139.06003352984055
3007467,4853.220811779109
3007468,7.487744204446235
3007469,0.8184436702312883
3007470,29.637706688580245
3007471,23.954009692628144
3007472,0.08436343526073346
3007473,266.9609539075541
3007474,1.4602862566815338
3007475,6.0887508510166946
3007476,3.0779835750526785
3007477,106.69565368867654
3007478,4.080719074366295
3007479,170.22215111154674
3007480,274.8002233905652
3007481,4.175362887590093
3007482,7.248419551770606
3007483,166.92137151028302
3007484,51.9895981593362
3007485,959.1357056337633
3007486,1.1171739684240405
3007487,1.7890312547216993
3007488,28.969978244234294
3007489,0.43034669890119115
3007490,24.363588655491633
3007491,10660.980098475608
3007492,0.7155773115532866
3007493,1732.8413084204249
3007494,55.96953116488315
3007495,3152.2536821843923
3007496,2995.662555151432
3007497,1039.2302433987297
3007498,403.5798531828728
3007499,309.3434973934796
3007500,11216.742528384235
3007501,85.73828338337916
3007502,3.777459257150394
3007503,111.68276976083611
3007504,136.12585567317896
3007505,1.6234833156090915
3007506,983.1097592027185
3007507,98.89294939372274
3007508,45.31705067165723
3007509,87.83292851979412
3007510,607.23039583717
3007511,29.633533900347967
3007512,795.8127900433283
3007513,1241.3982133695413
3007514,40.71969785225271
3007515,50.99060025751033
3007516,1109.7213326756607
3007517,267.92155405485533
3007518,6663.553112939593
3007519,404.673053723798
3007520,65.12013182072437
3007521,26.536672352414016
3007522,0.3418045492080748
3007523,32.701613422719774
3007524,10071.888445775627
3007525,0.5936993838015855
3007526,1592.0682242066418
3007527,51.92230557114108
3007528,3162.357775809287
3007529,2670.947494705747
3007530,954.7724450151505
3007531,370.73142958913627
3007532,284.1462598599171
3007533,10553.139319047401
3007534,78.6958766694617
3007535,2.6075884922781216
3007536,98.32754911104949
3007537,122.72178148650812
3007538,1.437105990702583
3007539,851.6131149453809
3007540,72.97057410620121
3007541,41.55650231981569
3007542,50.95022250124141
3007543,599.3813437500883
3007544,27.14635296482849
3007545,965.6162988489282
3007546,1134.3728251528073
3007547,34.907774677520834
3007548,49.704651594185044
3007549,1019.5402607728095
3007550,248.81684713477023
3007551,6161.368003805122
3007552,318.3290248209762
3007553,63.29107546128691
3007554,22.98178188456638
3007555,0.22267036304530324
3007556,27.293435537289064
3007557,7919.569394541904
3007558,0.3413268434869408
3007559,1341.0099803150197
3007560,42.32878958235061
3007561,2804.152404530262
3007562,2373.3533737783955
3007563,823.2083125690042
3007564,237.35756166846286
3007565,232.45623665348953
3007566,9138.756041667159
3007567,64.24896890877474
3007568,2.367318024411804
3007569,71.20071509863494
3007570,98.61331696439831
3007571,1.051174593513674
3007572,778.742224533896
3007573,61.31324383460753
3007574,33.84205222120205
3007575,26.991322864016166
3007576,384.13722922287195
3007577,20.221214012347687
3007578,754.9761542318965
3007579,1008.4545313855745
3007580,29.221547773928066
3007581,27.426348005374017
3007582,808.9747434387547
3007583,173.0675113026844
3007584,4293.647922613317
3007585,321.78472278859965
3007586,46.07178654337894
3007587,25.417500845255713
3007588,0.34685135177570753
3007589,29.642171034280935
3007590,8639.225008557376
3007591,0.4775592235864895
3007592,1477.3117434709616
3007593,46.729494869282135
3007594,2820.361549471152
3007595,2614.5054933217143
3007596,906.9193488942099
3007597,311.3443135936546
3007598,256.1673097024039
3007599,10067.038902128399
3007600,70.87600569451132
3007601,2.638815974373146
3007602,69.28234205316156
3007603,108.730582063181
3007604,1.2595029351337252
3007605,827.6362704634315
3007606,139.73325884961298
3007607,37.38079874274912
3007608,55.377037361205296
3007609,556.132944804443
3007610,22.376554828452186
3007611,758.4379732697887
3007612,1085.5502224504492
3007613,32.29101097264509
3007614,42.082207007176606
3007615,891.2401418052921
3007616,190.74674547138522
3007617,4879.440734946828
3007618,303.62143309725514
3007619,50.8526507656082
3007620,19.976295577348562
3007621,0.1630645297282605
3007622,15.54459884773738
3007623,6639.796520583823
3007624,0.24096737482630246
3007625,1124.1735530536594
3007626,37.13990284007588
3007627,2423.5517845719005
3007628,1930.8534347864947
3007629,757.289323134415
3007630,200.54323446177182
3007631,187.67085975254986
3007632,7661.992027102696
3007633,51.73184918275748
3007634,1.863166404591234
3007635,53.02505368215173
3007636,61.97496426178921
3007637,0.726831751527778
3007638,615.4505769349479
3007639,51.24492738215416
3007640,27.93811119766522
3007641,31.36392878276179
3007642,336.36039618457863
3007643,13.607085592874004
3007644,654.1692875002077
3007645,790.1225304685778
3007646,23.423958354228603
3007647,21.973143038194024
3007648,682.4671194585093
3007649,128.8433470030733
3007650,3808.061118924943
3007651,230.85365450022132
3007652,33.202344029877956
3007653,24.63821223394894
3007654,0.4215520154641303
3007655,26.503064046223972
3007656,8100.215785417243
3007657,0.5167685263531575
3007658,1374.239886701794
3007659,45.61637799631242
3007660,2678.1587153202945
3007661,2567.204709329066
3007662,843.6167785801438
3007663,347.50972271578485
3007664,240.26720655145817
3007665,9365.06824658178
3007666,63.45133917239587
3007667,2.431564597128029
3007668,81.34022930838181
3007669,72.06268210798098
3007670,1.0147151376779588
3007671,769.8615288636589
3007672,18.356849488499066
3007673,34.369516690855825
3007674,33.02020948730143
3007675,411.3376982754468
3007676,21.7360413060282
3007677,679.9893499597449
3007678,1033.4499338577482
3007679,28.852107373765094
3007680,37.6318898676217
3007681,799.0732851952431
3007682,198.45834593141765
3007683,6158.2800525085695
3007684,151.3278975887804
3007685,51.768828513634325
3007686,6.74672492751176
3007687,0.06051137836027555
3007688,9.69648463493565
3007689,2898.9068646307855
3007690,0.013008171948011302
3007691,501.37247155028797
3007692,21.74902205025235
3007693,994.7292958331019
3007694,749.6581140325659
3007695,274.23071324670906
3007696,129.09218921227543
3007697,100.82805098564313
3007698,3559.888430781397
3007699,23.3576101198395
3007700,1.1982890610449355
3007701,31.479163960958115
3007702,29.55971245886382
3007703,0.17402329331513117
3007704,260.9432411437225
3007705,18.279941262697648
3007706,13.356209329044985
3007707,10.873604628351197
3007708,139.29511155168743
3007709,9.495158361806087
3007710,295.89388725642465
3007711,314.61224657754724
3007712,5.9337737205334005
3007713,11.239932806895098
3007714,364.3372375731365
3007715,87.2706190185925
3007716,2108.182704136661
3007717,0.41219169267943456
3007718,16.122267540097603
3007719,17.43257520624283
3007720,0.12852419724025307
3007721,18.742658005226115
3007722,5295.7507597501535
3007723,0.3288340767986406
3007724,853.8177669139524
3007725,32.51481317881751
3007726,1768.2735788100615
3007727,1526.5453087750147
3007728,535.52737594412
3007729,182.22278698259188
3007730,164.7914191183879
3007731,6249.888948373019
3007732,45.33724635702774
3007733,1.6859758717757107
3007734,46.47362857019011
3007735,53.822087920582895
3007736,0.5314631809644975
3007737,492.22421300227853
3007738,33.75539487675985
3007739,22.126933084671236
3007740,7.09145213691917
3007741,352.9958663316999
3007742,15.936276088801856
3007743,488.59682887569465
3007744,558.3764200490594
3007745,18.747850765045747
3007746,26.774370882276926
3007747,574.2121429254444
3007748,109.7610550806732
3007749,2724.3802301836995
3007750,189.18294745637942
3007751,31.207165999841322
3007752,17.05230035290578
3007753,0.07363084755738379
3007754,17.02783029405395
3007755,5295.7507597501535
3007756,0.264197311520057
3007757,928.5420135673319
3007758,30.218042473183953
3007759,1794.4109457822442
3007760,1645.3930468116475
3007761,509.4297655125885
3007762,207.48841436196727
3007763,153.42973040346473
3007764,5917.108123765252
3007765,42.16175409201904
3007766,1.676468744013377
3007767,53.627287239326705
3007768,51.15544767491626
3007769,0.7765583306436927
3007770,437.0153719955025
3007771,11.86505084039733
3007772,31.27665417723993
3007773,6.697870047425394
3007774,230.43707418564023
3007775,15.112466614497515
3007776,455.04475003422584
3007777,473.0832869677949
3007778,22.702441386880956
3007779,19.941150482130332
3007780,534.7928451854568
3007781,102.17059813027791
3007782,3343.680103337804
3007783,3.691627535479244
3007784,33.758747675960805
3007785,3.5471690265909164
3007786,0.22272070719544798
3007787,17.371445194304385
3007788,4089.763557209015
3007789,0.33970855838774555
3007790,712.6984536648438
3007791,3.981734577832225
3007792,1399.6657321788164
3007793,1047.8778571433818
3007794,382.8591481053396
3007795,39.33296647027955
3007796,14.509072480916432
3007797,5695.15761546267
3007798,5.839905855721207
3007799,1.5714742138335343
3007800,40.795145280735724
3007801,36.59011086416331
3007802,0.6759861871013882
3007803,305.3711534401458
3007804,3.901370840954506
3007805,5.929682916183101
3007806,4.210338703433989
3007807,220.87379827718482
3007808,3.249519425351413
3007809,44.2927452747673
3007810,369.94372672167634
3007811,3.4990434689575367
3007812,7.225748726657346
3007813,72.56013111426657
3007814,44.47328973008772
3007815,3310.91527490643
3007816,2.1869457570987176
3007817,3.707297828910249
3007818,6.924470068728039
3007819,0.2724296449388063
3007820,8.82350488341969
3007821,3074.920865867585
3007822,0.3443163499074656
3007823,536.3012001531843
3007824,9.498577956236536
3007825,1199.0356886576787
3007826,743.7268097575471
3007827,334.22938559683223
3007828,120.67038679065816
3007829,77.32639946610212
3007830,3861.02642655081
3007831,13.51522914840714
3007832,1.7974597163485888
3007833,17.07829326188458
3007834,32.43648615797075
3007835,0.3511199041086011
3007836,297.6074307792138
3007837,5.444047262912775
3007838,9.971872127555159
3007839,5.66050343553048
3007840,204.96236746483729
3007841,4.97995638816189
3007842,150.58682292916066
3007843,343.02841244607475
3007844,6.902760906712013
3007845,7.952722354595915
3007846,139.34745472131831
3007847,76.813660108363
3007848,1641.9236368154998
3007849,1.2651712180938166
3007850,5.194174941872914
3007851,5.8363136997225284
3007852,0.004102938410495082
3007853,0.8845781991057174
3007854,2083.1088387738546
3007855,0.0
3007856,282.234727700809
3007857,4.864353889300396
3007858,1097.6435467034248
3007859,345.9430783786734
3007860,238.3380416924399
3007861,58.58280406037529
3007862,84.27897832853162
3007863,3061.418971802732
3007864,6.6053279583874644
3007865,0.6382920093969304
3007866,13.139301702562268
3007867,9.016934053956362
3007868,0.01376433990618768
3007869,227.81367095174915
3007870,0.6509772733337341
3007871,0.626101275860971
3007872,2.7831761400546515
3007873,47.38460141187173
3007874,1.5136417498875188
3007875,74.57713562757685
3007876,218.82557213847804
3007877,0.5947675922471527
3007878,4.00086129558271
3007879,75.65558246149192
3007880,56.84676190077894
3007881,529.9770596774225
3007882,0.39014050697381025
3007883,3.9044916261798237
3007884,7.83375884900451
3007885,0.2218621656540031
3007886,9.255028181017298
3007887,3907.6096106019822
3007888,0.1902703113219664
3007889,687.3473835002842
3007890,23.33749906314829
3007891,1363.3415877191155
3007892,1255.1139814158605
3007893,386.2601087074275
3007894,190.39636805980314
3007895,141.64775278054137
3007896,4922.541412126384
3007897,32.800875205530055
3007898,1.5917796839277614
3007899,41.67174753411561
3007900,40.87271258447975
3007901,0.3555212164920131
3007902,370.09520541021107
3007903,23.92933066422895
3007904,21.73334000389161
3007905,21.88111262936676
3007906,204.8378292802506
3007907,12.621301447657498
3007908,418.3608508564365
3007909,420.30006651851113
3007910,11.232688138031985
3007911,16.238577583829233
3007912,583.379838772538
3007913,122.00830656598373
3007914,2860.1890952634667
3007915,0.7676876378824965
3007916,30.545503329043424
3007917,7.83375884900451
3007918,0.2218621656540031
3007919,7.887494834291538
3007920,4184.636837125496
3007921,0.20288159344699827
3007922,694.6406369493336
3007923,23.595362393841775
3007924,1377.7972088616198
3007925,1312.4998283846276
3007926,371.78922815133944
3007927,208.6151254313921
3007928,143.15914984531338
3007929,4974.707856346638
3007930,33.159005933680774
3007931,2.0450297668581148
3007932,42.12386789854204
3007933,53.03438121111681
3007934,0.3769893120068509
3007935,353.5191742415024
3007936,23.92933066422895
3007937,25.06157991025332
3007938,10.86069734635332
3007939,270.3065445225257
3007940,14.59924865490209
3007941,422.8041087887212
3007942,364.79880540508736
3007943,9.702591895823655
3007944,17.09781167935721
3007945,589.5715239257671
3007946,123.31161762320333
3007947,4387.686779424607
3007948,0.7864168351902141
3007949,30.545503329043424
3007950,7.9781705385068955
3007951,0.30519655598335943
3007952,10.511014787313927
3007953,4656.430752311175
3007954,0.34356739609273834
3007955,789.2234462912668
3007956,28.89965219661612
3007957,1565.265431101843
3007958,1604.25418065151
3007959,423.3544871189911
3007960,235.4039635101961
3007961,159.8357234850178
3007962,5467.588585547327
3007963,36.243909640292664
3007964,2.4524456174427427
3007965,52.10049553098419
3007966,63.966081009827576
3007967,0.5380382861117359
3007968,425.0176462504146
3007969,28.207062374673765
3007970,27.613046582598994
3007971,16.955357491244545
3007972,285.63584622609636
3007973,17.280310727233488
3007974,478.00022905928813
3007975,468.43588385714077
3007976,16.256480546813606
3007977,21.944109460680274
3007978,658.643861451844
3007979,138.42198377466107
3007980,3989.1880618502523
3007981,0.9152821051970119
3007982,32.09081567118418
3007983,12.03318254140592
3007984,0.37418073577779043
3007985,8.841206705611418
3007986,4147.459545558111
3007987,0.19734290818773728
3007988,604.3530279823665
3007989,19.852295162245838
3007990,1799.9996155030924
3007991,1084.4010387780652
3007992,484.38837147367065
3007993,184.22845790396292
3007994,163.62276876588442
3007995,6450.716449520895
3007996,22.203136327274418
3007997,1.989054489520172
3007998,41.975069119472586
3007999,37.33761128700816
3008000,0.3708908864812021
3008001,436.14566899982094
3008002,17.008272717414336
3008003,7.622845290717081
3008004,11.118551598510745
3008005,185.1377834209003
3008006,6.612550920952845
3008007,394.2660966340909
3008008,427.84366956767735
3008009,7.9540565820986675
3008010,16.09322034130453
3008011,482.25389011170023
3008012,98.09529724647065
3008013,1359.465440201711
3008014,49.37016108451581
3008015,26.0599717040634
3008016,2.7700920936182327
3008017,0.0
3008018,2.6648745891046226
3008019,1493.1605869524305
3008020,0.0
3008021,217.20572488351297
3008022,7.8927563821109805
3008023,402.025343504023
3008024,406.6497425604797
3008025,113.2578393324983
3008026,70.07333386016693
3008027,44.56766081517192
3008028,1734.978138013518
3008029,10.854097594986918
3008030,0.5289151816453072
3008031,9.182593197545273
3008032,13.145171040305462
3008033,0.0
3008034,116.07823317715675
3008035,7.683802789667441
3008036,7.174748145449504
3008037,2.8292801714325995
3008038,51.769921092218055
3008039,4.107669877446581
3008040,143.48909796885647
3008041,110.51407938216903
3008042,3.910777792499312
3008043,4.956797786611939
3008044,177.4744308194351
3008045,41.95858778706794
3008046,1222.619636742868
3008047,0.0
3008048,10.270758884171693
3008049,3.0900725055747476
3008050,0.0025575307327035356
3008051,1.3005671801220382
3008052,1772.9005444986617
3008053,0.0
3008054,229.6899933541001
3008055,4.2727325119756
3008056,678.1661794923893
3008057,441.43857946760767
3008058,199.57724682237878
3008059,64.16369472882462
3008060,39.003887132653425
3008061,3221.8409769275586
3008062,4.759260357411524
3008063,0.35362589777185344
3008064,9.382089673465845
3008065,7.020617385606102
3008066,0.0
3008067,190.77069954905284
3008068,3.8493315278117324
3008069,0.8336602921041745
3008070,2.1646416384039133
3008071,10.587270098181246
3008072,1.090728398544854
3008073,166.66956365721654
3008074,198.0848160679965
3008075,1.2996316041253708
3008076,4.051720515729578
3008077,157.88444585565972
3008078,36.80943766027525
3008079,316.51493501401166
3008080,6.089811770551091
3008081,3.348120482385092
3008082,7.2040812774745016
3008083,0.6542301348355422
3008084,4.092597572271536
3008085,4359.836990215485
3008086,0.34764965678188664
3008087,837.8043322516293
3008088,10.812385574600224
3008089,1755.3900376387578
3008090,849.1989999004404
3008091,452.1422180887097
3008092,134.388478403189
3008093,79.24188837823239
3008094,6782.347780783635
3008095,45.8367838861986
3008096,1.0377518583214849
3008097,38.095579910531455
3008098,30.10129108537588
3008099,0.527975993769227
3008100,397.43571366398635
3008101,7.7988729369920025
3008102,2.4897649753268
3008103,6.062151364245336
3008104,76.86077361057879
3008105,3.7928339431660265
3008106,370.965910873515
3008107,412.63201446436733
3008108,2.821128803755356
3008109,9.133005135151494
3008110,304.84103643235335
3008111,74.84014689170318
3008112,849.1144840468075
3008113,61.21350384479867
3008114,7.721687401168977
3008115,3.8855950481478434
3008116,0.08844741803349596
3008117,1.3015339658422258
3008118,2073.361261933228
3008119,0.0
3008120,237.41590500905582
3008121,5.888010202652973
3008122,807.9461500700548
3008123,459.1034982176666
3008124,239.50695249498264
3008125,69.15082858806518
3008126,45.42822412260935
3008127,3180.4846288561816
3008128,10.363311396226944
3008129,0.6291631083441023
3008130,11.049378717180877
3008131,17.55775406486215
3008132,0.055315735903739296
3008133,215.06156693357335
3008134,3.2273394218211195
3008135,0.7175243585025313
3008136,12.97486425778786
3008137,46.09925127058011
3008138,1.8425120122878629
3008139,180.6405546916679
3008140,219.78142011005923
3008141,1.4288692044439435
3008142,4.862990552176365
3008143,167.39785777324667
3008144,42.88136182416653
3008145,350.0175663049903
3008146,4.016882062713925
3008147,4.046397406303582
3008148,4.136288764859149
3008149,0.036907502915049496
3008150,3.2792245849510864
3008151,1872.7490813404804
3008152,0.0
3008153,220.0163863001648
3008154,4.671743645443689
3008155,758.456157015012
3008156,430.264399576336
3008157,173.56813232243297
3008158,61.454214735536624
3008159,38.08091367308194
3008160,2819.689999612806
3008161,5.854486916483327
3008162,0.5015266909809187
3008163,10.16774860059104
3008164,16.203414936210883
3008165,0.0
3008166,198.88603545794683
3008167,2.3869326512820086
3008168,0.5918563688099685
3008169,2.826620963018355
3008170,27.158430537618273
3008171,1.6345308162758205
3008172,149.76927623167288
3008173,203.6688606328105
3008174,1.3024835222587865
3008175,4.434006687912059
3008176,134.28819280676527
3008177,38.15528562632973
3008178,262.7298290227479
3008179,7.051020422889355
3008180,3.3022536534806677
3008181,3.8457522737097443
3008182,0.08402630513377424
3008183,1.2850228241296109
3008184,2014.0162224460016
3008185,0.0
3008186,235.519657221178
3008187,5.069590066705994
3008188,897.7324618997056
3008189,484.0496083790377
3008190,235.00578059099004
3008191,63.060659521440215
3008192,42.44303682762068
3008193,3017.54827600683
3008194,7.791349202594922
3008195,0.592449120009812
3008196,10.95111419185353
3008197,10.603795263011648
3008198,0.04692225171213677
3008199,210.83347136703557
3008200,1.4834343787899762
3008201,0.7035176848152185
3008202,3.041952174776033
3008203,29.133613394613974
3008204,1.9298834327705998
3008205,160.34503930115966
3008206,232.92540516710838
3008207,1.4079532146078069
3008208,4.815176967996557
3008209,143.77802992069326
3008210,44.063234471647625
3008211,353.1897098985063
3008212,7.6157620372832655
3008213,3.8751894646703713
3008214,9.006327888889139
3008215,0.3756654234341939
3008216,1.3455586643408814
3008217,2027.6070869786497
3008218,0.0
3008219,237.3507314497959
3008220,5.116579268702964
3008221,949.248461830758
3008222,487.80473743654983
3008223,236.8328765191771
3008224,79.84513530640187
3008225,42.77936162228061
3008226,3409.0219316018333
3008227,6.392085254882459
3008228,0.6047774506792085
3008229,11.043636637797665
3008230,18.58272823115667
3008231,0.05502725396437627
3008232,214.56312432552855
3008233,5.139467849863875
3008234,0.7167058796879295
3008235,3.0732439267914553
3008236,17.211706917306884
3008237,1.9525658351959656
3008238,145.5942525688165
3008239,211.9006992242699
3008240,1.4265949677998573
3008241,4.860196569352535
3008242,144.89886411507885
3008243,41.39880463426304
3008244,596.026464096982
3008245,18.254704047428348
3008246,3.9129319250361023
3008247,3.829848249713499
3008248,0.05148782209005834
3008249,3.2646334440382128
3008250,1842.5239541826163
3008251,0.0
3008252,224.3718041094718
3008253,4.558523615484819
3008254,817.1384946014567
3008255,439.0178243591064
3008256,220.33766683644743
3008257,94.13521570242577
3008258,37.53043669170225
3008259,2763.3830460153285
3008260,9.323739073835293
3008261,0.4786632153980024
3008262,9.944816657581274
3008263,16.110924621176125
3008264,0.0
3008265,197.0794524597048
3008266,0.9689987562283591
3008267,0.6239026099903258
3008268,2.7016151616884954
3008269,41.790377182827584
3008270,1.6831838843626463
3008271,101.76647903641393
3008272,188.97388307873263
3008273,1.29413723885528
3008274,4.325532391741012
3008275,121.69577539046792
3008276,37.25477509841137
3008277,200.11010303711828
3008278,0.16709912233390783
3008279,2.574611209815652
3008280,6.059566083105466
3008281,0.4862726818167086
3008282,6.370979055537461
3008283,3269.9541114356143
3008284,0.2599342655451789
3008285,677.8816919445683
3008286,8.10086644089936
3008287,1197.0334487957655
3008288,781.2798982341652
3008289,378.77265111346867
3008290,155.78228331688956
3008291,64.13937046984441
3008292,4924.327472318473
3008293,35.57910403709831
3008294,1.19212779498089
3008295,34.41265111203469
3008296,17.017857942901774
3008297,0.42303525776437023
3008298,318.6881580635285
3008299,2.1335944726074754
3008300,0.7984638777777251
3008301,15.725859337968636
3008302,74.20112442764804
3008303,3.3533852173959042
3008304,211.45399682961343
3008305,311.78071196002185
3008306,2.7240117355260782
3008307,7.719394281046167
3008308,275.22825702293676
3008309,61.63382563085869
3008310,275.34900263989755
3008311,40.41356093296569
3008312,7.329141733873074
3008313,2.630272630122492
3008314,0.08440016563636266
3008315,5.775857638842995
3008316,2007.1355166361327
3008317,0.0
3008318,448.6140291371191
3008319,3.6799797553936555
3008320,659.7256634078408
3008321,544.6053619566388
3008322,217.9626593510405
3008323,72.28251813495892
3008324,32.49691340463544
3008325,2952.8750263670136
3008326,20.89842014870898
3008327,0.34436390986225635
3008328,8.214950574516562
3008329,12.910251848568823
3008330,0.0
3008331,183.9400216398738
3008332,2.285409394240516
3008333,0.5953796058667106
3008334,5.002622481807917
3008335,65.09157852590717
3008336,1.4012103225584664
3008337,108.25118070591122
3008338,182.2514006678836
3008339,1.4885762837517098
3008340,3.483813599461925
3008341,124.92598823185871
3008342,31.208475737866898
3008343,449.36217413182726
3008344,44.87209773544411
3008345,2.8765989099656575
3008346,5.18096111755791
3008347,0.25831442220051093
3008348,2.2440334512514086
3008349,2487.593666549763
3008350,0.01553144403394202
3008351,308.67158345525814
3008352,6.1747793682023495
3008353,977.2556077340616
3008354,572.777204543734
3008355,287.3131500903524
3008356,98.81814642906356
3008357,50.35341940679471
3008358,3629.4878873952043
3008359,13.303458123055401
3008360,1.0306901541685416
3008361,13.127248560177692
3008362,11.577327275823432
3008363,0.17847149849674315
3008364,240.35450182684826
3008365,4.732538204916395
3008366,0.9710113870350076
3008367,3.733126853006222
3008368,37.23449304663737
3008369,2.4803774580889884
3008370,166.49070685127018
3008371,226.61451084293284
3008372,1.9254743330057795
3008373,5.609031644265148
3008374,170.1401281845894
3008375,48.378142488536305
3008376,621.6697826474687
3008377,5.267684053527401
3008378,4.630212970064381
3008379,9.104951411004603
3008380,0.2550100944407306
3008381,12.744614013439525
3008382,3743.7594696883234
3008383,0.23173140973530182
3008384,728.1206493891616
3008385,22.835192594696338
3008386,1293.4945517147432
3008387,1227.221633597362
3008388,355.73732909664113
3008389,186.21288273284512
3008390,121.13468186357767
3008391,4775.075363069699
3008392,31.749469745812668
3008393,8.809661255184482
3008394,26.292333169631124
3008395,36.95379047931207
3008396,0.46646740820043253
3008397,332.6059801557931
3008398,25.022771620961404
3008399,20.91072015105316
3008400,8.501918047307614
3008401,146.97492421058504
3008402,12.690051768872255
3008403,386.2731164489768
3008404,385.57641973271825
3008405,10.925082606551756
3008406,14.272538722762222
3008407,512.4340593583701
3008408,123.49500653086972
3008409,2952.4485774602845
3008410,0.8480368795415424
3008411,31.38430789257955
3008412,6.4330049012518105
3008413,0.6491840689209256
3008414,8.3201672790651
3008415,3551.559321611511
3008416,0.329416022158116
3008417,745.5700302897114
3008418,8.582286512301554
3008419,1412.7836796313454
3008420,923.9231688837282
3008421,400.0962751659903
3008422,138.76181236584796
3008423,67.58513034186672
3008424,5188.515847405977
3008425,22.394412053153065
3008426,1.216292341442911
3008427,17.86766636115251
3008428,31.363108074779497
3008429,0.48801233868427796
3008430,321.9922480599888
3008431,5.505652365905046
3008432,2.880924870043922
3008433,11.30008353224338
3008434,100.5893951661985
3008435,2.9315529735423773
3008436,222.6924452770881
3008437,390.83682689756574
3008438,3.3084677532792366
3008439,7.691894416806796
3008440,274.4322773303715
3008441,64.94704652067337
3008442,939.5736251559454
3008443,59.019303410345586
3008444,6.98471945405966
3008445,6.4330049012518105
3008446,0.6491840689209256
3008447,8.3201672790651
3008448,3495.471435673793
3008449,0.329416022158116
3008450,733.7831659722963
3008451,8.582286512301554
3008452,1390.4628313118328
3008453,780.3714982444701
3008454,370.89581232795274
3008455,158.29991108165626
3008456,67.58513034186672
3008457,5272.667368809317
3008458,36.05379840338194
3008459,1.216292341442911
3008460,39.243968873363855
3008461,31.363108074779497
3008462,0.48801233868427796
3008463,316.8928392316132
3008464,5.505652365905046
3008465,2.5123851007760876
3008466,6.723866063268348
3008467,114.37924208963481
3008468,2.9315529735423773
3008469,222.6924452770881
3008470,344.4442781126937
3008471,3.16463552143135
3008472,7.691894416806796
3008473,274.4322773303715
3008474,64.94704652067337
3008475,1041.8000757648892
3008476,0.9770169806720413
3008477,6.290760042036858
3008478,3.9672082035766776
3008479,0.08240187068145541
3008480,1.652109226245865
3008481,1904.3564218903152
3008482,0.0
3008483,241.36019118451063
3008484,5.28910079946826
3008485,685.5786896727287
3008486,453.1697264524225
3008487,180.32254196579152
3008488,75.53279697451121
3008489,44.014182941714736
3008490,2728.585869339126
3008491,8.142377507296546
3008492,0.7517277065128899
3008493,31.28054776774341
3008494,18.990065521144576
3008495,0.04314835060563157
3008496,182.90341909612886
3008497,1.5212940735090208
3008498,1.1314680985802972
3008499,4.339286990587588
3008500,32.80736476985308
3008501,2.340696731981126
3008502,145.81509831928784
3008503,177.91558654381083
3008504,1.733357278944144
3008505,4.808478512440349
3008506,149.01402297566037
3008507,42.28274075955565
3008508,646.015745721342
3008509,9.854136167257538
3008510,3.295293221725
3008511,4.44376522203298
3008512,0.11438297092588191
3008513,5.6663969585500835
3008514,2376.273312905656
3008515,0.16877709930966298
3008516,301.60633117185415
3008517,7.305506588249481
3008518,723.3597215613975
3008519,603.7265586891922
3008520,210.0473869973065
3008521,103.5371770946449
3008522,58.446589410474886
3008523,2936.8149158262186
3008524,10.513157323252457
3008525,0.7454974087648236
3008526,27.493639281652943
3008527,32.0218847928686
3008528,0.25965908498044915
3008529,198.27009473237865
3008530,5.205101779032832
3008531,2.1104920088688655
3008532,9.958072862255118
3008533,89.95326328196828
3008534,4.849258757609645
3008535,222.52943874224718
3008536,230.16986174014707
3008537,3.89673562865892
3008538,6.087773814895506
3008539,197.1113828322645
3008540,56.160013807757394
3008541,1372.9796085464936
3008542,0.4372830171507039
3008543,6.080163423604621
3008544,6.181914162478501
3008545,0.5392000990885422
3008546,4.83577014056811
3008547,3919.8487211678685
3008548,0.6505159446756947
3008549,706.6453639353184
3008550,13.356018840411233
3008551,1199.3124248562099
3008552,1151.028280407464
3008553,382.3890304530793
3008554,207.18897504680172
3008555,101.75307695046257
3008556,4517.310455576085
3008557,17.377863488876926
3008558,1.5911809193454753
3008559,36.50255700498383
3008560,58.15062861936146
3008561,0.6213852596158497
3008562,312.45492132120165
3008563,9.72548159464405
3008564,22.107957772820974
3008565,8.19307570461806
3008566,140.90060047334418
3008567,10.12714083635339
3008568,348.16547774820333
3008569,377.62752318016476
3008570,11.964880538884136
3008571,11.251174969528154
3008572,341.434349334416
3008573,97.80074459314706
3008574,2486.605367362044
3008575,1.1438304089318472
3008576,11.659762353525245
3008577,4.162692552234942
3008578,0.182786251082561
3008579,5.142851725110789
3008580,2191.334352853881
3008581,0.10007060349479248
3008582,397.29899438701943
3008583,5.834917651528342
3008584,593.7971767140482
3008585,548.0835340498488
3008586,171.41747268484175
3008587,89.16526025846713
3008588,47.92086219757603
3008589,2733.4549554267114
3008590,7.7497226740825775
3008591,1.0456298244998596
3008592,11.623199080707177
3008593,10.06161636566358
3008594,0.26432539615743883
3008595,149.60956469312413
3008596,1.9995186308695128
3008597,10.26691707166771
3008598,3.5044196596336863
3008599,79.67501474398198
3008600,4.953950687484531
3008601,165.2380994128839
3008602,211.92976177914863
3008603,3.8264473728072743
3008604,4.832798980137833
3008605,162.03340116599998
3008606,44.313623014024785
3008607,1059.4472086540363
3008608,0.6671244574146786
3008609,4.395804487145055
3008610,3.088379507834306
3008611,0.0
3008612,1.3628756869344536
3008613,1487.114398852936
3008614,0.0
3008615,261.81509555560086
3008616,4.1719501956709015
3008617,412.68232392193323
3008618,361.928890009729
3008619,89.93739363436177
3008620,57.37583397336114
3008621,36.018187447886206
3008622,1876.425419449987
3008623,5.030261392063506
3008624,0.5479185135063803
3008625,8.55191566073332
3008626,7.370273329341065
3008627,0.0
3008628,95.62442914793601
3008629,1.5949074844481061
3008630,6.277958850144456
3008631,2.524844789711501
3008632,43.94436494828884
3008633,1.127494933542704
3008634,161.77644324257147
3008635,150.8289312770155
3008636,2.6661561989908154
3008637,2.9805249108823104
3008638,122.36661157473343
3008639,29.83346626853834
3008640,760.4184298845231
3008641,0.3031756335243774
3008642,3.082980000037251
3008643,8.330107204190256
3008644,0.5026153902820049
3008645,13.020831328180124
3008646,3835.300838217138
3008647,0.5464853155023429
3008648,729.2367414508724
3008649,11.352181303720123
3008650,1190.82083670705
3008651,1274.664630134897
3008652,404.5935215583363
3008653,198.9190722102307
3008654,87.41062763406471
3008655,4705.924954881992
3008656,14.812650032933742
3008657,2.1897753230320505
3008658,21.812863538009516
3008659,40.10457695483544
3008660,0.8053578578925809
3008661,340.14314232521406
3008662,5.832370327590296
3008663,17.874787940343964
3008664,6.929214150633014
3008665,160.7621327419391
3008666,4.662171748866321
3008667,299.4283662546599
3008668,427.10821039875657
3008669,8.279500401816183
3008670,9.541135121753221
3008671,293.6367801979686
3008672,84.00996855212664
3008673,2462.232252362312
3008674,1.6583262672904193
3008675,9.181555495951375
3008676,6.789155613470523
3008677,0.29921649307120013
3008678,3.24882358026735
3008679,3489.98035402113
3008680,0.33714804279755206
3008681,887.8174436684865
3008682,9.312106842380835
3008683,1272.168594515599
3008684,1078.389619482807
3008685,349.6910657906427
3008686,189.8550087526973
3008687,72.80881285233755
3008688,5375.194235125542
3008689,18.4094843235712
3008690,1.6111656393420764
3008691,40.69728630904959
3008692,31.261025173734172
3008693,0.598982726380775
3008694,339.0774922784891
3008695,1.7448141527002556
3008696,3.543053717412215
3008697,5.619632718054403
3008698,108.43108415581587
3008699,2.9974282518507054
3008700,249.80990435000518
3008701,347.4712639345372
3008702,6.458683202098271
3008703,7.800171317332812
3008704,244.97485111244814
3008705,69.96980337496728
3008706,1204.4691089551195
3008707,1.618117648771136
3008708,7.140860681707845
3008709,6.329028646489487
3008710,0.48507403513985303
3008711,2.71613801229365
3008712,3019.4247567783445
3008713,0.1695064706808498
3008714,768.0121223456396
3008715,8.01925238830311
3008716,1197.9404569835824
3008717,953.3129629415786
3008718,302.42077860018304
3008719,179.56943090856126
3008720,63.55521861549752
3008721,4504.036585403912
3008722,18.49235201351763
3008723,1.3161831897763994
3008724,28.761979442092393
3008725,26.91250285942048
3008726,0.4183462189396573
3008727,293.2378279837267
3008728,1.1091885048495782
3008729,2.6285410738651818
3008730,4.789712918472558
3008731,104.69562557468583
3008732,2.496260740763502
3008733,186.34944620178732
3008734,302.2810539630665
3008735,5.523569558807017
3008736,6.696871976261012
3008737,214.13637293213355
3008738,61.07214280949907
3008739,1198.9378278188337
3008740,1.2898777347312445
3008741,6.1202207530061035
3008742,17.66115256339803
3008743,1.1956598858053478
3008744,19.29443330089307
3008745,8992.821936876711
3008746,0.8156309703301043
3008747,1581.6656163703146
3008748,50.73785684275128
3008749,2827.4755702766806
3008750,2761.3588916572044
3008751,656.8397450208057
3008752,419.67679111352317
3008753,271.767394239355
3008754,9585.73600013604
3008755,72.22104164480885
3008756,4.2532481380478115
3008757,90.96248650373087
3008758,110.89804489076184
3008759,2.093588469554536
3008760,819.4302533901896
3008761,52.107385625420726
3008762,46.560501052927066
3008763,75.56965444162948
3008764,346.0906539197923
3008765,28.716308595944465
3008766,839.6343258305259
3008767,879.9077818131689
3008768,24.885178577203718
3008769,33.65651569460709
3008770,1140.4182017097653
3008771,287.9232945626929
3008772,6794.1606656269705
3008773,2.3196617179455643
3008774,71.54577855220295
3008775,3.4234013275649717
3008776,0.0
3008777,1.2428579024408615
3008778,1878.7773612846
3008779,0.0
3008780,217.69117615637435
3008781,4.443528046131084
3008782,582.5919119839625
3008783,407.59782208569544
3008784,134.60378332455724
3008785,121.09981532708653
3008786,39.06874231224596
3008787,2419.7659354854713
3008788,7.100453277550957
3008789,0.3979216470177142
3008790,17.990466345786494
3008791,7.809794351884814
3008792,0.0
3008793,155.68811230405018
3008794,0.9818271604402475
3008795,0.9514357227883483
3008796,2.766583552646029
3008797,27.241215048807558
3008798,1.110151992599225
3008799,97.45885714670533
3008800,135.6880784764782
3008801,2.1206314736064398
3008802,3.6454114672069666
3008803,132.5328742413935
3008804,34.68089111603006
3008805,590.1112099165488
3008806,0.34904833175296923
3008807,3.2133852180118607
3008808,5.557754175932529
3008809,0.39613724971784514
3008810,6.00164819800616
3008811,2999.7196968394555
3008812,0.09871007792617781
3008813,656.7540573524485
3008814,7.070106267290225
3008815,1213.2722683276418
3008816,691.1474261054968
3008817,293.5570905702579
3008818,189.39822984936546
3008819,58.402469449260174
3008820,4557.081543367705
3008821,27.5162191505019
3008822,0.7707039475350933
3008823,31.64417452555354
3008824,23.713486038623035
3008825,0.31904641259169453
3008826,284.6423971569963
3008827,1.8741888521788337
3008828,1.7695472424093652
3008829,6.6884707390868545
3008830,19.95974863257059
3008831,1.7690396968712179
3008832,205.9685964466576
3008833,295.8985776838143
3008834,3.6263796933963657
3008835,11.272287521181585
3008836,154.23190599097413
3008837,54.04795738708714
3008838,925.7784727700571
3008839,1.0698097982623496
3008840,5.091356738405615
3008841,2.393167911576519
3008842,0.0
3008843,0.6869028170295398
3008844,1304.7235760605604
3008845,0.0
3008846,158.8291794735056
3008847,3.1757017562018905
3008848,451.25228375362985
3008849,265.2228979911459
3008850,80.35840394076031
3008851,142.52823081788182
3008852,29.736521649955236
3008853,1868.6986295948368
3008854,4.671975267229687
3008855,0.1886079683865661
3008856,12.87907233941597
3008857,5.494169816996249
3008858,0.0
3008859,87.5085624025569
3008860,0.5554010391424409
3008861,0.4969360873512759
3008862,1.3903668818427108
3008863,20.944432371285846
3008864,0.6186865038037335
3008865,103.44584809269112
3008866,116.03366355695158
3008867,1.1084830652892916
3008868,2.563470722941034
3008869,101.43236606023817
3008870,20.09309113278119
3008871,300.6738539784453
3008872,0.11235103844133242
3008873,1.9178874730373519
3008874,4.885250262867993
3008875,0.1691885252876987
3008876,1.7302113941178696
3008877,2358.5649491656545
3008878,0.0
3008879,351.24372833398496
3008880,5.758272259747348
3008881,851.6511967434558
3008882,574.9674002284451
3008883,223.17262025363755
3008884,146.6822127454783
3008885,49.66596376674063
3008886,3652.6992069534595
3008887,5.09110302037414
3008888,0.7036437163753797
3008889,13.746962501342729
3008890,9.937573624652963
3008891,0.18922036801699185
3008892,233.28438610236225
3008893,1.3074992500990354
3008894,1.2546253392436275
3008895,6.152662556195322
3008896,38.3590456456275
3008897,1.9554828593370743
3008898,168.04307803167052
3008899,242.51672475667442
3008900,2.4125288256345283
3008901,4.767391145573433
3008902,164.7843060790961
3008903,45.09965111275106
3008904,802.1676264377668
3008905,0.5205176028606067
3008906,2.235219805580138
3008907,4.582904789829341
3008908,0.2786924652849802
3008909,1.9859177222378874
3008910,2871.9611714497205
3008911,0.08567754841704947
3008912,608.2043831806802
3008913,6.391238991810137
3008914,1029.5407198400098
3008915,654.5041525392996
3008916,244.16819507015168
3008917,148.31114338760852
3008918,60.79087815586405
3008919,4153.212702363671
3008920,9.244918494718405
3008921,1.1371493167078888
3008922,14.522695938080728
3008923,27.87652853635383
3008924,0.2893584239137334
3008925,255.2270093860967
3008926,3.3823096518833458
3008927,3.387684438934139
3008928,5.038926957898793
3008929,37.73656543049981
3008930,2.23228767797161
3008931,183.87532635892887
3008932,265.3240310544571
3008933,2.864448144809811
3008934,5.307553865516585
3008935,180.31134411678912
3008936,49.417255434179154
3008937,755.5370759903426
3008938,1.393214239597035
3008939,2.7154748603093464
3008940,3.7736838514369575
3008941,0.0
3008942,1.0625090136137239
3008943,1788.335938632405
3008944,0.0
3008945,195.9618116909611
3008946,3.8686734500538362
3008947,609.6468981587901
3008948,316.9633195603104
3008949,110.3215288584421
3008950,130.16480148558597
3008951,39.7021892089151
3008952,2235.601359491961
3008953,8.613514262774356
3008954,0.3482778103322519
3008955,15.717060315007512
3008956,6.879450881481328
3008957,0.0
3008958,139.2374921503519
3008959,1.0866944744827438
3008960,1.2572434035767266
3008961,1.4343114480538333
3008962,45.66226738962848
3008963,1.1291360241650803
3008964,145.78426673094168
3008965,140.67259189601955
3008966,1.6693498859504285
3008967,2.9615934694744164
3008968,112.1258785533324
3008969,32.21028493720176
3008970,497.33755611702793
3008971,0.2381660770555145
3008972,1.4433537685955964
3008973,3.9147853978894736
3008974,0.017355668598368092
3008975,1.802764539220045
3008976,3062.935683240584
3008977,0.0
3008978,677.5083102834791
3008979,6.050380451592756
3008980,1066.956282264367
3008981,786.6579174599177
3008982,250.27751543503683
3008983,130.8712417570694
3008984,58.567292432512055
3008985,4098.419338338818
3008986,11.000892534310054
3008987,0.7616985047961322
3008988,13.125977645423076
3008989,20.555130589208158
3008990,0.11514322879856292
3008991,259.33427113629705
3008992,1.496454338765766
3008993,6.730272337054163
3008994,2.424457973652165
3008995,94.14225994701165
3008996,1.9813927489732146
3008997,175.34951168364344
3008998,264.8066673826915
3008999,2.71395844827433
3009000,5.016671158933187
3009001,171.94988805387737
3009002,48.54095182115334
3009003,1275.8222762835392
3009004,0.6825565132227444
3009005,2.395416271568957
3009006,8.628204404429589
3009007,0.27627814252504246
3009008,10.495121453121804
3009009,3312.243768031143
3009010,0.2441820355294523
3009011,573.5069204726171
3009012,13.524728320115551
3009013,1274.0528993318376
3009014,909.8725631902206
3009015,306.8897396994489
3009016,163.36787146794754
3009017,86.7003339537374
3009018,4400.5849143056985
3009019,24.790368603238527
3009020,1.533953056453654
3009021,27.525097494856414
3009022,29.178395812460778
3009023,0.3621616260973562
3009024,306.8490094408474
3009025,16.55326649268663
3009026,16.742914872111765
3009027,4.838356519875639
3009028,129.4607055174055
3009029,9.568607157272682
3009030,242.07439267319674
3009031,334.43743494083407
3009032,8.875189901034199
3009033,11.39514868381847
3009034,251.34050644451995
3009035,76.20994590459821
3009036,2000.080050533202
3009037,1.0041894967080343
3009038,11.051849408190032
3009039,8.628204404429589
3009040,0.27627814252504246
3009041,7.771531208687615
3009042,3085.06764552445
3009043,0.2441820355294523
3009044,573.5069204726171
3009045,13.524728320115551
3009046,1274.0528993318376
3009047,909.8725631902206
3009048,290.354430843347
3009049,156.47327637777778
3009050,86.7003339537374
3009051,4400.5849143056985
3009052,23.6807235016733
3009053,1.533953056453654
3009054,38.304294809982096
3009055,31.100508761981118
3009056,0.3621616260973562
3009057,308.78504077144595
3009058,16.55326649268663
3009059,13.059669505080045
3009060,6.721726328283433
3009061,148.88759779912675
3009062,9.568607157272682
3009063,242.07439267319674
3009064,390.2724388707219
3009065,7.588763982402256
3009066,11.39514868381847
3009067,251.34050644451995
3009068,76.20994590459821
3009069,2007.0346194316683
3009070,1.0041894967080343
3009071,11.051849408190032
3009072,8.628204404429589
3009073,0.3514455541401436
3009074,7.449315336034603
3009075,3920.4482185749666
3009076,0.2441820355294523
3009077,855.2504824600579
3009078,13.524728320115551
3009079,1423.6488058332013
3009080,1060.1726011653343
3009081,306.8897396994489
3009082,189.06114454349319
3009083,86.7003339537374
3009084,5463.239536177938
3009085,55.209681784589996
3009086,1.5662710274206684
3009087,38.304294809982096
3009088,29.178395812460778
3009089,0.3621616260973562
3009090,352.04835609188524
3009091,7.846842407292528
3009092,12.293803087145434
3009093,10.99166449343894
3009094,119.0657453229023
3009095,5.246777617192015
3009096,242.07439267319674
3009097,390.2724388707219
3009098,7.588763982402256
3009099,11.39514868381847
3009100,242.2432011425577
3009101,76.20994590459821
3009102,1554.890757634481
3009103,42.63934308103012
3009104,11.051849408190032
3009105,6.758342297803749
3009106,0.07024260447675576
3009107,10.155798878640745
3009108,3252.5577046154467
3009109,0.08178164833466244
3009110,572.4359596899499
3009111,15.018538567949264
3009112,1094.580181394497
3009113,995.0548414969818
3009114,310.1083915336285
3009115,152.26616726974265
3009116,98.9883891892861
3009117,3975.9066002246004
3009118,25.011256724872027
3009119,1.3475316683775902
3009120,18.693312018072184
3009121,16.64101351913315
3009122,0.22969182873331484
3009123,298.7458228080992
3009124,21.486900451927813
3009125,17.18592589704993
3009126,3.769420798388798
3009127,120.1431027326842
3009128,10.207678305630267
3009129,316.05011630767353
3009130,316.0000205680741
3009131,8.74477565691338
3009132,12.070906093369627
3009133,415.33220623890793
3009134,93.26334198057654
3009135,2520.028006813629
3009136,0.5280043482334145
3009137,24.205298237210293
3009138,6.708106523685809
3009139,0.13511005341039972
3009140,5.521348139166994
3009141,3710.554626562761
3009142,0.0
3009143,582.1733602864347
3009144,10.628144606853049
3009145,1464.2731281404372
3009146,904.2063737019469
3009147,305.8379053958789
3009148,141.28656149293786
3009149,72.85250141128135
3009150,5366.60318807385
3009151,21.119430077514405
3009152,1.0544942355925244
3009153,21.510259654533833
3009154,17.21983951789608
3009155,0.0905135033906195
3009156,337.378988286165
3009157,1.765448057372312
3009158,2.075310727487197
3009159,7.474576971107938
3009160,27.797695775594832
3009161,3.546297780013804
3009162,204.98867910590394
3009163,325.65331129700957
3009164,4.937072485175769
3009165,8.923254889337493
3009166,217.26014310717042
3009167,60.8124068332886
3009168,1395.088103697511
3009169,0.604505418182697
3009170,6.562701267238592
3009171,8.304024369277904
3009172,0.24524259406658724
3009173,10.77493553312162
3009174,3414.199754234071
3009175,0.24099782789955912
3009176,543.1947785218794
3009177,13.487555503422882
3009178,1181.8006052628346
3009179,898.322004219347
3009180,323.66252888435656
3009181,161.36784858939103
3009182,92.3813500320897
3009183,4261.864650649958
3009184,19.62646607827046
3009185,1.312034442975201
3009186,36.300043061727635
3009187,20.670970810228347
3009188,0.3586754759046138
3009189,304.8567301313791
3009190,9.409640867648577
3009191,14.509477322530145
3009192,6.618111573573388
3009193,52.55215463589446
3009194,9.238543460309923
3009195,255.64218347136534
3009196,392.8914242920438
3009197,8.22476724434211
3009198,11.3634260532985
3009199,250.69469695442424
3009200,76.01234419372929
3009201,2009.7173986478879
3009202,0.9990602187527752
3009203,9.357520191221635
3009204,8.304024369277904
3009205,0.24524259406658724
3009206,10.42712008422456
3009207,3414.199754234071
3009208,0.24099782789955912
3009209,569.9494455002216
3009210,13.487555503422882
3009211,1233.1370693012382
3009212,898.322004219347
3009213,323.66252888435656
3009214,161.36784858939103
3009215,92.3813500320897
3009216,4261.864650649958
3009217,19.62646607827046
3009218,1.312034442975201
3009219,23.207293049525408
3009220,31.315373792360635
3009221,0.3586754759046138
3009222,296.2737451572472
3009223,9.409640867648577
3009224,14.509477322530145
3009225,9.838625477078754
3009226,130.33394536734633
3009227,9.238543460309923
3009228,255.64218347136534
3009229,339.3044590678244
3009230,8.22476724434211
3009231,11.3634260532985
3009232,250.69469695442424
3009233,76.01234419372929
3009234,2174.853610779577
3009235,0.9990602187527752
3009236,10.45618167180781
3009237,5.93568831923502
3009238,0.026023943787967276
3009239,5.909582842792775
3009240,3983.8510588031763
3009241,0.005850456875867793
3009242,739.8156402432124
3009243,8.665559979623392
3009244,1196.6403588766045
3009245,787.0738813028541
3009246,293.81390574401615
3009247,139.52248847857106
3009248,57.73817202242878
3009249,4966.489214549682
3009250,8.248963124661879
3009251,0.8184436702312883
3009252,29.637706688580245
3009253,23.954009692628144
3009254,0.08436343526073346
3009255,283.2407334237508
3009256,1.4602862566815338
3009257,6.0887508510166946
3009258,3.0779835750526785
3009259,67.13829371630672
3009260,4.080719074366295
3009261,170.22215111154674
3009262,281.23574661839393
3009263,4.175362887590093
3009264,7.248419551770606
3009265,166.92137151028302
3009266,51.9895981593362
3009267,959.1357056337633
3009268,1.2010605998976758
3009269,1.9798009411309256
3009270,28.969978244234294
3009271,0.43034669890119115
3009272,24.363588655491633
3009273,11439.397390889997
3009274,0.7155773115532866
3009275,1856.0897993983315
3009276,54.32307995847196
3009277,3254.5641885716627
3009278,3183.4874024464134
3009279,1079.2980037008685
3009280,403.5798531828728
3009281,286.88428662003633
3009282,11648.829387625967
3009283,85.73828338337916
3009284,3.777459257150394
3009285,90.23241971969071
3009286,138.16052004140673
3009287,1.6234833156090915
3009288,984.9621450584187
3009289,82.60804285194644
3009290,45.31705067165723
3009291,91.25460993066974
3009292,423.6837917250599
3009293,29.633533900347967
3009294,795.8127900433283
3009295,1296.4001663480806
3009296,40.71969785225271
3009297,54.185219394382834
3009298,1109.7213326756607
3009299,267.92155405485533
3009300,6802.219325206937
3009301,358.0669874217791
3009302,69.64274761838607
3009303,26.536672352414016
3009304,0.3418045492080748
3009305,33.201675731511656
3009306,10510.534975670364
3009307,0.5936993838015855
3009308,1705.3099918959788
3009309,50.3928214403786
3009310,3264.99611973819
3009311,2924.9342631797654
3009312,991.5870458915231
3009313,370.73142958913627
3009314,263.51054490136204
3009315,10959.665400282365
3009316,78.6958766694617
3009317,2.6075884922781216
3009318,79.41950574574001
3009319,124.55755708935452
3009320,1.437105990702583
3009321,904.9104520898397
3009322,75.81978489535801
3009323,41.55650231981569
3009324,57.12389978537878
3009325,516.8517724054245
3009326,27.14635296482849
3009327,803.8113511292797
3009328,1205.7014393454383
3009329,34.907774677520834
3009330,46.769408206754974
3009331,1019.5402607728095
3009332,248.81684713477023
3009333,6058.242102405175
3009334,328.91381924356494
3009335,67.68858383768038
3009336,22.98178188456638
3009337,0.22267036304530324
3009338,27.71325166065878
3009339,8264.488361768563
3009340,0.3413268434869408
3009341,1436.4055070843065
3009342,41.0765634112465
3009343,2565.124330080433
3009344,2447.5675997565404
3009345,854.9553044648999
3009346,237.35756166846286
3009347,215.56127069024993
3009348,9490.802674248269
3009349,64.24896890877474
3009350,2.367318024411804
3009351,71.20071509863494
3009352,100.09137276673728
3009353,1.051174593513674
3009354,808.7764643075852
3009355,131.67850230714063
3009356,33.84205222120205
3009357,27.406656259540863
3009358,307.9577150572155
3009359,20.221214012347687
3009360,754.9761542318965
3009361,891.4077976282913
3009362,29.221547773928066
3009363,27.426348005374017
3009364,808.9747434387547
3009365,173.0675113026844
3009366,4521.641888545003
3009367,284.70134726372004
3009368,49.29149587521236
3009369,25.417500845255713
3009370,0.34685135177570753
3009371,30.096837539459834
3009372,9103.975886883298
3009373,0.4775592235864895
3009374,1582.396153845117
3009375,45.350085862360785
3009376,3016.9632022990927
3009377,2778.4401742679684
3009378,941.8907363115846
3009379,311.3443135936546
3009380,237.55639998090052
3009381,10454.841287228319
3009382,70.87600569451132
3009383,2.638815974373146
3009384,70.3251867915892
3009385,110.35875717525447
3009386,1.2595029351337252
3009387,840.121766935874
3009388,82.20846961057349
3009389,37.38079874274912
3009390,40.766904021569616
3009391,407.5169951039933
3009392,22.376554828452186
3009393,758.4379732697887
3009394,1167.2458446776488
3009395,32.29101097264509
3009396,42.082207007176606
3009397,891.2401418052921
3009398,190.74674547138522
3009399,5302.598436608764
3009400,313.718715196358
3009401,54.39937112211042
3009402,19.976295577348562
3009403,0.1630645297282605
3009404,23.28107418531672
3009405,7212.807422250651
3009406,0.24096737482630246
3009407,1204.155464794158
3009408,36.03763838819362
3009409,2502.2188205427833
3009410,2051.9381647843047
3009411,786.4972365091992
3009412,200.54323446177182
3009413,174.0169612768981
3009414,7957.15641949334
3009415,51.73184918275748
3009416,1.863166404591234
3009417,67.73833950801503
3009418,62.909382612324556
3009419,0.726831751527778
3009420,639.1951220599226
3009421,53.25730612295217
3009422,27.93811119766522
3009423,13.541145434235778
3009424,173.71977375863165
3009425,13.607085592874004
3009426,654.1692875002077
3009427,942.0790886538836
3009428,23.423958354228603
3009429,21.973143038194024
3009430,682.4671194585093
3009431,128.8433470030733
3009432,3887.314456501416
3009433,238.5389041275817
3009434,35.5417837310266
3009435,24.63821223394894
3009436,0.4215520154641303
3009437,18.01805583662591
3009438,8453.00140508645
3009439,0.5167685263531575
3009440,1471.9975303485696
3009441,44.2691386874894
3009442,2765.086730787293
3009443,2627.9800914221314
3009444,876.1498671401752
3009445,347.50972271578485
3009446,222.80696945878654
3009447,9725.832010045706
3009448,63.45133917239587
3009449,2.431564597128029
3009450,81.34022930838181
3009451,77.11304475156227
3009452,1.0147151376779588
3009453,828.8275790517823
3009454,60.3908235408106
3009455,34.369516690855825
3009456,61.79231072656827
3009457,303.42196402688245
3009458,21.7360413060282
3009459,679.9893499597449
3009460,913.5049712775175
3009461,28.852107373765094
3009462,37.6318898676217
3009463,799.0732851952431
3009464,198.45834593141765
3009465,6286.433286596677
3009466,291.7756828971407
3009467,55.378215411212466
3009468,6.74672492751176
3009469,0.06051137836027555
3009470,7.148650521760311
3009471,2803.8549982103123
3009472,0.013008171948011302
3009473,529.2158421933551
3009474,21.14486531180882
3009475,1012.0058269846115
3009476,785.8861029324609
3009477,280.65294752315765
3009478,129.09218921227543
3009479,92.63170054196547
3009480,3642.9782119508272
3009481,23.3576101198395
3009482,1.1982890610449355
3009483,20.290375834951504
3009484,18.968313263928533
3009485,0.17402329331513117
3009486,276.15384987378206
3009487,18.279941262697648
3009488,13.356209329044985
3009489,10.873604628351197
3009490,78.43322404053586
3009491,9.495158361806087
3009492,295.89388725642465
3009493,363.31063673634634
3009494,5.9337737205334005
3009495,11.239932806895098
3009496,364.3372375731365
3009497,87.2706190185925
3009498,2039.437868801941
3009499,0.430862590353065
3009500,17.293430324203893
3009501,17.43257520624283
3009502,0.12852419724025307
3009503,19.035598257668937
3009504,5526.409656946232
3009505,0.3288340767986406
3009506,914.5816899567305
3009507,31.54621639624606
3009508,1947.4403459927228
3009509,1610.3382292755632
3009510,556.1934260145603
3009511,182.22278698259188
3009512,152.79328009604154
3009513,6490.661721177992
3009514,45.33724635702774
3009515,1.6859758717757107
3009516,57.64632056492018
3009517,54.635534431718696
3009518,0.5314631809644975
3009519,521.2227295987077
3009520,27.91277298740889
3009521,22.126933084671236
3009522,7.09145213691917
3009523,209.12066523163088
3009524,15.936276088801856
3009525,488.59682887569465
3009526,665.8198466322049
3009527,18.747850765045747
3009528,26.774370882276926
3009529,574.2121429254444
3009530,109.7610550806732
3009531,3153.6053162994426
3009532,195.4869387789231
3009533,33.410135560515094
3009534,17.05230035290578
3009535,0.07363084755738379
3009536,11.00449621093684
3009537,5526.409656946232
3009538,0.264197311520057
3009539,922.0969693622745
3009540,29.315823644262768
3009541,1852.66487063265
3009542,1687.2315142661892
3009543,529.0905835145853
3009544,207.48841436196727
3009545,142.25382404825618
3009546,6145.062789811506
3009547,42.16175409201904
3009548,1.676468744013377
3009549,43.22026001317677
3009550,51.929326754628505
3009551,0.7765583306436927
3009552,464.3959653109072
3009553,11.86505084039733
3009554,31.27665417723993
3009555,6.697870047425394
3009556,198.90003621865677
3009557,15.112466614497515
3009558,455.04475003422584
3009559,491.3441053068311
3009560,22.702441386880956
3009561,19.941150482130332
3009562,534.7928451854568
3009563,102.17059813027791
3009564,3413.2712842191395
3009565,3.9197202830891174
3009566,36.136245376244624
3009567,3.8784683541537217
3009568,0.31180614600850015
3009569,13.295916181287236
3009570,4267.90503555946
3009571,0.33970855838774555
3009572,763.4310420512593
3009573,4.190230960197095
3009574,1445.1117491447726
3009575,1337.6602748243042
3009576,397.64469816377266
3009577,42.271560701564326
3009578,14.434889704266427
3009579,5914.563155176518
3009580,6.338250253596433
3009581,1.7588276359091708
3009582,6.161696115800109
3009583,54.09319256286503
3009584,0.7980958103734139
3009585,324.5225907919888
3009586,4.258476735687777
3009587,6.434568324429313
3009588,4.589955493293302
3009589,128.3357393446439
3009590,3.5591324878637383
3009591,47.59270090985697
3009592,384.23179844636
3009593,3.82683644679169
3009594,7.825063378456269
3009595,77.91960243171161
3009596,47.78639954007019
3009597,3774.4487721034884
3009598,2.5853697533050393
3009599,4.395701836451129
3009600,6.924470068728039
3009601,0.2724296449388063
3009602,8.82350488341969
3009603,3240.3722195831547
3009604,0.3443163499074656
3009605,574.4947544293992
3009606,9.195163201222673
3009607,1237.9720608509604
3009608,704.5534975835294
3009609,347.1418064320904
3009610,120.67038679065816
3009611,71.65800580066725
3009612,4009.784598235934
3009613,13.51522914840714
3009614,1.7974597163485888
3009615,38.884799893804306
3009616,31.515198228991636
3009617,0.3511199041086011
3009618,301.9865929941819
3009619,5.444047262912775
3009620,9.971872127555159
3009621,5.66050343553048
3009622,134.38394516447508
3009623,4.97995638816189
3009624,150.58682292916066
3009625,356.2797556506111
3009626,6.902760906712013
3009627,7.952722354595915
3009628,139.34745472131831
3009629,76.813660108363
3009630,1666.3012289708024
3009631,1.246150186842498
3009632,5.617856393711966
3009633,5.8363136997225284
3009634,0.004102938410495082
3009635,2.5177981921659667
3009636,2173.8660346836787
3009637,0.0
3009638,259.4807261860215
3009639,4.694870793013088
3009640,1133.2901482557843
3009641,368.3542387643886
3009642,254.55550327329507
3009643,58.58280406037529
3009644,48.82963565962088
3009645,3615.6181843569857
3009646,13.273415576516289
3009647,0.6382920093969304
3009648,25.284075195195673
3009649,9.016934053956362
3009650,0.01376433990618768
3009651,236.6271537164804
3009652,0.6509772733337341
3009653,0.626101275860971
3009654,2.7831761400546515
3009655,23.061244535254083
3009656,1.5136417498875188
3009657,74.57713562757685
3009658,230.09981214013067
3009659,0.5947675922471527
3009660,4.00086129558271
3009661,75.65558246149192
3009662,56.84676190077894
3009663,529.9770596774225
3009664,0.3784672586932128
3009665,2.2220134518473698
3009666,7.83375884900451
3009667,0.2218621656540031
3009668,9.255028181017298
3009669,4369.809711316859
3009670,0.1902703113219664
3009671,725.4981827883884
3009672,22.691156375388616
3009673,1247.6145965385424
3009674,1327.7281551783362
3009675,395.2964372287023
3009676,190.39636805980314
3009677,130.16574010844127
3009678,5037.427341990365
3009679,32.800875205530055
3009680,1.5917796839277614
3009681,41.67174753411561
3009682,40.87271258447975
3009683,0.3555212164920131
3009684,366.88051806198206
3009685,23.92933066422895
3009686,21.73334000389161
3009687,21.88111262936676
3009688,152.4787669057731
3009689,12.621301447657498
3009690,418.3608508564365
3009691,395.2996231084261
3009692,11.232688138031985
3009693,16.238577583829233
3009694,583.379838772538
3009695,122.00830656598373
3009696,2766.9340288201356
3009697,0.7910586258134796
3009698,32.70321517523188
3009699,7.83375884900451
3009700,0.2218621656540031
3009701,11.54923262570133
3009702,4060.766904894077
3009703,0.20288159344699827
3009704,698.7912782387075
3009705,22.942171505377395
3009706,1161.7483899027443
3009707,1398.1762895135234
3009708,380.4878931029443
3009709,208.6151254313921
3009710,131.55548169731534
3009711,5090.811038174252
3009712,33.159005933680774
3009713,2.0450297668581148
3009714,42.12386789854204
3009715,53.03438121111681
3009716,0.3769893120068509
3009717,370.17926936137786
3009718,23.92933066422895
3009719,25.06157991025332
3009720,16.44585171281439
3009721,154.10492191547095
3009722,14.59924865490209
3009723,422.8041087887212
3009724,392.2583826068732
3009725,9.702591895823655
3009726,16.238577583829233
3009727,589.5715239257671
3009728,123.31161762320333
3009729,4387.686779424607
3009730,0.8100354459674823
3009731,32.70321517523188
3009732,7.9781705385068955
3009733,0.30519655598335943
3009734,13.931328850736667
3009735,4788.187379934004
3009736,0.34356739609273834
3009737,833.0205999012793
3009738,28.105592728398097
3009739,1592.441123958528
3009740,1588.4153543375207
3009741,433.25637597576804
3009742,235.4039635101961
3009743,146.88972343114753
3009744,5595.1926477670095
3009745,36.243909640292664
3009746,2.4524456174427427
3009747,40.18379308819162
3009748,63.966081009827576
3009749,0.5380382861117359
3009750,432.95614385743204
3009751,28.207062374673765
3009752,27.613046582598994
3009753,18.03113537436995
3009754,180.3375351580169
3009755,17.280310727233488
3009756,478.00022905928813
3009757,440.57900420835
3009758,16.256480546813606
3009759,21.944109460680274
3009760,658.643861451844
3009761,138.42198377466107
3009762,4012.6556652305226
3009763,0.9406044721162079
3009764,34.35422685308838
3009765,12.03318254140592
3009766,0.37418073577779043
3009767,8.841206705611418
3009768,4264.8176059611
3009769,0.19734290818773728
3009770,964.1336031066164
3009771,19.298510713558095
3009772,1831.2480944735366
3009773,1162.3992742660564
3009774,495.71442516838874
3009775,184.22845790396292
3009776,89.61238472081936
3009777,6393.335686136788
3009778,32.867840233125044
3009779,1.989054489520172
3009780,41.975069119472586
3009781,37.33761128700816
3009782,0.3708908864812021
3009783,421.72752096537397
3009784,17.008272717414336
3009785,7.622845290717081
3009786,22.455934443821715
3009787,148.97631206527126
3009788,6.612550920952845
3009789,349.91469440467927
3009790,437.85030902098146
3009791,7.9540565820986675
3009792,16.09322034130453
3009793,472.3481115086621
3009794,98.09529724647065
3009795,1359.465440201711
3009796,65.00088156329566
3009797,17.62744177071987
3009798,4.828797404038697
3009799,0.04981620154098238
3009800,4.045750442468517
3009801,2394.6452378350373
3009802,0.11104216844491102
3009803,432.2784384137309
3009804,12.556225291891538
3009805,824.0261475447476
3009806,753.5653186771935
3009807,193.95426417043225
3009808,125.33886217936461
3009809,83.11650597578722
3009810,2972.2060947450327
3009811,21.396451689305657
3009812,1.2669938216636474
3009813,18.1846027327843
3009814,29.642996069161455
3009815,0.20396447216351038
3009816,215.90115722556743
3009817,13.200305393691522
3009818,12.358777160819743
3009819,5.021897664496361
3009820,80.23247832821858
3009821,6.896158971664127
3009822,267.01519518545064
3009823,211.41735906117333
3009824,6.264656599293016
3009825,8.72229328573252
3009826,327.66938223209576
3009827,80.77239198511033
3009828,2498.53652397742
3009829,0.254525168328337
3009830,19.94079649715718
3009831,1.8714864903498776
3009832,0.0
3009833,0.644634039649987
3009834,1357.9270451342977
3009835,0.0
3009836,127.43434039217782
3009837,2.450850626201162
3009838,641.615077122409
3009839,315.84195629041307
3009840,163.65556962881678
3009841,77.53447596677938
3009842,30.704048305742752
3009843,2528.399121943897
3009844,4.093448568205309
3009845,0.08232691892352792
3009846,7.3978329311107345
3009847,5.203021589948808
3009848,0.0
3009849,154.53806521286182
3009850,2.142306899408559
3009851,0.22924422092993096
3009852,1.3921000262651009
3009853,8.249178796265204
3009854,0.44088138112203096
3009855,132.5262368319152
3009856,160.66177126841717
3009857,0.5883740868802658
3009858,2.5466234875223512
3009859,117.16299744400465
3009860,29.899038247994014
3009861,287.27501956456206
3009862,2.1578976786277204
3009863,2.3068964837541412
3009864,5.2255132295715265
3009865,0.6357752918485602
3009866,2.934985616593929
3009867,3704.683924282367
3009868,0.3262449438634533
3009869,532.7934783341224
3009870,7.82936366194482
3009871,1667.8840804564882
3009872,712.4748623663125
3009873,404.63254959514865
3009874,255.50601139624177
3009875,67.73581777998467
3009876,5572.073374075659
3009877,11.028260950329738
3009878,0.7610858953916183
3009879,28.12175772730098
3009880,23.18185262924388
3009881,0.42714709935943707
3009882,348.28676897867626
3009883,5.16258900596228
3009884,1.5286278097546273
3009885,4.769806586624242
3009886,40.45818266876057
3009887,2.5701990418023812
3009888,319.17318140393553
3009889,362.0385762895929
3009890,1.852696948701314
3009891,6.6892409266356
3009892,244.8472235390331
3009893,65.990519384434
3009894,888.248824485584
3009895,28.93840821329833
3009896,6.169501886086368
3009897,2.8358466699849325
3009898,0.058080923952944494
3009899,2.2522046654561074
3009900,1704.488936913303
3009901,0.0
3009902,203.02543064685375
3009903,4.103529127827949
3009904,763.8441216372778
3009905,387.79018941642204
3009906,201.21060620445672
3009907,86.74750246011399
3009908,38.422944758257856
3009909,2760.70557770946
3009910,5.898724453975168
3009911,0.3567716929926612
3009912,9.442429955302869
3009913,12.424619039003591
3009914,0.0
3009915,184.12229031662184
3009916,2.125138065314097
3009917,0.3177624594636273
3009918,12.513973047614005
3009919,23.98705532826939
3009920,1.0988788984410298
3009921,153.98142732156984
3009922,182.1517422719691
3009923,0.7974346711936948
3009924,3.4101100426852264
3009925,141.10406484160092
3009926,37.4219411409778
3009927,290.135182452627
3009928,10.15696365617952
3009929,3.112017372138009
3009930,3.0326748247862114
3009931,0.00797891617060443
3009932,0.7297055928424113
3009933,1599.673074572673
3009934,0.0
3009935,176.768095440743
3009936,3.2023615018668536
3009937,783.0560975249532
3009938,378.01195768780065
3009939,148.4336122522357
3009940,69.53801871430407
3009941,32.18422640434097
3009942,2559.1571622797965
3009943,5.393957910617466
3009944,0.2504757198108353
3009945,14.207418114085947
3009946,11.444894510474317
3009947,0.0
3009948,168.57829723256236
3009949,1.5038519733096758
3009950,0.22134428736998385
3009951,2.099022330734184
3009952,22.163507789996704
3009953,0.9453079225946129
3009954,127.64108274877754
3009955,177.36868259043868
3009956,0.7039055479760137
3009957,3.0874306811707064
3009958,113.16417273432708
3009959,33.283851210481195
3009960,220.52876849200922
3009961,3.1489782016299204
3009962,2.5056576678559885
3009963,2.684915813983068
3009964,0.0537831552740593
3009965,0.8242558690449076
3009966,1717.8635425445564
3009967,0.0
3009968,177.23407587623643
3009969,3.5464488206512983
3009970,836.0796039229493
3009971,402.015741286322
3009972,185.53859846362138
3009973,80.00829559342927
3009974,36.29265434683893
3009975,2768.7815873189866
3009976,5.91749207894344
3009977,0.34073794998093143
3009978,9.470838048779573
3009979,13.063543674158296
3009980,0.0
3009981,170.1719169201404
3009982,0.8560552856263838
3009983,0.32134736444156575
3009984,2.309303206427493
3009985,14.624784658146595
3009986,1.1871146259929504
3009987,138.17415212629112
3009988,216.11242171309095
3009989,0.8014954140575636
3009990,3.4221075201757545
3009991,122.51187975095306
3009992,38.889417649553685
3009993,295.98732207071725
3009994,6.448671725711611
3009995,3.0160685849410935
3009996,2.684915813983068
3009997,0.33728586072366107
3009998,2.2902180144162005
3009999,1737.9437992412484
3010000,0.0
3010001,159.98066584740093
3010002,3.5816462556764948
3010003,895.8767808699596
3010004,412.21973752746237
3010005,205.07635140185
3010006,110.2185566779789
3010007,36.581364465454534
3010008,2900.811174171843
3010009,5.971045519791597
3010010,0.35111759764482153
3010011,12.507044216125927
3010012,9.153383540833728
3010013,0.0
3010014,183.88361132530272
3010015,3.588481117518094
3010016,0.3315768951896947
3010017,2.334922978953651
3010018,14.745747714035351
3010019,1.2040467037480929
3010020,123.86074027401733
3010021,186.57720086705345
3010022,0.8154421272585268
3010023,3.456342336898825
3010024,129.3022534149765
3010025,36.53089732078688
3010026,754.2512153933992
3010027,10.276216699325207
3010028,3.0471599528749236
3010029,2.6029846099875784
3010030,0.022152460366331065
3010031,0.6783440701890087
3010032,1541.6741331014177
3010033,0.0
3010034,190.27021652344294
3010035,3.0844629462877187
3010036,756.5041072405548
3010037,327.73742092245874
3010038,185.58096043508704
3010039,128.20672025431017
3010040,31.446630999395186
3010041,2552.2671920665694
3010042,5.214573437920222
3010043,0.22126571575917947
3010044,13.780769281294623
3010045,11.275769431148326
3010046,0.0
3010047,167.31363893726493
3010048,0.443597829207741
3010049,0.23564266447064047
3010050,1.9730294693492019
3010051,20.474472903456807
3010052,0.9648717057090745
3010053,81.96323903279603
3010054,163.19480867552895
3010055,0.6837091422059882
3010056,2.9727565454197045
3010057,101.6829264306096
3010058,32.21877000184416
3010059,169.05343485658247
3010060,0.0296503848552026
3010061,1.8886903768960182
3010062,4.100925085437076
3010063,0.39943245807467886
3010064,4.0288731107688
3010065,2650.2849013488344
3010066,0.1806477798566878
3010067,345.31529797744736
3010068,5.477393222128754
3010069,1020.2919402966838
3010070,630.594291520775
3010071,311.4253122147913
3010072,287.8695883512048
3010073,52.13139903921781
3010074,3829.8205158272185
3010075,8.855453800062515
3010076,0.8439576733787358
3010077,24.161225638340195
3010078,20.19805361554201
3010079,0.2655916473860102
3010080,262.12551717233083
3010081,1.1738396323805629
3010082,0.50202096651829
3010083,8.877069844770558
3010084,35.555882031937976
3010085,2.087826402392994
3010086,165.12735255969292
3010087,260.8556932501828
3010088,1.7622502395728896
3010089,5.300242322887885
3010090,208.26045922942447
3010091,51.68037401415627
3010092,225.33485410738527
3010093,33.06647309928744
3010094,6.0746476036732115
3010095,1.6665797782492653
3010096,0.03797627038777515
3010097,3.818020461820796
3010098,1614.1407631878444
3010099,0.0
3010100,218.3735157747149
3010101,2.386147707052116
3010102,494.12712647308115
3010103,420.5077769128802
3010104,181.92012710552848
3010105,167.42860661317886
3010106,26.775180363373398
3010107,2395.521338935271
3010108,4.152076019258913
3010109,0.13208078115613214
3010110,6.798571071280623
3010111,5.638330163329775
3010112,0.0
3010113,153.74325363445777
3010114,1.3144250101405068
3010115,0.195317754226566
3010116,4.0920765980794
3010117,21.073476285447548
3010118,0.731411837215332
3010119,85.84539206711473
3010120,154.96019239763748
3010121,0.8764946888421783
3010122,2.293539602109933
3010123,95.97925451163331
3010124,26.539400736899907
3010125,363.7769385657156
3010126,40.72916980155988
3010127,2.3473400328580576
3010128,3.5133368719125193
3010129,0.1973287826434734
3010130,1.441458806211093
3010131,2065.3527676592944
3010132,0.0
3010133,249.7837877152385
3010134,4.16056049293062
3010135,854.4523898604837
3010136,481.88352092372963
3010137,243.2729725249366
3010138,112.6842912005253
3010139,41.32996043519635
3010140,3138.255415667684
3010141,6.851872470356359
3010142,0.6574658744743754
3010143,10.885186723528506
3010144,9.116955119401117
3010145,0.059175250281491745
3010146,203.1596136989623
3010147,3.141776080506075
3010148,0.4680297812539812
3010149,2.721079169333731
3010150,16.73530278205768
3010151,1.494726419801023
3010152,131.35420840066874
3010153,201.3070906501028
3010154,1.1929012356078588
3010155,3.8259139056813605
3010156,139.1952495660243
3010157,40.970627313701726
3010158,500.3599705220089
3010159,7.6074516455077354
3010160,3.8328151448371433
3010161,5.383612107835304
3010162,0.14974306887304326
3010163,7.412737153559355
3010164,3023.6744961869044
3010165,0.13339140340612576
3010166,572.6483658886452
3010167,13.84657604498335
3010168,1048.3523885722814
3010169,895.1716348581846
3010170,255.9176122736844
3010171,137.3644402770827
3010172,91.12314458618472
3010173,3780.6267114965885
3010174,24.28251366389763
3010175,1.1962578863306579
3010176,20.010691194062836
3010177,25.38976737639055
3010178,0.31856395910779844
3010179,247.9085446056579
3010180,16.387876286202
3010181,13.630333792455227
3010182,8.187687394183113
3010183,79.55971801027242
3010184,7.647755707203312
3010185,292.52625018056386
3010186,316.9015480544447
3010187,7.1480750705626575
3010188,9.204793622894202
3010189,383.8729357830306
3010190,95.83088404338338
3010191,2423.089561050031
3010192,0.3739372805402317
3010193,23.58554930352798
3010194,3.93890159356084
3010195,0.4279651042633524
3010196,4.666871149136972
3010197,2513.6834593519916
3010198,0.14558783323152066
3010199,375.5627243835688
3010200,5.271648214992497
3010201,1095.8445136031075
3010202,632.1989954814183
3010203,298.4267926731593
3010204,216.041733554017
3010205,50.44375715928091
3010206,3850.829421906055
3010207,8.542409594949609
3010208,0.7142337933747587
3010209,13.444111294031124
3010210,18.10952715429025
3010211,0.1915770998819696
3010212,242.1177829630359
3010213,3.137266394901322
3010214,1.4623212526921878
3010215,3.190671518717484
3010216,34.19305819555494
3010217,1.5453143784021028
3010218,159.850557996542
3010219,283.8858101568
3010220,1.938798721772357
3010221,4.775377758596645
3010222,169.3798042665452
3010223,50.00705829040872
3010224,666.8639340191053
3010225,37.73764382841552
3010226,5.236762953996641
3010227,3.93890159356084
3010228,0.4279651042633524
3010229,4.666871149136972
3010230,2464.3414249110174
3010231,0.14558783323152066
3010232,369.6175436781728
3010233,5.271648214992497
3010234,1075.0218224569355
3010235,574.5527522768945
3010236,276.6280339373745
3010237,257.39894737317496
3010238,50.44375715928091
3010239,3790.0166529388607
3010240,8.542409594949609
3010241,0.7142337933747587
3010242,14.195240549823636
3010243,19.394484877587274
3010244,0.1915770998819696
3010245,238.27943397409499
3010246,3.137266394901322
3010247,1.2284946941481172
3010248,4.641149907878778
3010249,41.32528852079626
3010250,1.5453143784021028
3010251,159.850557996542
3010252,256.7354698301187
3010253,1.8406909945455452
3010254,8.965387971153689
3010255,169.3798042665452
3010256,50.00705829040872
3010257,666.8639340191053
3010258,0.5527686716237317
3010259,4.298054041981134
3010260,2.8282449117865798
3010261,0.08707221074873221
3010262,1.1066922367389562
3010263,1615.1043187266291
3010264,0.0
3010265,204.6650327399729
3010266,3.774440544628934
3010267,541.5187666999244
3010268,336.4410096878671
3010269,140.1673531042736
3010270,82.71223077958987
3010271,38.16277691758414
3010272,2290.1739788170644
3010273,6.2643850072254335
3010274,0.4740205954768553
3010275,23.024553195371332
3010276,8.738447435675031
3010277,0.0
3010278,142.43143025612227
3010279,0.9058353793772042
3010280,0.5685909722098195
3010281,3.4304683904973454
3010282,24.832096575043607
3010283,1.5274306205591945
3010284,121.45129181337458
3010285,155.89579554228024
3010286,1.16254320940684
3010287,3.4766149110601083
3010288,128.7056559281373
3010289,37.83032957457901
3010290,429.9238177556781
3010291,17.095449067214084
3010292,2.6204103008648416
3010293,2.892559568283552
3010294,0.038371733695918855
3010295,5.146856833609808
3010296,1423.0797024155495
3010297,0.08384980611942887
3010298,287.1370238918404
3010299,4.84990201554219
3010300,538.531781588607
3010301,481.27454836339285
3010302,150.30460262608455
3010303,78.10428859136543
3010304,46.98434612032855
3010305,2548.352285327294
3010306,8.531913915939587
3010307,0.4100309920493438
3010308,19.14931115428275
3010309,17.311025263995823
3010310,0.11238831632548195
3010311,151.2118035807118
3010312,4.286962463517591
3010313,1.1237749542442794
3010314,6.749490341935197
3010315,32.31938247728042
3010316,3.105741053958945
3010317,197.42036324355152
3010318,191.6159291381336
3010319,2.5943766110646584
3010320,4.0681064769905255
3010321,157.92236398143325
3010322,46.57701370855621
3010323,932.224949673776
3010324,0.24487697504831732
3010325,5.141160161277212
3010326,4.531948551471612
3010327,0.5449538633101376
3010328,9.845163579842215
3010329,3406.242190636288
3010330,0.6487665823731359
3010331,652.6124842670979
3010332,9.892273205223892
3010333,940.571847929938
3010334,1092.2140941911962
3010335,318.8879296736915
3010336,168.7028084258846
3010337,88.34484819199182
3010338,4222.607296509304
3010339,15.390142717328612
3010340,1.2548062430695535
3010341,27.863233224824175
3010342,32.00992347929823
3010343,0.46538630786520285
3010344,289.75018293784814
3010345,8.352692009405095
3010346,15.995854785585657
3010347,6.623910444672499
3010348,71.95646679625507
3010349,7.413493196512235
3010350,274.0098244532528
3010351,338.8405585378832
3010352,9.251501587203698
3010353,8.43660256768064
3010354,294.9068036194051
3010355,87.58641225535922
3010356,1949.370387597685
3010357,0.9003652513570111
3010358,10.828637882421667
3010359,2.155415516669473
3010360,0.0
3010361,2.5653229622969946
3010362,1620.8046226558477
3010363,0.0
3010364,290.91489450725265
3010365,3.1149083300585043
3010366,431.560591119978
3010367,415.2639290364832
3010368,127.63210910057268
3010369,57.319382227384764
3010370,32.7529047560722
3010371,2027.2459092327838
3010372,5.1919062740766915
3010373,0.41247545710043826
3010374,7.889071711319706
3010375,11.285691423711985
3010376,0.0
3010377,107.2541155884597
3010378,0.6878934463672687
3010379,5.575502029079589
3010380,1.9641362780912794
3010381,27.978885458606662
3010382,2.5722378527055754
3010383,111.97566570251604
3010384,121.07513852864531
3010385,2.1507926238513915
3010386,2.564981687622143
3010387,110.78836117978618
3010388,31.23873961793175
3010389,576.313437051469
3010390,0.2589411704796866
3010391,2.736151165543505
3010392,1.7816363091043752
3010393,0.0
3010394,0.6569612652108436
3010395,1232.81389023549
3010396,0.0
3010397,197.06144120980747
3010398,2.466171619940141
3010399,333.89901167738003
3010400,225.7427906432574
3010401,72.01493568084447
3010402,41.03157093569959
3010403,27.431583688372605
3010404,1549.1773197522145
3010405,3.7504535217554062
3010406,0.18979135148653686
3010407,6.487663301833752
3010408,5.273479841216632
3010409,0.0
3010410,76.31213273726529
3010411,0.6177089914491625
3010412,3.7282699521474285
3010413,1.5820709378719915
3010414,16.792889307496907
3010415,0.4209294616018787
3010416,138.13192565892808
3010417,89.77902426061183
3010418,1.5605965135683002
3010419,1.708254603122676
3010420,94.42970916238622
3010421,23.41970805855678
3010422,356.6605962677989
3010423,0.09024830976250052
3010424,2.1471274932700775
3010425,5.566484638438565
3010426,0.4225923534795417
3010427,8.174898079011209
3010428,3051.9229378757773
3010429,0.39281914003147844
3010430,600.8127288248667
3010431,8.140027372150126
3010432,944.40451209623
3010433,911.6396232927093
3010434,283.6293300352063
3010435,158.07527690463283
3010436,69.24048953697404
3010437,3978.7933355462264
3010438,11.88548440501154
3010439,1.5361793493987317
3010440,30.853892706039407
3010441,26.456923662380714
3010442,0.5115136451128681
3010443,250.56009375459246
3010444,2.808751346810555
3010445,12.727129700694402
3010446,5.008353460309923
3010447,81.44850140419807
3010448,2.911867875873417
3010449,234.10468571694312
3010450,307.21790179040295
3010451,5.704276776876806
3010452,6.418800270334632
3010453,231.6338805667284
3010454,68.64422783247117
3010455,1542.2586969660388
3010456,1.1539662585451627
3010457,7.117987384720673
3010458,4.312990557910848
3010459,0.19211053901409247
3010460,1.9870308020358542
3010461,2658.429435823798
3010462,0.16716104350686664
3010463,503.3098219881369
3010464,6.395262732058639
3010465,1043.046278685301
3010466,720.934783648711
3010467,246.33808213583976
3010468,324.51261803485676
3010469,55.832091787504424
3010470,3908.089119581552
3010471,9.009814762138562
3010472,1.0121328680885036
3010473,20.884050931983836
3010474,19.815899783307138
3010475,0.33872860644126274
3010476,232.82912643263302
3010477,0.5301153332724713
3010478,1.9284979792119918
3010479,3.8614025556920137
3010480,40.479128359215856
3010481,1.6766043654911469
3010482,189.22491395513816
3010483,263.52024214608184
3010484,4.222661358895772
3010485,5.002605344811566
3010486,201.358193531706
3010487,55.349652098614484
3010488,901.68509132854
3010489,1.021745797080252
3010490,5.06115255356649
3010491,4.318662818680568
3010492,0.3857591381175649
3010493,1.7795226209453636
3010494,2447.028467034741
3010495,0.08607869744846049
3010496,465.6520239726409
3010497,5.447230001902277
3010498,998.8528562875243
3010499,666.7955983805274
3010500,218.5551862333164
3010501,317.8812293317492
3010502,51.8839825191451
3010503,3597.351329050066
3010504,7.718971632219642
3010505,0.8989018351091861
3010506,24.299125541347436
3010507,10.668945419765283
3010508,0.263392814560724
3010509,235.91493471788482
3010510,0.2509328413452175
3010511,1.5143840167555638
3010512,3.523682301454005
3010513,41.623912242011244
3010514,1.4906614207436792
3010515,150.17587926722936
3010516,211.59948755676436
3010517,3.8598445582463072
3010518,4.585606057071729
3010519,174.149776921411
3010520,51.435057778363365
3010521,789.439397996462
3010522,0.881295691010528
3010523,4.640086007869895
3010524,11.350675563812949
3010525,1.0326006977455005
3010526,11.244843328329573
3010527,6218.108077135999
3010528,0.6030081541693181
3010529,1056.5500119825865
3010530,32.76261420865257
3010531,1946.3272668805885
3010532,1847.0931858421475
3010533,466.8464590365671
3010534,324.7296572445417
3010535,214.5471045133227
3010536,6970.621662098839
3010537,58.22047285318558
3010538,3.1964184092181487
3010539,47.61931738312449
3010540,55.98442243439483
3010541,1.6439157275407463
3010542,546.9146996104979
3010543,36.17644890121461
3010544,32.270857474601826
3010545,18.100201526708517
3010546,150.33353221168497
3010547,17.673425851021058
3010548,666.5083544469801
3010549,655.3113073062469
3010550,16.594446560506636
3010551,23.260395604900324
3010552,895.3909876284387
3010553,234.43146921723616
3010554,5815.38089577113
3010555,1.262662705541283
3010556,56.7002150545192
3010557,2.2928749477335337
3010558,0.0
3010559,0.720849904796218
3010560,1431.219321214652
3010561,0.0
3010562,174.75990826994808
3010563,2.991590157017449
3010564,455.51707819012677
3010565,314.59380963982255
3010566,110.95980932572502
3010567,156.29249971382765
3010568,32.67141459421719
3010569,1978.9343207126772
3010570,3.962677664377899
3010571,0.17564254291033488
3010572,12.980764641963773
3010573,10.303669346469666
3010574,0.0
3010575,115.62009269357436
3010576,0.3234927677756133
3010577,0.38712841811649257
3010578,2.0188777538649214
3010579,15.566331490393768
3010580,0.5420110045042954
3010581,80.49814701501359
3010582,113.21044351974172
3010583,1.3762016437989888
3010584,2.458144063699636
3010585,110.51846880424446
3010586,29.91886617558044
3010587,488.5720076523823
3010588,0.16405929793232754
3010589,2.423625795907692
3010590,4.372447894786866
3010591,0.4648412379280222
3010592,1.80763059484844
3010593,2549.494868819099
3010594,0.14726718448853104
3010595,350.90023485017014
3010596,5.512427734518302
3010597,1120.4721193041114
3010598,597.6031834101162
3010599,219.2129647704289
3010600,268.93183005220646
3010601,53.93616469574984
3010602,3867.336133693151
3010603,7.4642497325053005
3010604,0.6388401844558609
3010605,25.44838580677905
3010606,19.90011703074836
3010607,0.32640840241631064
3010608,244.72714511001016
3010609,1.1123665537695473
3010610,1.1665533185507828
3010611,5.78166093982117
3010612,17.47970804545845
3010613,1.226901982912987
3010614,187.53656227876016
3010615,251.76856394077603
3010616,2.8768613207142097
3010617,4.642090601612557
3010618,141.6716802552588
3010619,51.496126727634554
3010620,825.4622487057565
3010621,0.8888841446106227
3010622,4.44712501478449
3010623,1.4191043069082696
3010624,0.0
3010625,0.2395431378926527
3010626,1042.1871598605605
3010627,0.0
3010628,129.79248084381692
3010629,1.932414104246435
3010630,360.4716130169335
3010631,212.99037158367815
3010632,64.93680010191517
3010633,191.20799658359726
3010634,23.736640582306194
3010635,1586.0940293716612
3010636,2.4479599191575794
3010637,0.0
3010638,6.03101220602041
3010639,4.10026341922487
3010640,0.0
3010641,78.20700474961497
3010642,0.0
3010643,0.019051249671690307
3010644,0.8348173317499193
3010645,13.575139213102213
3010646,0.1328354466858255
3010647,81.79697576331264
3010648,84.2378472329675
3010649,0.5792517508409316
3010650,1.5405189480891313
3010651,80.92683064683251
3010652,16.504852099233755
3010653,233.10835783710954
3010654,0.0
3010655,1.0372273879090836
3010656,3.6474545282992734
3010657,0.20773901971443398
3010658,1.2221267489480265
3010659,1950.651226191927
3010660,0.02053256780389594
3010661,296.00796166694283
3010662,4.256933478827246
3010663,713.3130813279206
3010664,470.1451129782448
3010665,174.76597528616543
3010666,271.39373366103723
3010667,44.16513153036317
3010668,3016.4921745271567
3010669,3.7345476291746325
3010670,0.5198564083143457
3010671,21.258065852277447
3010672,14.960367916249862
3010673,0.15269035814549914
3010674,195.13046561346613
3010675,0.6346647018481145
3010676,0.7000751595602106
3010677,5.698036451850771
3010678,17.83594464906172
3010679,1.2910443665821987
3010680,151.3642128529586
3010681,193.31875221319908
3010682,1.8311217670348996
3010683,3.5543837387989754
3010684,145.87008162246576
3010685,41.37569418859309
3010686,689.3771558380213
3010687,0.366131310335266
3010688,1.6521578398685204
3010689,3.508183046615021
3010690,0.3208535245926291
3010691,1.485086413823134
3010692,2336.5158433052493
3010693,0.11611367782425898
3010694,474.64530207111596
3010695,4.879022865275417
3010696,946.108893752471
3010697,572.8439693067079
3010698,203.45680372390237
3010699,261.4978765883391
3010700,55.32516136370164
3010701,3507.271513107309
3010702,5.350395373349593
3010703,0.9496190310378193
3010704,13.441594775327632
3010705,21.55387301026594
3010706,0.2779536119010966
3010707,226.36055574200168
3010708,2.1745435088955753
3010709,2.383142025044154
3010710,4.2502516987390475
3010711,20.064932574646157
3010712,1.5621595309785001
3010713,169.39452654669418
3010714,236.0314395787737
3010715,2.278391465736726
3010716,4.093335543521267
3010717,163.25023667523536
3010718,46.39030388534316
3010719,678.6730113163603
3010720,1.1502183854384749
3010721,2.114590880393205
3010722,2.2179181264919556
3010723,0.0
3010724,0.4329780251972054
3010725,1366.266048365518
3010726,0.0
3010727,114.49637558775422
3010728,2.089021633034508
3010729,445.32134681343564
3010730,224.08497292432213
3010731,94.84422787209587
3010732,172.87869294247162
3010733,29.972471559239384
3010734,1816.730972205373
3010735,3.0585805496559013
3010736,0.026772652915302897
3010737,6.576081349029267
3010738,4.8510931512016615
3010739,0.0
3010740,102.36905396686329
3010741,0.2947225050621014
3010742,0.5000373003626887
3010743,0.766755718148741
3010744,16.208231546474845
3010745,0.4088981066746872
3010746,111.93699055567052
3010747,103.08662973679938
3010748,0.8904223620809442
3010749,1.6704917694489758
3010750,84.55058986636836
3010751,25.059309973293946
3010752,352.80169569999396
3010753,0.0
3010754,0.6334732314282228
3010755,3.0374284437736416
3010756,0.07682733202588764
3010757,1.3730628020180087
3010758,2552.6298768614056
3010759,0.04660153009347079
3010760,427.9918944952614
3010761,4.451321530073046
3010762,963.0343892422658
3010763,591.4327515062714
3010764,192.11958232577027
3010765,258.2488704500687
3010766,54.2388840752269
3010767,3410.487157822287
3010768,6.4282556178837424
3010769,0.6349536084932423
3010770,12.369817462552797
3010771,16.309893066411643
3010772,0.11161696538041169
3010773,221.01678550640202
3010774,0.8187999612669814
3010775,5.8662223946568695
3010776,2.028803839513757
3010777,32.949629825067895
3010778,1.4042205812791424
3010779,164.35217312929188
3010780,234.68020984297647
3010781,2.2053047418944356
3010782,3.9426124046720097
3010783,158.38970647515552
3010784,46.3732956571948
3010785,1152.1728496406058
3010786,0.5313677204008578
3010787,1.7662895587917655
3010788,5.571611634922002
3010789,0.1954764365131545
3010790,7.166373259882067
3010791,2736.7155022693632
3010792,0.15927541500106143
3010793,494.9363001760962
3010794,9.03089881605113
3010795,1056.818217246125
3010796,765.87619354982
3010797,231.35817749107323
3010798,131.7012587877941
3010799,71.64084204183227
3010800,3720.81401455786
3010801,20.86368700253997
3010802,1.02786490190481
3010803,23.114412580402956
3010804,22.10177037610837
3010805,0.20218327394406382
3010806,247.07154366069037
3010807,12.562126968320324
3010808,13.634287320178856
3010809,3.412822681084659
3010810,43.037393560982466
3010811,6.612292389633958
3010812,202.57171775303172
3010813,271.45822775223246
3010814,6.67477978226037
3010815,8.094830426845101
3010816,206.71580466152272
3010817,64.9454880781546
3010818,1891.8728368546156
3010819,0.6810775809280446
3010820,9.158054482957223
3010821,5.571611634922002
3010822,0.1954764365131545
3010823,5.078222736706699
3010824,2424.8641650611166
3010825,0.15927541500106143
3010826,494.9363001760962
3010827,9.03089881605113
3010828,1056.818217246125
3010829,683.8821869486626
3010830,231.35817749107323
3010831,126.13495535436378
3010832,71.64084204183227
3010833,3720.81401455786
3010834,19.92298958336941
3010835,1.02786490190481
3010836,27.82490562052564
3010837,20.6462397047141
3010838,0.20218327394406382
3010839,240.70975449130793
3010840,12.562126968320324
3010841,10.596360837389819
3010842,4.836335784321632
3010843,74.42356620494382
3010844,6.612292389633958
3010845,193.83321465191244
3010846,279.32775033177643
3010847,5.674997931922673
3010848,8.094830426845101
3010849,206.71580466152272
3010850,64.9454880781546
3010851,1774.774612453707
3010852,0.6810775809280446
3010853,9.158054482957223
3010854,5.571611634922002
3010855,0.26588496768313447
3010856,3.034262502918463
3010857,3019.6014836967142
3010858,0.15927541500106143
3010859,510.99014809592126
3010860,9.03089881605113
3010861,1180.9270092856673
3010862,807.4349374377007
3010863,231.35817749107323
3010864,364.4621528593933
3010865,71.64084204183227
3010866,4287.780859154639
3010867,19.92298958336941
3010868,1.053728237793324
3010869,23.114412580402956
3010870,20.6462397047141
3010871,0.20218327394406382
3010872,265.048011064213
3010873,4.923018051278886
3010874,9.964677188467636
3010875,8.072100413746302
3010876,43.037393560982466
3010877,3.499391169286095
3010878,193.83321465191244
3010879,279.32775033177643
3010880,5.674997931922673
3010881,8.094830426845101
3010882,206.71580466152272
3010883,64.9454880781546
3010884,1490.0224765062771
3010885,15.989903145765338
3010886,9.158054482957223
3010887,4.153421710751895
3010888,0.01797792042646088
3010889,6.2990067144047215
3010890,2625.913504231764
3010891,0.03206885442829771
3010892,450.26125464865316
3010893,9.491196432565216
3010894,906.4744428268502
3010895,801.2987157603534
3010896,229.0718577085703
3010897,118.1048764274008
3010898,78.30011302086301
3010899,3247.8470690122967
3010900,20.114062330875598
3010901,0.8993027520207929
3010902,14.940903147513811
3010903,12.65308307534281
3010904,0.14845952473171087
3010905,213.6097640434879
3010906,13.753669459994683
3010907,11.198332919787479
3010908,2.530411315735746
3010909,59.24517288958517
3010910,6.4338036811430666
3010911,251.669021649957
3010912,251.36574502907592
3010913,6.004267061259009
3010914,8.183181575921319
3010915,308.85023516079923
3010916,76.0902197039917
3010917,2221.9334919546686
3010918,0.23195836914291484
3010919,18.741755909945464
3010920,4.387862040781401
3010921,0.10772591809131038
3010922,1.845056346006512
3010923,2986.851890102699
3010924,0.0
3010925,473.5506401250916
3010926,7.224025089784911
3010927,1269.4620854715213
3010928,697.0970115514647
3010929,224.08614270351612
3010930,189.23294700613027
3010931,61.645085040153184
3010932,4140.217506755044
3010933,13.09366228222248
3010934,0.6837885482590389
3010935,24.672358178336793
3010936,14.081665580351668
3010937,0.0
3010938,268.3580224849304
3010939,0.6376752594530292
3010940,0.9829937993248526
3010941,5.559731514740603
3010942,38.012072073580605
3010943,2.353495711478364
3010944,168.0866463357867
3010945,270.71751543400745
3010946,3.7253609602122824
3010947,6.456571438845233
3010948,173.7793867194727
3010949,53.06667522605494
3010950,1369.1246711805386
3010951,0.40213174128921736
3010952,4.845083982747395
3010953,5.179335266647444
3010954,0.1626290760452839
3010955,5.058511215487403
3010956,2611.290552762727
3010957,0.13405482733801344
3010958,478.59276217405613
3010959,8.735791760271065
3010960,1014.8515248256949
3010961,762.9229611375999
3010962,242.09661574063023
3010963,126.55646621163228
3010964,74.26344662466356
3010965,3506.4497482906427
3010966,16.015119777483775
3010967,0.8004417898623759
3010968,18.913156591710514
3010969,20.20430601044363
3010970,0.16681528020914788
3010971,218.06506126760922
3010972,5.7816417425514
3010973,10.968473993496325
3010974,4.602960045329311
3010975,42.13831786525269
3010976,6.175963413140469
3010977,199.1686960090334
3010978,250.761384491525
3010979,5.97622076409397
3010980,9.64796435285644
3010981,200.6048468424127
3010982,63.00538488445248
3010983,1817.6631360558463
3010984,0.6445049391299419
3010985,6.606270378376158
3010986,5.179335266647444
3010987,0.1626290760452839
3010988,6.899448733655039
3010989,2600.12713263886
3010990,0.13405482733801344
3010991,478.59276217405613
3010992,8.735791760271065
3010993,1014.8515248256949
3010994,762.9229611375999
3010995,242.09661574063023
3010996,126.55646621163228
3010997,74.26344662466356
3010998,3506.4497482906427
3010999,16.015119777483775
3011000,0.8004417898623759
3011001,18.913156591710514
3011002,20.20430601044363
3011003,0.16681528020914788
3011004,242.00686844555486
3011005,5.7816417425514
3011006,10.968473993496325
3011007,6.97897162514801
3011008,66.55010797194257
3011009,6.175963413140469
3011010,199.1686960090334
3011011,290.48841871102195
3011012,5.97622076409397
3011013,7.8272623176154035
3011014,200.6048468424127
3011015,63.00538488445248
3011016,1817.6631360558463
3011017,0.6445049391299419
3011018,7.783082527120691
3011019,3.6047062897923494
3011020,0.0
3011021,3.634137710480741
3011022,3206.4783943019493
3011023,0.0
3011024,433.9600080280715
3011025,5.4929884382946605
3011026,971.43539246116
3011027,665.107714399583
3011028,210.8178786575558
3011029,224.94908012058517
3011030,46.32447743266034
3011031,4002.5942193339974
3011032,5.999127621835142
3011033,0.41555283425178996
3011034,20.747034766261663
3011035,16.323776089238972
3011036,0.0
3011037,210.89145759229567
3011038,0.6022348853008517
3011039,4.0925803543785735
3011040,1.998175940792414
3011041,41.652133114042364
3011042,2.559661209769928
3011043,132.4963874431704
3011044,233.52830775748592
3011045,2.9124342457862054
3011046,4.887072523876082
3011047,133.45418430103163
3011048,43.023872540324604
3011049,980.2524585027162
3011050,0.7640527752091746
3011051,1.396493093519537
3011052,16.967521885241336
3011053,0.2613627173314666
3011054,12.847262443971797
3011055,8647.062455414447
3011056,0.5310174868820271
3011057,1450.5091531424089
3011058,32.5593351757663
3011059,2611.212069699175
3011060,2352.483334874688
3011061,726.2184296548752
3011062,285.90461259345994
3011063,208.44632768905558
3011064,8753.291316344326
3011065,63.588000760701675
3011066,2.472225956807553
3011067,70.63148076784778
3011068,87.31997625562315
3011069,1.0300218892395592
3011070,751.1252778743368
3011071,39.79319860007099
3011072,26.429146328627358
3011073,74.0652593536541
3011074,204.9266043615507
3011075,16.692279848078527
3011076,633.8725366274282
3011077,775.7003136390764
3011078,24.998639096557284
3011079,33.369487103367305
3011080,869.5774058714962
3011081,231.52139785469376
3011082,6470.390101381278
3011083,275.3793112768421
3011084,51.95039196773128
3011085,14.993825632663162
3011086,0.14637597855184473
3011087,17.863330720011227
3011088,7485.724714639133
3011089,0.37789272379304023
3011090,1291.0637830775859
3011091,29.202897191064796
3011092,2449.4685488280957
3011093,2032.0139141541524
3011094,646.334943296381
3011095,254.3887161699113
3011096,185.43906855134952
3011097,8235.417439466137
3011098,56.49313838195472
3011099,1.5401954001153635
3011100,55.35196907938592
3011101,76.20135143319956
3011102,0.8858052109908234
3011103,646.0959578214429
3011104,15.951445503008351
3011105,24.202134255907893
3011106,41.92934887509358
3011107,110.87884766250637
3011108,15.255818051435588
3011109,620.2458237628
3011110,820.5437372022334
3011111,21.376798554665335
3011112,28.826825822999226
3011113,773.9462234233923
3011114,208.2657627854102
3011115,5759.520874470293
3011116,245.0195980987375
3011117,48.879869011222034
3011118,12.845978868053459
3011119,0.038361359383726576
3011120,15.211174683134006
3011121,6016.092483579761
3011122,0.15277602068259546
3011123,1080.9486257006777
3011124,23.580330674227532
3011125,2050.973837090433
3011126,1753.276267748271
3011127,541.0654625883044
3011128,161.78061051279997
3011129,150.73160132938813
3011130,7089.085073991319
3011131,45.79022492403985
3011132,1.356869754795843
3011133,40.40461544778963
3011134,46.200618341234716
3011135,0.5777070227384588
3011136,540.8653408841298
3011137,12.566858345423663
3011138,20.122058243435454
3011139,9.970047396633198
3011140,156.8006881042699
3011141,11.546368510917185
3011142,579.0678583637321
3011143,602.942414317783
3011144,18.279123159393126
3011145,16.106408599099357
3011146,639.0048317445099
3011147,143.94241522595135
3011148,4142.007980265896
3011149,217.0934385674344
3011150,35.30250644037043
3011151,14.252251071701743
3011152,0.14382293280941727
3011153,16.55692010793515
3011154,6627.220810950128
3011155,0.2698581634741447
3011156,1190.837156702909
3011157,26.07684147444292
3011158,2260.0661781689882
3011159,1874.3110757516229
3011160,596.1205511349513
3011161,212.30809772125497
3011162,166.14228015520092
3011163,7809.192309172804
3011164,50.54249223140566
3011165,1.5468979321506495
3011166,52.930955394176365
3011167,67.06247487850386
3011168,0.7379474472487779
3011169,616.5716155323397
3011170,24.66362523603648
3011171,22.267328265486213
3011172,38.27695104923297
3011173,180.60759212622315
3011174,12.820645285550988
3011175,581.7241457930535
3011176,785.2621790155924
3011177,20.237214766214848
3011178,25.739694188479874
3011179,672.4796813340887
3011180,158.66354773700792
3011181,4562.794189580675
3011182,239.24418308164846
3011183,38.98958456004351
3011184,10.722772228749974
3011185,0.0
3011186,12.269645507756254
3011187,4764.091674129646
3011188,0.03235721887078089
3011189,877.0711873819363
3011190,19.943538699127096
3011191,1764.3539861381403
3011192,1424.5038129344023
3011193,464.5150478535865
3011194,132.22977057095486
3011195,117.6956235904535
3011196,5753.061950517042
3011197,35.602756951335245
3011198,0.9398017858165202
3011199,38.920807857221035
3011200,35.923796880687966
3011201,0.3282314387514693
3011202,453.98819926373136
3011203,24.03457225211868
3011204,15.980950917859673
3011205,7.187678589880776
3011206,69.04533269691741
3011207,7.359315280712419
3011208,485.6128272103634
3011209,537.2069998235274
3011210,14.081548771858262
3011211,17.98911917064023
3011212,498.3668201054676
3011213,103.65423143433938
3011214,2943.2060770457724
3011215,181.85480195386273
3011216,24.532369311728477
3011217,14.102765945820156
3011218,0.23176660758556872
3011219,9.844436559240783
3011220,6290.235449306461
3011221,0.33001385208571854
3011222,1130.242966085666
3011223,26.544161805489942
3011224,1926.7079152497008
3011225,1877.7710437403243
3011226,565.7623463303299
3011227,241.83717693945437
3011228,158.9909417328085
3011229,7412.114336835925
3011230,46.1563262017507
3011231,1.450587222847905
3011232,50.431061328396865
3011233,61.270490395758365
3011234,0.5496634131407528
3011235,551.0238652289619
3011236,22.763557737240923
3011237,20.87702040486045
3011238,6.120898106557215
3011239,171.37448088032332
3011240,12.714791254697612
3011241,532.1354522261598
3011242,630.4584555023009
3011243,18.42996901733155
3011244,23.464198122703507
3011245,615.1678678760176
3011246,168.4558338547051
3011247,5016.393068333091
3011248,195.26640675410636
3011249,40.522158339762946
3011250,4.200455587133142
3011251,0.019454778662354566
3011252,6.072951324942851
3011253,2200.9709169023754
3011254,0.0
3011255,420.6890590411456
3011256,13.503578523932033
3011257,847.0055399338158
3011258,609.7414381991368
3011259,209.50508188499762
3011260,100.09611531570549
3011261,74.04878333372866
3011262,2975.868486871819
3011263,18.98212396932951
3011264,0.7974799189007755
3011265,16.417025987816675
3011266,19.116401141898166
3011267,0.10813489497058512
3011268,211.92517016693947
3011269,11.784173883256308
3011270,8.629524603432886
3011271,7.789056346771572
3011272,47.272470863456924
3011273,6.035272719785454
3011274,238.12327408617926
3011275,258.8596667337542
3011276,3.98379896991272
3011277,7.690865348757966
3011278,270.8978433056283
3011279,71.95736380845136
3011280,1748.0376769064942
3011281,0.165912294445986
3011282,13.32811597058885
3011283,10.394449516913074
3011284,0.009680419036972487
3011285,11.111544839969843
3011286,4198.797782366073
3011287,0.1749094210050635
3011288,715.9840435842693
3011289,19.780998812022368
3011290,1541.0240586458758
3011291,1303.308050972033
3011292,391.6148103445073
3011293,132.97332689565127
3011294,114.37128458087938
3011295,5266.31136858468
3011296,34.577614076555456
3011297,0.9340908345613699
3011298,35.348184441407014
3011299,34.55492743505685
3011300,0.27526445094917956
3011301,391.46986337711496
3011302,8.726036114483549
3011303,13.211431795324689
3011304,4.271220557195905
3011305,94.19022595381144
3011306,9.720890429039933
3011307,371.08519864968616
3011308,436.4319207207434
3011309,12.488247613624232
3011310,17.457286001843475
3011311,427.8361254221473
3011312,90.96201896504634
3011313,2713.9020851557325
3011314,195.96618971461282
3011315,25.594605933663225
3011316,10.729939685768809
3011317,0.009680419036972487
3011318,6.550562170437382
3011319,4083.484502386847
3011320,0.1749094210050635
3011321,758.8285556446237
3011322,19.34656855765318
3011323,1541.0240586458758
3011324,1396.114726815667
3011325,369.2860877272042
3011326,159.24211848312174
3011327,111.95942858874223
3011328,4985.893617576687
3011329,33.83385810635709
3011330,1.0257825699994085
3011331,34.58831956890612
3011332,34.55492743505685
3011333,0.554995223073614
3011334,349.1282198053834
3011335,7.2910160739992325
3011336,22.543784674929896
3011337,4.271220557195905
3011338,94.19022595381144
3011339,9.720890429039933
3011340,363.30669536605785
3011341,388.6878417116398
3011342,16.017065441701707
3011343,12.91078632542991
3011344,418.8712345266211
3011345,89.0395375842103
3011346,3292.1383763769304
3011347,2.7453526422463477
3011348,29.169010277316996
3011349,5.987831531284639
3011350,0.7003382835977889
3011351,17.598729950056224
3011352,3727.6728293261494
3011353,0.7584940420609304
3011354,712.1166799478418
3011355,6.143119512953002
3011356,1277.1770288640246
3011357,1153.16397496073
3011358,333.62360635593546
3011359,54.51291079166156
3011360,23.173575061969164
3011361,5191.927121423048
3011362,10.494453229396026
3011363,2.228329953809327
3011364,42.21326574006757
3011365,48.58603205949823
3011366,1.199958420351512
3011367,276.5489760161871
3011368,5.949213194276226
3011369,9.91755126420007
3011370,6.994413184635846
3011371,109.16578342727223
3011372,5.107067984065017
3011373,85.74300464371254
3011374,344.5606131005984
3011375,5.270174177677601
3011376,11.640864235401972
3011377,121.83586577762743
3011378,78.87493658739942
3011379,2344.8493844800864
3011380,4.173478648422792
3011381,7.70626943632316
3011382,5.263980889947112
3011383,0.33063557492575923
3011384,8.058586609860653
3011385,2454.2297500834025
3011386,0.3899507519122455
3011387,464.5744056420013
3011388,6.74313222460098
3011389,1011.9800335759743
3011390,526.5365268145338
3011391,252.42660710442166
3011392,85.1385565640951
3011393,61.79746141869982
3011394,3239.8344032288946
3011395,11.547030575932338
3011396,1.4788579937229767
3011397,15.464339246200739
3011398,23.413271232164828
3011399,0.3247423048918166
3011400,235.0698359447623
3011401,3.6995433118604635
3011402,7.757284607025056
3011403,4.7172523773900945
3011404,71.66909966803749
3011405,3.6215745635842
3011406,134.5854616666722
3011407,276.93034354304075
3011408,5.441960777717157
3011409,6.076773747117262
3011410,119.54969171290826
3011411,69.30542900208796
3011412,1341.6383017793687
3011413,1.0262961530158132
3011414,3.8558578290789476
3011415,4.280884069296748
3011416,0.026143374318955206
3011417,1.4881164306892638
3011418,1671.5156733978179
3011419,0.0
3011420,245.75760744205732
3011421,3.2267914878195385
3011422,859.2938137018148
3011423,257.39946271560177
3011424,171.16308855255008
3011425,92.00391224350153
3011426,31.491617763341747
3011427,2731.0134755861664
3011428,5.424501905731173
3011429,0.41867715547404877
3011430,18.55651795036127
3011431,9.833771678301137
3011432,0.0
3011433,181.363459967221
3011434,0.17663697103711362
3011435,0.2683548477363233
3011436,2.173520622525353
3011437,12.344722833654133
3011438,0.8984527142340526
3011439,60.4077632779223
3011440,174.8305113267997
3011441,0.2704017719839127
3011442,2.8630422635048656
3011443,62.843852725646464
3011444,50.07595881945271
3011445,465.97850187302527
3011446,0.21524834770952106
3011447,1.319156026722588
3011448,4.849654423545643
3011449,0.21593224844152997
3011450,6.052560691053211
3011451,3508.2193636954744
3011452,0.1880800416170903
3011453,588.8714959503401
3011454,15.458663307774616
3011455,1218.5235343611964
3011456,1034.238290793637
3011457,309.8695009098586
3011458,156.76952294809865
3011459,109.34453343879133
3011460,4365.013270697558
3011461,28.10345732001396
3011462,1.279528293896934
3011463,30.659415366575168
3011464,29.48589994175169
3011465,0.29609497242665905
3011466,318.6546055939308
3011467,16.34951123324928
3011468,15.174634906885684
3011469,20.144131671588646
3011470,56.74210549349647
3011471,8.583413103240254
3011472,353.50155206267385
3011473,363.07111339369595
3011474,8.32650504639635
3011475,11.846803433013049
3011476,460.33161810646527
3011477,105.7080206905477
3011478,2489.2399065367426
3011479,0.4582003755224066
3011480,27.000864809788816
3011481,5.165804614079053
3011482,0.2569631147731124
3011483,8.557707337151395
3011484,3783.528908107201
3011485,0.24118390501189993
3011486,676.7412833981836
3011487,16.53199698439274
3011488,1216.8736699135304
3011489,1270.9301394322179
3011490,298.85989466041775
3011491,181.12584738230237
3011492,116.54053116690716
3011493,4649.738037731815
3011494,30.00140736999362
3011495,1.8229162675430701
3011496,32.72404941732063
3011497,49.38520178401644
3011498,0.3877799986454221
3011499,339.5005301173388
3011500,17.287182227962276
3011501,18.544813351994755
3011502,7.129054537609561
3011503,98.43063616930108
3011504,10.56817457753057
3011505,376.6199819817384
3011506,349.03770369853225
3011507,7.600932498705057
3011508,12.541121260873819
3011509,490.41685361696426
3011510,112.6668672281233
3011511,3574.078809721351
3011512,0.5233778642702223
3011513,28.514198436657885
3011514,5.266601373044363
3011515,0.34269148723649895
3011516,9.760786480293635
3011517,4158.414536798142
3011518,0.38634944321519743
3011519,768.8904063590326
3011520,20.312985909763043
3011521,1474.679279241425
3011522,1393.4875305793153
3011523,358.05724956048863
3011524,204.40155244150796
3011525,130.13781809429412
3011526,5110.428098631352
3011527,32.801147991590014
3011528,2.2006139980506205
3011529,32.829631986005
3011530,38.04382280128847
3011531,0.5500910224974448
3011532,369.52736904151595
3011533,20.425158949635204
3011534,20.458279076504112
3011535,14.865222487033282
3011536,99.82703426809341
3011537,12.556410985069276
3011538,425.8010954013449
3011539,392.04769452071133
3011540,12.86783928538634
3011541,17.022888890860585
3011542,547.8922133386773
3011543,126.48333921959942
3011544,4302.710973607071
3011545,0.6332685101343265
3011546,29.960003711559573
3011547,7.395069741789628
3011548,0.2515708439860771
3011549,5.222406243754722
3011550,3429.765196618107
3011551,0.09381296631039893
3011552,571.9930288665547
3011553,11.891794884223085
3011554,1652.0740652733266
3011555,850.8355250496091
3011556,407.11907353744766
3011557,335.1758343207673
3011558,68.68814092043881
3011559,5018.127474080449
3011560,17.26435079566073
3011561,1.403375602148681
3011562,26.807314672782752
3011563,24.15995105350752
3011564,0.22774786870901292
3011565,349.01791584362763
3011566,10.323940348766412
3011567,4.394880048715882
3011568,7.551054596449549
3011569,81.22361819247504
3011570,3.8963530600643503
3011571,270.1894065854734
3011572,395.57972284767465
3011573,4.981298584652226
3011574,10.645508383897955
3011575,347.76610022457294
3011576,77.58806206483555
3011577,1019.2685677159999
3011578,67.84878064425745
3011579,12.747731332994926
3011580,4.698849745878617
3011581,0.02641151830491082
3011582,3.631174949311252
3011583,2324.1095974838618
3011584,0.08627250878810488
3011585,396.53333745585957
3011586,13.76256860860285
3011587,770.3753798116757
3011588,678.453388744417
3011589,181.27654968016213
3011590,118.55407382794672
3011591,83.55781331094708
3011592,2829.0991947375965
3011593,20.89714347075201
3011594,1.223978057433979
3011595,17.7568997221891
3011596,21.67548794714081
3011597,0.18147728861721654
3011598,199.36484282301387
3011599,12.883722691779527
3011600,12.060955554131525
3011601,4.887645014260349
3011602,59.82233997800099
3011603,6.720121395522518
3011604,261.0400437860324
3011605,197.60403395944323
3011606,6.102697785668576
3011607,5.077347627189939
3011608,286.7822239222335
3011609,78.94935198148096
3011610,2417.508725377892
3011611,0.22655668762351908
3011612,19.473940767546996
3011613,1.8074693494211613
3011614,0.0
3011615,0.6079684417284006
3011616,1185.2703765167398
3011617,0.0
3011618,132.63685298769227
3011619,2.7579354156799
3011620,618.0169402210071
3011621,291.4549514097594
3011622,137.25319172361216
3011623,45.502306133543954
3011624,30.870379858739238
3011625,2356.9137012545093
3011626,3.9798948336153086
3011627,0.06178997739376607
3011628,7.210610997086861
3011629,9.2180173064413
3011630,0.0
3011631,140.86500928190358
3011632,2.0722520674263256
3011633,0.20183935561312005
3011634,1.3387703640808515
3011635,8.936927666499827
3011636,0.408758260659217
3011637,129.54939262607377
3011638,139.90324387928987
3011639,0.5529627526779077
3011640,2.467554790391149
3011641,114.52866248009164
3011642,29.21017270997694
3011643,469.5667536322631
3011644,2.293938324205623
3011645,2.233172278904629
3011646,5.086721158248738
3011647,0.5993071915326079
3011648,6.009226602195351
3011649,3426.819047133571
3011650,0.2966775369602232
3011651,511.8005804412757
3011652,8.312173093981244
3011653,1532.1009952433205
3011654,773.7555502273707
3011655,370.4195477549755
3011656,103.4287148436232
3011657,68.09643214719647
3011658,5194.236272846779
3011659,10.760101974491825
3011660,0.727669635082286
3011661,27.472515018068037
3011662,21.153125962814567
3011663,0.4004913968758024
3011664,318.17566939679006
3011665,5.025199772125985
3011666,6.015717001009959
3011667,4.641174074290064
3011668,50.06599990709759
3011669,2.4906047494486745
3011670,312.03521584344486
3011671,331.4181551940807
3011672,1.7890987032609613
3011673,6.517816397323155
3011674,239.36628660649873
3011675,64.49702758681153
3011676,1989.3647923034523
3011677,10.08548548694511
3011678,6.009664458965352
3011679,2.7503300089528797
3011680,0.03449198635901277
3011681,0.7769888969748322
3011682,1596.2132501674005
3011683,0.0
3011684,195.00156897196024
3011685,4.3826015608967275
3011686,699.3334866620052
3011687,369.9113773805596
3011688,190.54652925626198
3011689,52.72782174476015
3011690,38.629772591791905
3011691,2533.547996347237
3011692,5.744923759776293
3011693,0.3310272155699435
3011694,15.038896445437027
3011695,8.014762867117142
3011696,0.0
3011697,167.84854134011115
3011698,2.0554659966412157
3011699,0.2883841617207827
3011700,12.075888836450316
3011701,32.67695716409069
3011702,1.0520863306593737
3011703,150.52625944683965
3011704,175.18191038925764
3011705,0.7573625242263776
3011706,3.3117907098022346
3011707,137.9359858775937
3011708,36.56535942657903
3011709,545.0502110954735
3011710,9.79528692313599
3011711,3.0203437402062043
3011712,2.9427700617146755
3011713,0.0
3011714,2.02670512024328
3011715,1479.6491231754503
3011716,0.0
3011717,163.0854649523607
3011718,3.4321560655082815
3011719,648.2233662898949
3011720,348.8397906863872
3011721,165.83147264993306
3011722,46.8330617621639
3011723,32.35832353728727
3011724,2385.5864417890352
3011725,5.251410520604706
3011726,0.22674818768247987
3011727,8.462606735313596
3011728,7.784468532050191
3011729,0.0
3011730,156.13753050409105
3011731,1.4480309046127875
3011732,0.1941155437802762
3011733,2.029932488259016
3011734,24.919775516463776
3011735,0.901939077973891
3011736,124.77314854423672
3011737,154.46486832523186
3011738,0.6659185464837274
3011739,2.9963051868205737
3011740,110.61898787641283
3011741,32.51952439163794
3011742,381.7490760143821
3011743,9.007450235898968
3011744,2.427502265862917
3011745,2.602764017076838
3011746,0.030290032465995424
3011747,0.7835857682273848
3011748,1595.1945086587632
3011749,0.0
3011750,151.63695331597484
3011751,3.7950588515578567
3011752,701.3814602091514
3011753,377.48450283880845
3011754,191.10666558050696
3011755,48.601403384318736
3011756,36.488305862792096
3011757,2580.998980533669
3011758,5.763272977868359
3011759,0.3152977096948661
3011760,9.237400379034934
3011761,8.927023226334164
3011762,0.0
3011763,167.52163519156076
3011764,0.8146762461669457
3011765,0.291889144551095
3011766,2.235525345917376
3011767,27.04207414712483
3011768,1.1383549241068427
3011769,135.07139286197085
3011770,197.80011494429687
3011771,0.7613327365761502
3011772,3.323520714605748
3011773,119.75829639300937
3011774,38.00011990087275
3011775,556.0264251239457
3011776,6.207207171529172
3011777,2.926534042659394
3011778,2.602764017076838
3011779,0.30747230676976633
3011780,0.7973938295661366
3011781,1640.5312372953908
3011782,0.0
3011783,154.76213479351387
3011784,3.8321809613687225
3011785,771.4101424721573
3011786,380.4146323139722
3011787,193.5067691728387
3011788,61.59742247346926
3011789,36.77853066501945
3011790,2668.8902020530227
3011791,5.815632494182476
3011792,0.32548040557510766
3011793,9.316655694311176
3011794,12.750009948552627
3011795,0.0
3011796,169.65330677684085
3011797,3.486185166157684
3011798,0.3018906173530212
3011799,2.2605739492620387
3011800,15.916567355418
3011801,1.1549095168166925
3011802,122.63122051348401
3011803,170.75603679911993
3011804,0.7749685206790735
3011805,3.3569922976886137
3011806,120.6931760009663
3011807,42.71346572850532
3011808,1106.8024593637813
3011809,16.758845994446506
3011810,2.9569322572423804
3011811,2.522659393652166
3011812,0.0
3011813,0.6409269382508144
3011814,1406.751456280476
3011815,0.0
3011816,182.7479887548493
3011817,3.307810552159991
3011818,634.6108050710848
3011819,320.5463135897238
3011820,174.70148182817712
3011821,71.26140893542583
3011822,31.616858424977796
3011823,2318.630018804803
3011824,5.076025259154904
3011825,0.19809243774277896
3011826,8.197130367892267
3011827,11.002092482180165
3011828,0.0
3011829,152.83041955821554
3011830,0.4114141480421299
3011831,0.20809515176083393
3011832,1.906748521427569
3011833,25.45112160498091
3011834,0.9210667046011303
3011835,80.11365019338686
3011836,137.94954889011484
3011837,0.6461724009391212
3011838,2.884187605082248
3011839,99.39370536187997
3011840,31.47818818548063
3011841,754.2440072839779
3011842,0.006695279889150681
3011843,1.8242896911958935
3011844,3.987204668796196
3011845,0.368233403093971
3011846,3.9167590263993874
3011847,2451.482475547653
3011848,0.15432632733923188
3011849,316.1053986761999
3011850,5.831591628989225
3011851,934.1512618240153
3011852,581.9811177787462
3011853,285.0738574501533
3011854,114.35027591134062
3011855,52.410146662544754
3011856,3570.102758339709
3011857,8.635735554145166
3011858,0.8089689372959269
3011859,23.600279336471083
3011860,13.021745010232628
3011861,0.24195341525588407
3011862,240.4233338729673
3011863,1.1253758842242634
3011864,0.4685347954307254
3011865,7.865367628200584
3011866,41.885210058161796
3011867,2.0189861628063834
3011868,161.42369656943515
3011869,227.23154984458114
3011870,1.7006684200305076
3011871,5.159784235404343
3011872,185.39051731781205
3011873,50.50591369934181
3011874,1665.783498907938
3011875,8.289578565462332
3011876,5.916924865228371
3011877,1.6071308433385378
3011878,0.014835547488542418
3011879,2.4790594635783694
3011880,1529.6252776527162
3011881,0.0
3011882,209.74604840395295
3011883,2.571309867523506
3011884,421.5929288461705
3011885,386.1723117390227
3011886,166.4917630565577
3011887,53.81083766022711
3011888,26.92089957374189
3011889,2233.044620084127
3011890,4.037215239760638
3011891,0.11059976982482908
3011892,11.351240721892193
3011893,8.743814204087158
3011894,0.0
3011895,140.69146273001945
3011896,1.2628270407469417
3011897,2.140467955182307
3011898,5.612779036140543
3011899,24.93396659985743
3011900,0.6928116083926794
3011901,83.90925420902131
3011902,141.80575901989272
3011903,0.8346599717535528
3011904,2.220113176608315
3011905,88.93952083686511
3011906,25.92543521625708
3011907,1291.2633063861301
3011908,40.08340584190054
3011909,2.2727141764105507
3011910,3.4127161921499667
3011911,0.17063544256540283
3011912,3.4606611785233294
3011913,1884.6290226461765
3011914,0.0
3011915,216.56849963676646
3011916,4.442751529111438
3011917,668.076334477109
3011918,444.7164647692082
3011919,223.41334115264618
3011920,73.21675381656499
3011921,41.55203958387689
3011922,2850.9972846964506
3011923,6.676822220885079
3011924,0.626015783788734
3011925,10.62021745552003
3011926,8.891406942934063
3011927,0.03939238391669668
3011928,173.98459847093937
3011929,3.049439005638405
3011930,0.43530141226811936
3011931,2.638121143798629
3011932,18.054061422181974
3011933,1.4391087968967504
3011934,128.40349348692314
3011935,184.24353677209115
3011936,1.1440125266014105
3011937,3.7183246094586195
3011938,136.06972587675517
3011939,40.03493091650903
3011940,870.2598250658045
3011941,18.921072074378618
3011942,3.7250719918572477
3011943,5.2412953679464245
3011944,0.12411060836200977
3011945,7.140020365782781
3011946,2815.961427603373
3011947,0.10812348818413793
3011948,524.2641013187803
3011949,15.16774527921144
3011950,899.8003458719106
3011951,857.900227744988
3011952,234.24794412139866
3011953,129.93384112138017
3011954,91.606457807202
3011955,3524.2441414683303
3011956,23.718863357447223
3011957,1.154584322634477
3011958,26.07897528508277
3011959,17.74469749223411
3011960,0.2939363305925623
3011961,242.9323149196762
3011962,16.0002296333601
3011963,13.304164004307749
3011964,5.4480611341246385
3011965,93.6490262410415
3011966,7.454961975564446
3011967,285.98235335665873
3011968,266.5711769927485
3011969,6.966421257513928
3011970,8.977287168066447
3011971,375.29254891634207
3011972,93.67212885825894
3011973,2663.2836176961796
3011974,0.34330661701068
3011975,23.037437174195944
3011976,3.8287933411241317
3011977,0.3961299402714171
3011978,4.540533487372464
3011979,2325.1238776989794
3011980,0.12004800986384451
3011981,343.80161153615506
3011982,5.614596022846844
3011983,1003.3313674077615
3011984,498.2342530447104
3011985,273.1716956180819
3011986,93.55950558931931
3011987,50.71365076837964
3011988,3452.8479296681917
3011989,8.32967038064637
3011990,0.6817065425346024
3011991,13.122093164603191
3011992,17.683497884423037
3011993,0.16932128289224074
3011994,225.38930132571667
3011995,3.0450298593117835
3011996,13.437989650575453
3011997,7.38201118755009
3011998,40.28642531417738
3011999,1.4885689436533571
3012000,156.26454327060372
3012001,259.85716956357874
3012002,1.8732809167730702
3012003,4.646621042125518
3012004,165.58134379048366
3012005,48.86990300518971
3012006,1476.4660253943616
3012007,14.510935414006845
3012008,5.097720080451259
3012009,3.8287933411241317
3012010,0.3961299402714171
3012011,4.540533487372464
3012012,2335.3374815488455
3012013,0.12004800986384451
3012014,338.35787598997246
3012015,5.614596022846844
3012016,987.4749613412529
3012017,490.35233150419447
3012018,253.21154912750592
3012019,106.77851673011651
3012020,50.71365076837964
3012021,3398.3185013917973
3012022,8.32967038064637
3012023,0.6817065425346024
3012024,23.914749935197232
3012025,18.733354225024293
3012026,0.16932128289224074
3012027,221.81506197859858
3012028,3.0450298593117835
3012029,5.02070368747558
3012030,4.515385677447492
3012031,42.34895045698391
3012032,1.4885689436533571
3012033,156.26454327060372
3012034,234.9968196345743
3012035,1.777360410771634
3012036,5.2207420746812145
3012037,165.58134379048366
3012038,48.86990300518971
3012039,1476.4660253943616
3012040,0.5181511272908246
3012041,4.179938817203555
3012042,2.7428977249371584
3012043,0.06283693917456142
3012044,1.059725477791636
3012045,1473.7594189673316
3012046,0.0
3012047,178.4936684143649
3012048,4.035517674975182
3012049,495.76012237525555
3012050,310.4685165037638
3012051,129.30184473079484
3012052,57.980752641824466
3012053,38.36823981120384
3012054,2080.5196921348847
3012055,6.1024322484954645
3012056,0.4460513430691989
3012057,22.48894795647288
3012058,13.226409822578756
3012059,0.0
3012060,143.47537583702004
3012061,0.8633465386744725
3012062,0.5336206842892828
3012063,3.3316951870405775
3012064,33.815883600024435
3012065,1.4710838876849008
3012066,118.72135328457964
3012067,142.66244889157136
3012068,1.1143313045741736
3012069,3.3768129135204976
3012070,125.81398804716058
3012071,36.96464321699443
3012072,969.6408213625789
3012073,6.464538454325803
3012074,2.5396965948351817
3012075,2.805778545529771
3012076,0.015222194307242615
3012077,3.425719113000422
3012078,1510.977353891345
3012079,0.05968637508219839
3012080,275.8052422811186
3012081,5.169787794147731
3012082,469.1957784044198
3012083,444.1543642108468
3012084,142.32517980891964
3012085,77.24017905931738
3012086,47.236090337115826
3012087,2375.514102004607
3012088,8.319408693112392
3012089,0.38327592984718545
3012090,11.024785552486534
3012091,15.774829265604662
3012092,0.09161155685930503
3012093,143.13524602613782
3012094,4.169094515244363
3012095,1.0764273518774765
3012096,6.576722607518678
3012097,61.95850588512824
3012098,3.014207346747919
3012099,192.99676438645173
3012100,175.36977447271803
3012101,2.514243302120073
3012102,3.9551177209334827
3012103,154.3793365613444
3012104,45.51632810136849
3012105,901.9724758471905
3012106,0.2171235919074234
3012107,5.00424866375441
3012108,4.408618864488892
3012109,0.5105105429155373
3012110,9.493594510178045
3012111,3150.755497204728
3012112,0.612008853225862
3012113,597.4836610271745
3012114,10.487887163505611
3012115,868.1000152225718
3012116,1013.0026906620233
3012117,305.8759007671578
3012118,166.84903011642214
3012119,88.8135854084095
3012120,3936.2598127195533
3012121,15.024739613499573
3012122,1.2120217357592133
3012123,26.927570062378905
3012124,39.92988984136587
3012125,0.4380163882097034
3012126,267.3714354595402
3012127,8.14418237356279
3012128,15.616947890265303
3012129,6.4539423981555775
3012130,124.92801734330489
3012131,7.225922131325618
3012132,291.38259518302436
3012133,310.176769928644
3012134,9.022953821422988
3012135,8.226222223390783
3012136,288.3098345538248
3012137,85.61145995912544
3012138,1886.1449786289556
3012139,0.8579983621095775
3012140,10.564929318631256
3012141,0.8514606819800965
3012142,0.0
3012143,1.0919765553479512
3012144,881.1555527315986
3012145,0.0
3012146,151.89547060587242
3012147,1.6045427522834594
3012148,192.9448473244554
3012149,229.58696987270315
3012150,77.91552802889827
3012151,33.61723785695964
3012152,19.362606248012696
3012153,1133.6994438535048
3012154,2.6331414840284313
3012155,0.0
3012156,4.215720936233799
3012157,6.613778962449126
3012158,0.0
3012159,61.861143703771724
3012160,0.0
3012161,2.8582188009175775
3012162,1.2165575395077657
3012163,29.84364418796556
3012164,1.0960339124991918
3012165,65.28921039518546
3012166,82.33422841447835
3012167,0.8487481693983223
3012168,1.091776310201507
3012169,64.5925517048296
3012170,17.916291221828004
3012171,337.74243320188015
3012172,0.0
3012173,1.1922111203405428
3012174,1.719622295035071
3012175,0.0
3012176,0.6200208431733711
3012177,1140.2982974218999
3012178,0.0
3012179,195.33519621044564
3012180,2.6557096676679737
3012181,308.12217350883765
3012182,244.72689817726555
3012183,72.69401177851111
3012184,40.572431719112885
3012185,27.580746641426142
3012186,1449.0078724835164
3012187,3.644546545142581
3012188,0.16721529337426344
3012189,6.320732759610695
3012190,8.4045742408473
3012191,0.0
3012192,68.11349394718378
3012193,0.5816436626254725
3012194,3.6228575377436423
3012195,1.524506049556062
3012196,28.568182175967703
3012197,0.38925115076920336
3012198,119.3990318474888
3012199,103.91617374507867
3012200,1.5035103777213907
3012201,1.6478765664571366
3012202,91.06503720629306
3012203,22.87529320671039
3012204,391.44442848361746
3012205,0.06594222999234785
3012206,2.076965190597096
3012207,5.4200909242707
3012208,0.3908769700072979
3012209,2.583809993273979
3012210,2766.0231294582795
3012211,0.36176752287247066
3012212,550.0529463092008
3012213,8.639824593479348
3012214,678.3433974720755
3012215,798.0901823338296
3012216,259.507988169797
3012217,150.32498122878297
3012218,69.60899798722765
3012219,3708.975682617477
3012220,11.598214423466237
3012221,1.488055842446327
3012222,17.085937752905103
3012223,25.566849018807307
3012224,0.4832821768625619
3012225,231.19776779878418
3012226,2.723838750999771
3012227,12.421096014118003
3012228,4.874402765604989
3012229,95.86814410081996
3012230,2.8246563922234307
3012231,228.86324374982124
3012232,281.22132027431377
3012233,5.554811114164201
3012234,6.253404965838485
3012235,226.44752291988465
3012236,67.09157405436473
3012237,1492.2306802976718
3012238,1.1059455689154574
3012239,6.937004348856938
3012240,4.194542337296977
3012241,0.16553353486131536
3012242,4.534170147296187
3012243,2409.5930194365446
3012244,0.14114026532811175
3012245,460.77390398816806
3012246,6.799652304867222
3012247,954.9863897795973
3012248,609.6446822699039
3012249,225.47639766869264
3012250,137.3221019624836
3012251,56.13025465919479
3012252,3691.091061645601
3012253,8.78665518104644
3012254,0.9739530405894838
3012255,25.263903475469412
3012256,19.351828510652943
3012257,0.31372435042893865
3012258,226.3521214834148
3012259,0.4960028242091403
3012260,7.422926941358781
3012261,3.7530220727732058
3012262,67.92991928572712
3012263,1.6169319416605255
3012264,184.98402507554766
3012265,261.48942113886955
3012266,4.106226944400355
3012267,4.868782799036175
3012268,196.84680438293748
3012269,54.09338861564007
3012270,1973.7203560932824
3012271,0.9766728405998072
3012272,4.926024751810811
3012273,4.200088140248315
3012274,0.35486491718486673
3012275,4.094252879771667
3012276,2263.4669050806638
3012277,0.06186557533630946
3012278,424.06698883199863
3012279,12.351408253680262
3012280,914.5204533622424
3012281,648.799933309153
3012282,200.03684494606716
3012283,134.50418470360216
3012284,52.161432100858455
3012285,3397.602685238461
3012286,7.524590207264628
3012287,0.8628705443073443
3012288,23.735104888421997
3012289,10.408797052034119
3012290,0.23979565138111372
3012291,215.93238867823032
3012292,0.2230444482547809
3012293,10.231418690283384
3012294,3.4228309798886256
3012295,49.07852420456025
3012296,1.4351344232414085
3012297,146.80555257386095
3012298,223.2727751577314
3012299,3.7514988094425243
3012300,4.461080125527374
3012301,170.24497430768002
3012302,50.26606656259976
3012303,1935.454306381601
3012304,0.8393539400098706
3012305,4.514345496107332
3012306,11.075328651755171
3012307,0.9872857412737657
3012308,14.895040324318414
3012309,5791.02409696455
3012310,0.5672705669439523
3012311,972.4207708689786
3012312,35.76708655462869
3012313,1782.080311275816
3012314,1704.847322728851
3012315,418.4402517344544
3012316,307.23696539928375
3012317,215.67794699412661
3012318,6497.967321690341
3012319,56.900207071247166
3012320,3.1167921909307523
3012321,61.661493695516896
3012322,71.0953206584822
3012323,1.594533690428552
3012324,500.70093632956394
3012325,35.34763428671566
3012326,31.529114416109746
3012327,20.705357618521724
3012328,176.80066533533346
3012329,17.257119057190003
3012330,651.6268717928443
3012331,556.8816631968244
3012332,16.20219461406287
3012333,22.71953247716327
3012334,875.4067779255236
3012335,229.18274191359527
3012336,6120.100015825999
3012337,1.2122187289523016
3012338,55.41384201700845
3012339,2.2194633400877635
3012340,0.0
3012341,0.682485144508217
3012342,1341.9404922512651
3012343,0.0
3012344,167.29277034115154
3012345,3.209859270219577
3012346,447.4514607662455
3012347,280.8423188561606
3012348,95.41828311521391
3012349,97.41655723344084
3012350,32.84806770258475
3012351,1873.7731554289628
3012352,3.8520393463875684
3012353,0.15333495567258631
3012354,12.669076398476076
3012355,10.05166447164388
3012356,0.0
3012357,114.87421365676204
3012358,0.29398671809801097
3012359,0.3562036703500594
3012360,1.9515746607578432
3012361,25.54266358774207
3012362,0.5076332924305201
3012363,78.68122104986521
3012364,107.18727302021561
3012365,1.3232264213776601
3012366,2.381047933656313
3012367,108.0322674734744
3012368,29.229558592218947
3012369,1012.2599659531953
3012370,0.13810767030825488
3012371,2.34729921878453
3012372,4.2526741277262925
3012373,0.43218395457259706
3012374,1.745037062171124
3012375,2358.250024986304
3012376,0.12168992153461612
3012377,360.8654605593185
3012378,5.868541907188871
3012379,1022.5470399841163
3012380,551.5293018878823
3012381,207.59948887328682
3012382,167.8940124277585
3012383,54.2243808093955
3012384,3605.074933592592
3012385,7.275547097196852
3012386,0.6077435125942119
3012387,14.266648817425986
3012388,19.222595235315985
3012389,0.30163425841778957
3012390,232.2289674478043
3012391,1.0652732911614085
3012392,5.130384309889756
3012393,5.630470068621075
3012394,21.762328413484838
3012395,1.1772552586279614
3012396,183.33331364145084
3012397,242.1494668246508
3012398,2.79043027590055
3012399,4.516305399282734
3012400,138.49094682951144
3012401,50.325774036013414
3012402,1811.4325072457227
3012403,0.8467732160410715
3012404,4.325686390260332
3012405,1.3651726092119523
3012406,0.0
3012407,0.21190866772802835
3012408,977.1590411622275
3012409,0.0
3012410,105.86350900061534
3012411,2.0927650924234222
3012412,372.55303983988017
3012413,201.7050595440428
3012414,63.46680000311664
3012415,105.59736004198409
3012416,23.86641845181649
3012417,1478.4939733191186
3012418,2.3710908352168856
3012419,0.0
3012420,5.874262278490894
3012421,3.986557753821475
3012422,0.0
3012423,85.53384108784564
3012424,0.0
3012425,0.0
3012426,0.7939117728695875
3012427,15.309461414473953
3012428,0.10757992600577013
3012429,79.9510936100361
3012430,81.02175250102844
3012431,0.5440437907006813
3012432,1.4838804230330456
3012433,79.10034757578649
3012434,16.11459757860864
3012435,441.14575349592326
3012436,0.0
3012437,0.9918092836505747
3012438,3.5438438191777824
3012439,0.1808135930094847
3012440,1.1725864840967226
3012441,1795.4989525843268
3012442,0.0
3012443,270.9568804625396
3012444,4.544394406289691
3012445,700.6927954501043
3012446,433.8815502095402
3012447,165.49652142066958
3012448,125.27363198996457
3012449,44.40208507005908
3012450,2811.915557698886
3012451,3.628995259755803
3012452,0.49101743032585576
3012453,12.11800282745202
3012454,8.30248915554244
3012455,0.13116085270329783
3012456,171.69205923973584
3012457,0.5982213611111509
3012458,0.6621735530422173
3012459,5.54870991142482
3012460,19.236544630697395
3012461,1.2399676470565002
3012462,147.96739335912474
3012463,193.07305660363565
3012464,1.768004520355969
3012465,3.4528479570253277
3012466,142.5957487133487
3012467,40.430967199300234
3012468,1545.8597456108928
3012469,0.33567467370654636
3012470,1.593030428762583
3012471,3.4076772666305093
3012472,0.29140631440577747
3012473,1.4296837059544414
3012474,2192.9749283826795
3012475,0.09123095354682853
3012476,432.2588436717232
3012477,5.200501037337433
3012478,863.4089211459889
3012479,498.8411597457978
3012480,185.19920917076186
3012481,129.54727432457526
3012482,55.620664684667304
3012483,3226.8805121288387
3012484,5.208819169897123
3012485,0.9126253913660297
3012486,13.119632749361452
3012487,22.290140130854688
3012488,0.25408448777085685
3012489,207.18387201741498
3012490,2.103769991459125
3012491,10.782939623326822
3012492,4.133202183082625
3012493,40.46445553412498
3012494,1.5050385491010903
3012495,165.59573785098533
3012496,205.59490784975685
3012497,2.2053027539538634
3012498,3.9797843287122765
3012499,159.5884292510491
3012500,45.33378080133136
3012501,1542.257036531579
3012502,1.1022812511804074
3012503,2.0451539514731154
3012504,2.146177611990838
3012505,0.0
3012506,0.40103110275996123
3012507,1268.689247725745
3012508,0.0
3012509,109.5895263792006
3012510,2.332026518136974
3012511,444.9696442625851
3012512,199.61717167032677
3012513,82.39397008532092
3012514,106.76268610259383
3012515,30.13496498105437
3012516,1693.4944462793223
3012517,2.968098242359304
3012518,0.007289842713877982
3012519,6.407179608053595
3012520,4.720648429937492
3012521,0.0
3012522,94.41284244389233
3012523,0.26585786183682836
3012524,0.46659535328114493
3012525,0.7273675301229771
3012526,18.255870171467752
3012527,0.3774880237952081
3012528,109.41916459174386
3012529,102.95502314891576
3012530,0.8482771403726626
3012531,1.6109556203052064
3012532,82.64331842824194
3012533,24.478341710106264
3012534,656.2828934349866
3012535,0.0
3012536,0.5970564534245474
3012537,2.9474177031543576
3012538,0.05282046056684958
3012539,1.3201575571770452
3012540,2361.149959384357
3012541,0.0232685149901891
3012542,391.8086530605329
3012543,4.880162088489815
3012544,831.9527139344494
3012545,569.5868587816785
3012546,195.55878617979513
3012547,111.12015658874928
3012548,54.52868837042034
3012549,3179.1989022993794
3012550,6.262649515141242
3012551,0.6039306836500766
3012552,12.071749722527606
3012553,16.874971406610904
3012554,0.0908546129093591
3012555,209.72456450245633
3012556,0.7782514948775805
3012557,17.101754741098553
3012558,1.9612794534888864
3012559,59.18331509375263
3012560,1.350620702508091
3012561,160.66579904894655
3012562,214.8018064429092
3012563,2.133845431160804
3012564,3.832421423126646
3012565,154.83626008552488
3012566,45.31715175593102
3012567,2382.875473419128
3012568,0.4972272905224493
3012569,1.7046176863556783
3012570,5.425103619099741
3012571,0.16882439278234926
3012572,4.942714370973638
3012573,2601.214771033712
3012574,0.1334304396314314
3012575,453.1066453136641
3012576,9.820002196940829
3012577,967.5967367477482
3012578,658.6272314334177
3012579,211.7599702909466
3012580,125.23592984306151
3012581,72.02194365861226
3012582,3468.4865599948203
3012583,20.37625628093751
3012584,0.989386562142092
3012585,22.576804009455174
3012586,27.644504954021976
3012587,0.17972935893037106
3012588,227.96259216680394
3012589,12.25977186536516
3012590,13.308029391779886
3012591,3.314442872432309
3012592,86.2326488655896
3012593,6.442583356930689
3012594,198.03327420182802
3012595,248.47778928209215
3012596,6.503677650814177
3012597,7.8920695769804805
3012598,202.08497251767432
3012599,63.47529428894479
3012600,1830.511333420726
3012601,0.643599507890946
3012602,8.931590034114278
3012603,5.425103619099741
3012604,0.16882439278234926
3012605,6.901642882292975
3012606,2242.964558408902
3012607,0.1334304396314314
3012608,453.1066453136641
3012609,9.820002196940829
3012610,927.3059677718843
3012611,613.854168794527
3012612,199.69389259264068
3012613,119.94082189814476
3012614,72.02194365861226
3012615,3468.4865599948203
3012616,19.456530842466396
3012617,0.989386562142092
3012618,27.18228095501963
3012619,20.163656769913455
3012620,0.17972935893037106
3012621,224.99036855598075
3012622,12.25977186536516
3012623,10.337830675927368
3012624,4.7062200649310455
3012625,80.01821316541533
3012626,6.442583356930689
3012627,189.48958796173542
3012628,255.68355844548657
3012629,5.526185014034032
3012630,7.8920695769804805
3012631,202.08497251767432
3012632,63.47529428894479
3012633,1830.511333420726
3012634,0.643599507890946
3012635,8.931590034114278
3012636,5.425103619099741
3012637,0.237663230736763
3012638,2.9443223440283908
3012639,2850.3927207264987
3012640,0.1334304396314314
3012641,467.80643442097266
3012642,9.820002196940829
3012643,1030.4902284866828
3012644,761.5236810309175
3012645,211.7599702909466
3012646,143.33429211152435
3012647,72.02194365861226
3012648,3945.0093394524547
3012649,19.456530842466396
3012650,1.014759146292272
3012651,22.576804009455174
3012652,20.163656769913455
3012653,0.17972935893037106
3012654,242.6082411266202
3012655,4.790969830753967
3012656,16.087073631983582
3012657,4.7062200649310455
3012658,48.80505180351984
3012659,3.3990813960917556
3012660,189.48958796173542
3012661,255.68355844548657
3012662,5.526185014034032
3012663,7.8920695769804805
3012664,202.08497251767432
3012665,63.47529428894479
3012666,2641.3242790729287
3012667,15.439139259294942
3012668,8.931590034114278
3012669,4.038530930303853
3012670,0.0
3012671,4.319266867724097
3012672,2336.8286758872537
3012673,0.009059831915353887
3012674,412.1997081798047
3012675,10.424788522414932
3012676,829.9336799779793
3012677,777.2924867049844
3012678,193.5732071545913
3012679,111.70857552487703
3012680,78.71615171801464
3012681,3027.585307413806
3012682,19.643343799426518
3012683,0.863263853898993
3012684,14.585515425246985
3012685,12.348700189933798
3012686,0.127009041162438
3012687,216.79963261406482
3012688,13.424750016977875
3012689,10.926382346366434
3012690,2.4517040540107367
3012691,80.60670105044714
3012692,6.268073889451044
3012693,246.03599902503927
3012694,230.08000327167997
3012695,5.84811339204625
3012696,7.978451018735893
3012697,301.94241015875014
3012698,74.37156440973855
3012699,2149.8723695992203
3012700,0.20449299439684643
3012701,18.30163168351621
3012702,4.26774462956309
3012703,0.08303019117524832
3012704,1.781628440750986
3012705,2762.812518330601
3012706,0.0
3012707,433.52475477624654
3012708,7.870986655431104
3012709,1001.6542887540134
3012710,632.3186413358128
3012711,211.3956093647097
3012712,109.65785343727327
3012713,61.97374509586076
3012714,3859.4557953465464
3012715,12.779457090049407
3012716,0.6518389899883534
3012717,24.100016648262308
3012718,13.74543376657096
3012719,0.0
3012720,230.8265328400119
3012721,0.6011648011130002
3012722,0.9387847828663842
3012723,5.41348835523247
3012724,27.224715561810577
3012725,2.2787326198576903
3012726,164.31701562221042
3012727,247.79955220637854
3012728,3.6200133990987
3012729,6.290334061009823
3012730,169.8828416134249
3012731,51.86130860527344
3012732,2286.0113332788196
3012733,0.37087250828067175
3012734,4.714773230347467
3012735,5.041572690385921
3012736,0.13670933389809223
3012737,6.876018056075108
3012738,2405.085708187343
3012739,0.10877212169180214
3012740,438.14159998016555
3012741,9.50167987603738
3012742,929.1697171825642
3012743,704.1245835495313
3012744,213.65232233595083
3012745,120.34179635379273
3012746,74.65830742730357
3012747,3268.6555265664574
3012748,15.635783386950576
3012749,0.7662787591554255
3012750,18.469211145283637
3012751,15.664547796276485
3012752,0.14502195492643974
3012753,220.37650675790871
3012754,5.630451299336716
3012755,10.70164791267783
3012756,7.59416174560304
3012757,47.788222514132116
3012758,6.015981932237751
3012759,194.70611968663306
3012760,250.4430587194487
3012761,5.820692361189863
3012762,9.410577815649468
3012763,196.11025286274517
3012764,61.57844390523668
3012765,1758.7072980854425
3012766,0.6078422193852905
3012767,6.436695600855581
3012768,5.041572690385921
3012769,0.13670933389809223
3012770,4.748471937093317
3012771,2405.085708187343
3012772,0.10877212169180214
3012773,438.14159998016555
3012774,9.50167987603738
3012775,710.4487289811126
3012776,645.1601580199559
3012777,221.59267696654737
3012778,120.34179635379273
3012779,74.65830742730357
3012780,3268.6555265664574
3012781,15.635783386950576
3012782,0.7662787591554255
3012783,18.469211145283637
3012784,19.731575579453235
3012785,0.14502195492643974
3012786,223.28804889340654
3012787,5.630451299336716
3012788,10.70164791267783
3012789,3.4876211681329505
3012790,68.9252319287692
3012791,6.015981932237751
3012792,194.70611968663306
3012793,245.28180613445963
3012794,5.820692361189863
3012795,7.630466651781476
3012796,196.11025286274517
3012797,61.57844390523668
3012798,1758.7072980854425
3012799,0.6078422193852905
3012800,7.587271808938026
3012801,3.502048613191872
3012802,0.0
3012803,1.8085684889450202
3012804,2977.572337422003
3012805,0.0
3012806,397.273387169073
3012807,6.003774083997455
3012808,794.0856532633138
3012809,613.8380774099214
3012810,200.1267587696206
3012811,102.28516024041241
3012812,46.57275972614573
3012813,3636.244610801564
3012814,5.843088531680656
3012815,0.3886929961741862
3012816,20.262204698597362
3012817,9.735441543860432
3012818,0.0
3012819,194.58238643589942
3012820,0.5665145373911844
3012821,11.584659155116688
3012822,1.9313343755000747
3012823,42.6836999784856
3012824,2.480301848654996
3012825,129.52020870190012
3012826,213.74706132425953
3012827,2.825210135441772
3012828,4.755825675706992
3012829,130.45665236285905
3012830,42.0424009359437
3012831,2332.2646623421124
3012832,0.72472484680144
3012833,1.3430654919556377
3012834,16.566952568780046
3012835,0.2332417997826617
3012836,12.538550508766193
3012837,7920.851545398257
3012838,0.4968848651366562
3012839,1328.0818839869767
3012840,35.19935630779412
3012841,2390.8855292459007
3012842,2171.3381032074553
3012843,664.8813266614825
3012844,271.9263526046526
3012845,209.54516316324995
3012846,8159.777498696212
3012847,62.148070898277595
3012848,2.4063411486166952
3012849,69.03452301977588
3012850,84.45689616869245
3012851,0.9921059242075572
3012852,669.997349990373
3012853,36.65338736735164
3012854,25.81763882825247
3012855,70.10650705618971
3012856,240.94166838393917
3012857,16.297846798788186
3012858,619.7186394088144
3012859,710.1896703578138
3012860,24.419023434567404
3012861,31.760544384067074
3012862,850.1686861479909
3012863,226.3375479060936
3012864,6260.606211942738
3012865,252.06814974718193
3012866,50.76991185186767
3012867,14.63725805243723
3012868,0.12081858421170792
3012869,17.251835689698517
3012870,7411.500943160085
3012871,0.3471738773070298
3012872,1275.0308385975584
3012873,31.578876524840542
3012874,2306.3142903168364
3012875,1875.5348896354724
3012876,591.7355980803422
3012877,241.94594001319186
3012878,186.4171991519687
3012879,7677.013865539562
3012880,55.211381927727736
3012881,1.491995689386349
3012882,54.09565394146372
3012883,56.064143973118234
3012884,0.8505828693914037
3012885,596.2896365046462
3012886,15.40192830291441
3012887,23.640275934168653
3012888,29.870904485891966
3012889,168.19746542071903
3012890,14.893409592051361
3012891,606.3957215300869
3012892,734.0475100469275
3012893,20.877928484608706
3012894,28.161864271348477
3012895,756.6695126452657
3012896,203.60037575579656
3012897,5572.781324650797
3012898,224.26912092211143
3012899,47.767843370590086
3012900,12.537295548988217
3012901,0.015212051280765228
3012902,14.685654937898803
3012903,5430.223658261927
3012904,0.12707594331037356
3012905,1067.5229554874145
3012906,25.513998074738247
3012907,1710.9194413543162
3012908,1618.2513979220698
3012909,495.3450521144951
3012910,153.84978753189202
3012911,151.527643293631
3012912,6608.399281429446
3012913,44.747080046599166
3012914,1.31214861231918
3012915,39.48153776272015
3012916,44.670509795094844
3012917,0.5482392201388993
3012918,512.3446087447685
3012919,17.335055449401036
3012920,19.65116145049606
3012921,9.61442995213705
3012922,181.50757301430696
3012923,11.266658805227737
3012924,566.1357808624496
3012925,633.7719905083923
3012926,17.84931290312876
3012927,15.551867940288194
3012928,624.7365147433542
3012929,140.71105785991415
3012930,4007.703555025084
3012931,232.09736029203802
3012932,34.49317556638967
3012933,13.912216211841296
3012934,0.11832245626765411
3012935,15.987775159306839
3012936,5981.847991593312
3012937,0.24154784779486077
3012938,1176.0479030972267
3012939,28.20690255302815
3012940,2069.356972530393
3012941,1729.9702791836955
3012942,545.7565294725496
3012943,201.91552849515259
3012944,167.01917242969776
3012945,7279.685478011194
3012946,49.39339994067609
3012947,1.4985710421876122
3012948,51.72861452177734
3012949,49.30905280193663
3012950,0.7054867358709187
3012951,549.9573067702538
3012952,29.360084715151505
3012953,21.748604657483153
3012954,36.794999082393424
3012955,209.04192870203514
3012956,12.512526755324815
3012957,568.7328488152798
3012958,714.6081441331111
3012959,19.763750664889223
3012960,25.143557387207267
3012961,657.4650734585215
3012962,155.10399630919898
3012963,4414.849083399718
3012964,117.2473451218607
3012965,38.09805368254696
3012966,10.461423841994485
3012967,0.0
3012968,11.839481694035053
3012969,4406.788774128211
3012970,0.009341767538751457
3012971,803.0104366367488
3012972,21.59110961957442
3012973,1661.223529305156
3012974,1204.7547892683795
3012975,410.38189336025255
3012976,125.73869203981657
3012977,118.31834619090151
3012978,5362.954384772791
3012979,34.78673226934286
3012980,0.9029944264520657
3012981,35.5618318946942
3012982,34.72683338426451
3012983,0.3034232447841758
3012984,404.91093660046295
3012985,6.060070429360805
3012986,15.602376290514037
3012987,11.219807588629038
3012988,142.72171925587085
3012989,7.172952062152498
3012990,474.76424336992477
3012991,491.81203067291403
3012992,13.745319562215101
3012993,18.043345802881777
3012994,487.23389776533077
3012995,101.32106194006033
3012996,3214.644392811838
3012997,166.43194774264134
3012998,23.96314870422571
3012999,13.766063718866903
3013000,0.20430550798642597
3013001,14.556954806491964
3013002,5677.674028231187
3013003,0.30036242085236453
3013004,1034.8284888229302
3013005,28.710985696655612
3013006,1881.7729968721524
3013007,1733.1639369361667
3013008,517.9588817974818
3013009,230.00592346630935
3013010,159.83031535308402
3013011,6909.528161470363
3013012,45.10501943423387
3013013,1.404087809750738
3013014,39.11237911259133
3013015,45.027850073258364
3013016,0.5207193982532937
3013017,521.9460873845827
3013018,7.58912654260141
3013019,20.38929242735995
3013020,12.67709808999534
3013021,184.16059553975907
3013022,12.409032642386356
3013023,520.2496894012409
3013024,662.6926488684073
3013025,17.996795791894737
3013026,22.918791405941167
3013027,601.4309739828619
3013028,164.67797244615355
3013029,5478.966912814515
3013030,203.64317901797477
3013031,39.59646014440867
3013032,4.084516229823311
3013033,0.0
3013034,5.8436665475595015
3013035,2199.089198703586
3013036,0.0
3013037,391.7776446896041
3013038,14.794225045660191
3013039,775.4806706224413
3013040,562.7332874839962
3013041,180.82237405584533
3013042,94.66694068380326
3013043,74.44251793071172
3013044,2774.0460301549997
3013045,18.536640958875306
3013046,0.7633730891158328
3013047,21.44739175439436
3013048,19.511418464820935
3013049,0.08743757926617908
3013050,191.97912608345206
3013051,11.499162526284222
3013052,8.414843240422401
3013053,7.593112447793601
3013054,47.45329545761754
3013055,5.87842780803399
3013056,232.7922414005106
3013057,217.71852246842764
3013058,3.8726897719103883
3013059,7.497110527450715
3013060,243.7879534517213
3013061,70.33084672177539
3013062,1839.669437515102
3013063,0.13991935597495186
3013064,13.008683849833718
3013065,10.140420781977083
3013066,0.0
3013067,10.718923325297766
3013068,4042.990714265829
3013069,0.14871589990171608
3013070,707.0871411910523
3013071,21.415783164007998
3013072,1410.9623266455756
3013073,1165.8477916146735
3013074,345.6756646001793
3013075,126.44602160772097
3013076,114.97656642849934
3013077,4909.203983630136
3013078,33.784444008752416
3013079,0.8973918393796356
3013080,34.5378352185538
3013081,33.40233875639886
3013082,0.25144555392888324
3013083,361.23790903275244
3013084,8.410745944527545
3013085,12.894601040557918
3013086,4.153703560194385
3013087,110.83830351844229
3013088,9.481878072275006
3013089,362.78990257934163
3013090,399.53680684611396
3013091,12.187539582691588
3013092,17.045797846453386
3013093,418.2756198203502
3013094,88.9118106328952
3013095,2625.892753320335
3013096,179.35311313117845
3013097,25.00170374111572
3013098,10.468431507174625
3013099,0.0
3013100,6.998813166471679
3013101,3846.124685341143
3013102,0.14871589990171608
3013103,694.7409576487736
3013104,20.947177469454434
3013105,1166.0553463025024
3013106,1288.5802195155752
3013107,358.49978729667123
3013108,151.43497319860776
3013109,112.5520569181456
3013110,4538.921262717874
3013111,33.05726939142504
3013112,0.9873437420771879
3013113,28.980971354519223
3013114,33.40233875639886
3013115,0.525951622698903
3013116,322.97277545595625
3013117,7.106175523213013
3013118,22.018897726446745
3013119,4.153703560194385
3013120,110.83830351844229
3013121,9.481878072275006
3013122,355.184813846886
3013123,355.81969328794906
3013124,15.637685674380613
3013125,12.600658183919554
3013126,409.5105928927717
3013127,87.0321892000002
3013128,3378.943291208676
3013129,2.6618534620370036
3013130,28.496420039092484
3013131,5.832044277042721
3013132,0.6624308109722405
3013133,16.995812517106675
3013134,3448.0841653120137
3013135,0.7192900404780416
3013136,651.9689864068166
3013137,6.705049192549701
3013138,1015.097257777942
3013139,704.2639925705712
3013140,305.3998406067434
3013141,53.80461662518066
3013142,23.30039887458637
3013143,4839.862757874858
3013144,10.238195003993363
3013145,2.16707302455721
3013146,10.555526916319945
3013147,46.9785952485037
3013148,1.1588684464058847
3013149,261.91174361435856
3013150,5.794286900213297
3013151,9.674154535632633
3013152,6.816185121504388
3013153,128.4329769766969
3013154,4.970916540166181
3013155,83.80914941872058
3013156,315.41436755471693
3013157,5.130386431738713
3013158,11.359047834754424
3013159,119.09735352726011
3013160,77.09419860051615
3013161,2268.80368174796
3013162,4.058140717061873
3013163,7.512171195101567
3013164,5.124331217641787
3013165,0.3009702829555346
3013166,3.4288379700904734
3013167,2215.1703416577825
3013168,0.358963082818842
3013169,425.3056191186679
3013170,7.352263263519586
3013171,952.8026139503972
3013172,485.93257396443425
3013173,231.05138713288287
3013174,84.03950705915365
3013175,62.126920899119376
3013176,3020.115875535548
3013177,11.267306110114461
3013178,1.4318221482796196
3013179,28.68998908112451
3013180,23.372237794731372
3013181,0.2999992796195584
3013182,211.1748247100822
3013183,3.594771331387271
3013184,7.562049029659522
3013185,4.589791512643411
3013186,53.377590441068435
3013187,3.5185408243889
3013188,131.56270894379824
3013189,250.39731843802306
3013190,5.298343208088916
3013191,5.91900360826676
3013192,116.86214760318188
3013193,67.73803435419177
3013194,1327.0659202237885
3013195,0.9811217505497504
3013196,3.7476009607222114
3013197,4.163151633212333
3013198,0.0032664549158483835
3013199,1.4326461713912382
3013200,1546.1047177917928
3013201,0.0
3013202,203.657141150339
3013203,3.5593016162256843
3013204,825.3608551620551
3013205,258.64624654595815
3013206,158.6662067036032
3013207,43.194149970491736
3013208,31.662081206679545
3013209,2481.02009152816
3013210,5.281273565539372
3013211,0.39175803401252474
3013212,11.303467953344352
3013213,7.3338836751068195
3013214,0.0
3013215,167.32712891958292
3013216,0.15040493580032518
3013217,0.2400780470938583
3013218,2.1027699093964065
3013219,21.23756677503685
3013220,0.8561284632365092
3013221,59.038733874826946
3013222,158.04459543223098
3013223,0.24207933705465212
3013224,2.776919301816739
3013225,61.42051295681753
3013226,48.937267460533675
3013227,896.8049332225369
3013228,0.18815550746800921
3013229,1.26745258368104
3013230,4.719241777386621
3013231,0.18882416126443632
3013232,5.895330359939077
3013233,3285.4309724474806
3013234,0.16159289368364202
3013235,581.5846988995158
3013236,16.923289194097954
3013237,1115.6630490109026
3013238,954.557046725432
3013239,283.64927075994086
3013240,148.29681072763154
3013241,109.92344302896558
3013242,4069.0111032398595
3013243,27.454622601470255
3013244,1.236274690509003
3013245,29.953597922525184
3013246,28.497634582590315
3013247,0.27188701096911416
3013248,282.94119787264793
3013249,15.962719893852126
3013250,14.814036350777393
3013251,12.67109230809277
3013252,68.68107087193421
3013253,8.369759753565784
3013254,345.59826716333237
3013255,305.4311479953161
3013256,8.118579224723831
3013257,11.560395808036034
3013258,450.046655488516
3013259,103.32906386044297
3013260,2408.5134775865135
3013261,0.4256911440648172
3013262,26.37661137357092
3013263,5.028343691227789
3013264,0.22894028230252583
3013265,8.24787390292913
3013266,3262.13383736587
3013267,0.21351285545877507
3013268,619.5773210899164
3013269,18.09213684156782
3013270,1114.1523420727617
3013271,1173.0309631951138
3013272,287.8219630324673
3013273,171.34512507330103
3013274,117.15719371108695
3013275,4334.4324135630095
3013276,29.310259606887968
3013277,1.7693519836688374
3013278,31.972202862760472
3013279,40.08532938287841
3013280,0.3618595796688253
3013281,294.6232981058231
3013282,16.87948637920558
3013283,18.109079778117607
3013284,8.568198197779427
3013285,85.88125076648558
3013286,10.310272802715836
3013287,368.2012930255946
3013288,374.60539209678404
3013289,7.409182647281975
3013290,12.239234460777974
3013291,479.4611684418928
3013292,110.13276933745834
3013293,3458.1850178152545
3013294,0.4894155608596322
3013295,27.856206624031454
3013296,5.126893279487081
3013297,0.3127574198288783
3013298,9.411952673972507
3013299,3585.3714211779625
3013300,0.35544206197519723
3013301,703.9541434388533
3013302,22.20958895063928
3013303,1350.2133853022367
3013304,1332.65813397165
3013305,327.77263272635815
3013306,193.3708526526356
3013307,130.82581720184777
3013308,4763.889116225251
3013309,32.04758259547828
3013310,2.1398829736364084
3013311,39.60026143480302
3013312,36.77813415055247
3013313,0.521139020887526
3013314,341.0082522457944
3013315,19.94750480621215
3013316,19.979886550422297
3013317,20.44605387155904
3013318,135.57794058288653
3013319,12.254183314684855
3013320,416.2859589155349
3013321,358.8961599376648
3013322,12.558668608493763
3013323,16.587365109574193
3013324,535.6551680681991
3013325,123.64121583844772
3013326,4163.1970186579
3013327,0.5968562962029413
3013328,29.26977900480325
3013329,7.207909410521253
3013330,0.2236682272156372
3013331,5.08368343981298
3013332,3172.5146676029353
3013333,0.06942741581267836
3013334,523.6640385757511
3013335,13.0390117727103
3013336,1512.645841148841
3013337,785.2706063433944
3013338,364.45051696395285
3013339,127.27301194712034
3013340,69.05375153877212
3013341,4677.8461879365495
3013342,16.857163952613853
3013343,1.3577720203173476
3013344,26.187376258223196
3013345,20.0022253807818
3013346,0.20481646806509
3013347,319.495719928128
3013348,10.071483550654495
3013349,10.928755082575702
3013350,8.012545538275457
3013351,81.65968232859483
3013352,3.7871933879097743
3013353,264.14348907267953
3013354,362.1302799932861
3013355,4.84795105342851
3013356,10.385882523249137
3013357,309.5709185613446
3013358,75.8360137576515
3013359,2279.804671504014
3013360,57.631833720854196
3013361,12.441238352041626
3013362,4.606421519732551
3013363,0.009764405262244496
3013364,3.85324877551152
3013365,2307.6426659880285
3013366,0.06865452523429555
3013367,415.2942490390483
3013368,13.52313818128906
3013369,740.8143523663504
3013370,701.9718744839223
3013371,184.49531891942883
3013372,116.61505604976377
3013373,83.28654264213041
3013374,2720.642738700504
3013375,20.541999148841914
3013376,1.2011708608104694
3013377,17.45268623233961
3013378,20.806506723361988
3013379,0.16231520242645045
3013380,191.47581667739126
3013381,12.658546047732516
3013382,18.674680841811135
3013383,4.79215476462894
3013384,107.24032659924404
3013385,6.594910667386283
3013386,256.7900815118218
3013387,174.49810528728804
3013388,5.987500897444649
3013389,8.36930499645608
3013390,315.1302357406472
3013391,77.65267333321175
3013392,3700.3406942179395
3013393,0.2066634698760916
3013394,19.14187901618522
3013395,1.761935702545472
3013396,0.0
3013397,0.5818892016369598
3013398,1139.809538543989
3013399,0.0
3013400,113.46837095067032
3013401,2.6969863961529406
3013402,560.4737665058342
3013403,306.7623958680198
3013404,155.9915928717135
3013405,44.748096800207435
3013406,30.76813621121338
3013407,2214.068216346874
3013408,3.8991271583141835
3013409,0.05090117716197233
3013410,7.0774451401374
3013411,9.052293826006112
3013412,0.0
3013413,132.67138456275558
3013414,2.022423975525647
3013415,0.1823470221238602
3013416,1.3008384294353896
3013417,15.689683592070507
3013418,0.3859099609307471
3013419,127.43204450795577
3013420,139.15617725162815
3013421,0.52777563617168
3013422,2.4113153819786137
3013423,112.65493184703118
3013424,28.720201435129958
3013425,267.24067918422287
3013426,2.0374199470897163
3013427,2.180734262131173
3013428,4.98800214216843
3013429,0.5733684261031617
3013430,5.895545699840407
3013431,3295.456476351679
3013432,0.2756470466035757
3013433,488.32241153652836
3013434,8.161141275452557
3013435,1461.909178995014
3013436,944.8316056242786
3013437,350.6719325417555
3013438,101.73501149959503
3013439,67.87476327205073
3013440,4956.37648998731
3013441,10.569367806498494
3013442,0.7099521486457283
3013443,27.010726380994296
3013444,20.793829924554537
3013445,0.37777717535422806
3013446,301.2057539931243
3013447,4.927478556100589
3013448,1.4321575078556994
3013449,4.5496812755117
3013450,54.02377069094226
3013451,2.4339914994850487
3013452,306.95817556131027
3013453,348.6374063016178
3013454,1.7438630053247006
3013455,6.395886803618926
3013456,235.4678456075198
3013457,63.4347475921394
3013458,682.0017874981702
3013459,44.09714276577394
3013460,5.895976455120394
3013461,2.689504339625388
3013462,0.01771381821540941
3013463,0.7481683561722925
3013464,1518.675956228164
3013465,0.0
3013466,166.10370973556286
3013467,4.295302485379861
3013468,660.1654053913251
3013469,363.8547814128417
3013470,178.43446652618786
3013471,51.29454679773395
3013472,38.50263596780552
3013473,2391.796411143831
3013474,5.635529519463601
3013475,0.31737735094323427
3013476,9.044038240057022
3013477,7.868554671061856
3013478,0.0
3013479,156.4052082854269
3013480,2.0059101538462025
3013481,0.26748817955373966
3013482,11.441115091540315
3013483,31.69884927228503
3013484,1.0188040530245575
3013485,148.06869274483148
3013486,164.04139868787308
3013487,0.7288602986803742
3013488,3.2418588490599296
3013489,135.68261769012625
3013490,35.956096208356925
3013491,276.0512458564549
3013492,15.654010325726686
3013493,2.9551387853513353
3013494,2.8788232550508135
3013495,0.0
3013496,1.9459629557555873
3013497,1407.7704768691447
3013498,0.0
3013499,153.9085328921447
3013500,3.3602720290088604
3013501,611.9137594269297
3013502,337.2277927688586
3013503,141.20462157317232
3013504,45.55703889659979
3013505,32.251306404485085
3013506,2252.110014498603
3013507,5.150020448731306
3013508,0.2141677186304201
3013509,8.309135070984247
3013510,7.6419954225177795
3013511,0.0
3013512,146.20125217994453
3013513,1.4083269004446237
3013514,0.1747484808734374
3013515,1.9807907670836777
3013516,25.235342065089164
3013517,0.8710920012735195
3013518,122.73326514054536
3013519,151.99672866427665
3013520,0.6388994280613336
3013521,2.9314901072822384
3013522,108.80866728301655
3013523,31.97587956523774
3013524,238.5968159623713
3013525,29.166355728750087
3013526,2.3719124593805767
3013527,2.5443316838569445
3013528,0.013580014767130477
3013529,0.7546582344113113
3013530,1511.7912444894087
3013531,0.0
3013532,166.5923683299128
3013533,3.717288985062254
3013534,662.098840370971
3013535,364.92172017146765
3013536,172.3057439936234
3013537,47.278207198442885
3013538,36.36803929716079
3013539,2436.593568203066
3013540,5.653581136152745
3013541,0.30180915328434377
3013542,9.071362529367885
3013543,12.38320660271356
3013544,0.0
3013545,156.865505713568
3013546,0.7852444636245286
3013547,0.270936315939572
3013548,2.1830491653354875
3013549,16.98705949180555
3013550,1.1036734776186568
3013551,132.86448479590877
3013552,201.59722159069173
3013553,0.7327661191438406
3013554,3.2533986078339776
3013555,117.79974762865604
3013556,37.36758665948862
3013557,320.20982405001655
3013558,9.422702154175946
3013559,2.862850563949044
3013560,2.5443316838569445
3013561,0.28626673872733294
3013562,0.7682423462386763
3013563,1560.8425106690174
3013564,0.0
3013565,147.20060571853165
3013566,3.7538090206101336
3013567,737.9456051924187
3013568,414.70557915729387
3013569,179.28558634746582
3013570,62.60895206872386
3013571,45.78534876898911
3013572,2552.788459958611
3013573,5.705091446498889
3013574,0.31188742423722504
3013575,14.77789451950558
3013576,12.38320660271356
3013577,0.0
3013578,159.16046953759826
3013579,3.4134248451173526
3013580,0.28077557734250524
3013581,2.207691511614633
3013582,47.316351543529855
3013583,1.1199595755081533
3013584,120.62607650760852
3013585,174.03659822671824
3013586,0.7461807478570021
3013587,3.286327323638602
3013588,115.70929181416157
3013589,41.547339627693006
3013590,408.69069001808475
3013591,29.58836458612952
3013592,2.89275575745283
3013593,2.465526257389447
3013594,0.0
3013595,0.6143131525044006
3013596,1356.7249525004793
3013597,0.0
3013598,147.9914075444447
3013599,3.2379432446042165
3013600,599.0625182281884
3013601,309.8734421119907
3013602,164.56527735129123
3013603,69.33372112489103
3013604,31.51221999296084
3013605,2188.8983140886694
3013606,4.977479717200843
3013607,0.18580583729301245
3013608,8.047964398715207
3013609,10.681917609870563
3013610,0.0
3013611,139.164306048698
3013612,0.3885227731369854
3013613,0.1885013570703058
3013614,1.859604690361915
3013615,24.499301404802225
3013616,0.8899094016834737
3013617,78.79808808209789
3013618,133.06168118799715
3013619,0.6194735403384447
3013620,2.8211909327071045
3013621,97.7654448327198
3013622,30.951432531922094
3013623,162.56568441095408
3013624,0.0
3013625,1.7784832393818866
3013626,3.9063184370969712
3013627,0.3460423659477069
3013628,3.785596673185416
3013629,2272.6928217020377
3013630,0.13560459583423357
3013631,298.37040490070575
3013632,5.720791744068864
3013633,821.9257247819569
3013634,629.527773433033
3013635,266.9845476603897
3013636,111.2731241633748
3013637,52.23880109861129
3013638,3370.378989980034
3013639,8.479455956577896
3013640,0.7904177154883107
3013641,13.348819916108448
3013642,19.172577956542472
3013643,0.22181048181371585
3013644,224.6973745099608
3013645,1.090904941554729
3013646,0.44471699495728667
3013647,17.06014354282295
3013648,42.40732637496913
3013649,1.9700219773600993
3013650,158.7893870460343
3013651,223.60817598448656
3013652,1.6568669508563731
3013653,5.059880227453851
3013654,182.36749589167414
3013655,49.67055209980052
3013656,635.8440103632161
3013657,20.52860960441206
3013658,5.804740981780485
3013659,1.5648464368484838
3013660,0.0
3013661,2.386250028793348
3013662,1426.0621193347706
3013663,0.0
3013664,197.95949455700742
3013665,2.513387681329379
3013666,472.30257046045733
3013667,489.8895985499945
3013668,155.9007554888993
3013669,52.34867154418538
3013670,26.83132628885242
3013671,2027.7227296093374
3013672,3.9555178990536457
3013673,0.0992104185514426
3013674,6.501045867007969
3013675,5.385069595487122
3013676,0.0
3013677,122.80141743830636
3013678,1.2261268119678186
3013679,0.1497148924014504
3013680,10.2860397672955
3013681,27.88604777517011
3013682,0.665356318090218
3013683,82.53213214055467
3013684,132.7757216802406
3013685,0.8049040781378266
3013686,2.1678869621658796
3013687,87.48081412549948
3013688,25.48873828157314
3013689,420.07898075631124
3013690,27.80153060659718
3013691,2.219634839439529
3013692,3.3411474461198747
3013693,0.15164919757828352
3013694,3.341665959533761
3013695,1771.065858535555
3013696,0.0
3013697,185.58609656144847
3013698,4.3544768962255
3013699,676.6529795382232
3013700,429.92209660841786
3013701,210.21428650009616
3013702,71.23690407688579
3013703,41.415528009305056
3013704,2691.49147273939
3013705,6.552313751289396
3013706,0.6093407713847949
3013707,10.431752039736427
3013708,8.730980674723451
3013709,0.022534737444331578
3013710,171.19723064527756
3013711,2.9837621619124364
3013712,0.4120226157676806
3013713,2.5791153621373413
3013714,19.416661939704227
3013715,1.3995494981737981
3013716,126.30473042184158
3013717,172.5300312001753
3013718,1.1092393208659859
3013719,3.64179927654403
3013720,133.84662609591302
3013721,39.369395581526334
3013722,476.106213290728
3013723,3.578803286205213
3013724,3.648437224826292
3013725,5.140069351217325
3013726,0.10587893808538686
3013727,6.920358739054206
3013728,2796.011094550276
3013729,0.09015110903206061
3013730,507.62834891731416
3013731,14.905524641087105
3013732,915.8534305822728
3013733,818.5761602839682
3013734,228.26493531125402
3013735,127.81025772876815
3013736,91.30936621078482
3013737,3362.843627232072
3013738,23.317954262742944
3013739,1.1324887681734073
3013740,19.209107143307218
3013741,22.751014894495547
3013742,0.27295029917997565
3013743,227.55092138164684
3013744,15.72450713861918
3013745,22.36224109557948
3013746,7.101697026797769
3013747,75.07540775640925
3013748,7.317833050889946
3013749,281.32785796920615
3013750,276.76095818269147
3013751,6.837215853195828
3013752,8.81546802985154
3013753,369.1895536876173
3013754,92.13666515487421
3013755,4143.068027161845
3013756,0.3215198612060792
3013757,22.647579961217964
3013758,3.750476343335445
3013759,0.37348645612937226
3013760,1.9335278965245537
3013761,2257.5776086644455
3013762,0.10188222986148279
3013763,309.26388822035995
3013764,5.5073155356736745
3013765,947.1613664431986
3013766,740.030439626725
3013767,255.83499529241712
3013768,91.0369806485502
3013769,50.547747747930195
3013770,3388.868236412779
3013771,8.178354777978608
3013772,0.6644604138462269
3013773,22.05138100766463
3013774,17.185085915149887
3013775,0.15035635193389557
3013776,207.5356293114763
3013777,2.9794245264330845
3013778,1.3683806285706759
3013779,3.0307921782268235
3013780,47.28339116897003
3013781,1.4482074631159183
3013782,153.71390877095155
3013783,223.62034243499426
3013784,1.8266798884605184
3013785,4.555039900331045
3013786,175.95932397142292
3013787,48.061075456054965
3013788,634.5553919104038
3013789,46.02159929430809
3013790,4.998822675588295
3013791,3.750476343335445
3013792,0.37348645612937226
3013793,1.9335278965245537
3013794,2177.259281731811
3013795,0.10188222986148279
3013796,319.37835106396307
3013797,5.5073155356736745
3013798,932.1917736068186
3013799,569.1238484521544
3013800,237.13698885383803
3013801,103.90335367975544
3013802,68.04310001910235
3013803,3291.9502835890075
3013804,8.178354777978608
3013805,0.6644604138462269
3013806,13.61552318785624
3013807,17.77539141899793
3013808,0.15035635193389557
3013809,204.24326413698984
3013810,2.9794245264330845
3013811,1.1434748446094503
3013812,4.425933009381177
3013813,54.388208476959065
3013814,1.4482074631159183
3013815,153.71390877095155
3013816,220.0740314503634
3013817,1.7323150932807532
3013818,4.555039900331045
3013819,162.87960242123347
3013820,48.061075456054965
3013821,737.4015642633667
3013822,0.49352861187556585
3013823,4.095926678303854
3013824,2.6821925979749546
3013825,0.04559905129350927
3013826,1.0263193027301127
3013827,1384.9411286734949
3013828,0.0
3013829,191.9117881224846
3013830,3.953847866649089
3013831,467.97744281502855
3013832,361.3939085277933
3013833,121.06246747164164
3013834,56.40734742320474
3013835,38.241942212844144
3013836,1964.1049639792304
3013837,5.987239666952883
3013838,0.4312218904139322
3013839,13.223656326898226
3013840,8.36691353079498
3013841,0.0
3013842,126.2759260959487
3013843,0.8331253847671178
3013844,0.5087472719779148
3013845,3.2614405005342078
3013846,32.80469691996176
3013847,1.4310059929199055
3013848,116.77962244250892
3013849,127.10218722135004
3013850,1.0800394911940763
3013851,3.3058264738337075
3013852,123.75722352653372
3013853,36.34890411431799
3013854,441.7854612379467
3013855,3.330341690536785
3013856,2.482287136445356
3013857,2.7440535701832176
3013858,0.0
3013859,4.7255770073567
3013860,1733.3745916513853
3013861,0.04249958541629526
3013862,260.3241458716166
3013863,5.06972154096688
3013864,576.6316918488858
3013865,476.14667535226516
3013866,133.26229793167968
3013867,75.97122106142797
3013868,47.08134370904571
3013869,2242.6009980890776
3013870,8.168259522201625
3013871,0.3690902475689198
3013872,10.829758547395377
3013873,15.327334062072058
3013874,0.07390698061319197
3013875,136.13814846451825
3013876,4.085258257380061
3013877,1.0427502932756063
3013878,2.885914847283065
3013879,60.67288577379075
3013880,2.9491019165318044
3013881,189.85037913155304
3013882,164.2173835607185
3013883,2.457246664351978
3013884,3.8747518994583627
3013885,151.85927776026745
3013886,44.76189134922436
3013887,1815.1278039695096
3013888,0.19738336719244687
3013889,4.9068672485430245
3013890,4.32089782079821
3013891,0.4860119482372721
3013892,3.456205651517549
3013893,3053.6614769819835
3013894,0.5858640827056053
3013895,572.3684209497178
3013896,10.301567979804219
3013897,1007.062468378854
3013898,1030.2313883693287
3013899,286.471215258776
3013900,164.12672845805383
3013901,88.5254536506385
3013902,3716.057701489056
3013903,14.764838348687396
3013904,1.189337152836149
3013905,19.63183702520233
3013906,37.94293356035701
3013907,0.4146935581899587
3013908,250.00361912387936
3013909,7.995875154732229
3013910,54.086066969554054
3013911,6.333048760951917
3013912,116.71764538611106
3013913,7.092507946899364
3013914,286.6405146169782
3013915,290.5001275370964
3013916,8.860394027119236
3013917,8.07658442064749
3013918,283.61759032791616
3013919,84.2067302391091
3013920,3620.9667984605207
3013921,0.8278639489472932
3013922,10.377360607384094
3013923,0.8214323018252482
3013924,0.0
3013925,0.13547855395831915
3013926,855.6152994054538
3013927,0.0
3013928,150.44088324670895
3013929,1.5623003213983069
3013930,196.1423250691478
3013931,234.7176068097677
3013932,72.92546201426337
3013933,33.0557894889782
3013934,19.297280790796407
3013935,1070.238248749894
3013936,2.574216466230008
3013937,0.0
3013938,4.131128456048189
3013939,3.299075644043434
3013940,0.0
3013941,58.80952678523872
3013942,0.0
3013943,15.697308347792044
3013944,1.1806077442573202
3013945,33.08876082682274
3013946,1.0620388599687394
3013947,64.21408218464072
3013948,77.0647546942413
3013949,0.8187637828101606
3013950,1.0578503106634238
3013951,63.528722428254014
3013952,17.609492600902712
3013953,1176.0535818057801
3013954,0.0
3013955,1.1566561936051445
3013956,1.6755134176779913
3013957,0.0
3013958,0.5937461281815505
3013959,1036.6524354363833
3013960,0.0
3013961,184.35460900745642
3013962,2.5964186221140997
3013963,357.548447589375
3013964,229.18884788345014
3013965,66.21836835150278
3013966,39.89817879234383
3013967,27.489056495322355
3013968,1363.2600129564244
3013969,3.5692178002970403
3013970,0.1552453422279517
3013971,6.201999616391825
3013972,5.034138767807441
3013973,0.0
3013974,64.7583544285323
3013975,0.5559913775766588
3013976,4.454652768154503
3013977,1.483561714039193
3013978,25.71058630502681
3013979,0.3667192320026416
3013980,117.44630990541371
3013981,97.28200875794039
3013982,1.4629065657822533
3013983,1.6049313152214184
3013984,89.57185727376324
3013985,22.488065766399398
3013986,856.3643660668732
3013987,0.04865397817212315
3013988,2.0270606577243435
3013989,5.315965066898178
3013990,0.3683186824830201
3013991,5.42967716609144
3013992,2722.6491986478077
3013993,0.33968135422879847
3013994,565.3713217024379
3013995,8.48347867680048
3013996,870.7252583088399
3013997,811.6673486659196
3013998,252.17363187845478
3013999,147.87067900811516
3014000,69.38247663623157
3014001,3501.4850630533233
3014002,11.39388711818662
3014003,1.462540492319888
3014004,29.312930870256665
3014005,24.27715174062935
3014006,0.45922519227885206
3014007,214.90348885975573
3014008,2.6634427367939573
3014009,31.464553438613535
3014010,4.779127288709836
3014011,126.08227057911841
3014012,2.76262524177819
3014013,225.135148989762
3014014,263.3756179888202
3014015,5.44850026355038
3014016,6.135763795355555
3014017,237.00172156014816
3014018,65.9872137560624
3014019,3045.075031402298
3014020,1.0717897616956245
3014021,6.808276050061372
3014022,4.11029334753826
3014023,0.1466300364458865
3014024,1.8730718547593246
3014025,2339.593925155848
3014026,0.12263239528215976
3014027,434.94792515871814
3014028,6.6731516846997385
3014029,901.5202149904677
3014030,833.2491285874142
3014031,199.12381101014063
3014032,133.63214028295272
3014033,55.94697458389204
3014034,3439.2606108187624
3014035,8.627927855599488
3014036,0.953709884425325
3014037,24.563272151881854
3014038,11.06168224989933
3014039,0.2924173820459154
3014040,219.76386394358025
3014041,0.4717395266110324
3014042,1.8167721320647194
3014043,3.6759339903338977
3014044,85.62288032299624
3014045,1.574488573595314
3014046,181.96759644595113
3014047,244.8914261391199
3014048,4.023410320026026
3014049,4.773598470980546
3014050,191.56892676082984
3014051,53.19984265300067
3014052,858.0168562307442
3014053,0.9446136755972775
3014054,4.829912030765013
3014055,4.115749204491334
3014056,0.3328907001854632
3014057,3.958355596217541
3014058,2153.537541536685
3014059,0.04464344176367308
3014060,400.29394544461286
3014061,5.689495092079284
3014062,863.3174476439559
3014063,766.9337484464197
3014064,183.215749320135
3014065,130.88939544087117
3014066,51.990884440310275
3014067,3207.5264591013233
3014068,7.38633199962379
3014069,0.8437665542089965
3014070,23.075256694369706
3014071,17.23427905236301
3014072,0.21968771417437616
3014073,202.21510176075068
3014074,0.20320819464382456
3014075,1.4184571333089284
3014076,3.3510981846327748
3014077,62.986779601805615
3014078,1.3956395838959432
3014079,144.4083310909082
3014080,209.09133354192383
3014081,3.674435432432186
3014082,4.372508225696349
3014083,167.46759467538968
3014084,49.43459498409496
3014085,751.2011532377405
3014086,0.8095219160908611
3014087,4.424909698483374
3014088,10.879481900712175
3014089,0.955054448275711
3014090,10.777687296891447
3014091,5634.462416606419
3014092,0.5418513955579493
3014093,1004.9633777985915
3014094,35.170770325505266
3014095,1629.668360374178
3014096,1722.424717772776
3014097,407.7727207988323
3014098,302.23774674729134
3014099,214.98282055580756
3014100,6380.228866037831
3014101,55.96113801841669
3014102,3.074573928640423
3014103,45.764429839779375
3014104,68.33244825103617
3014105,1.552453594027354
3014106,477.7309558496685
3014107,34.758121049565176
3014108,61.73542126995346
3014109,17.371505037449083
3014110,215.88670007537868
3014111,16.961011385599953
3014112,641.0420789337782
3014113,633.4173840214612
3014114,15.923196499549121
3014115,22.290177218707576
3014116,861.1925544456668
3014117,225.44946529230958
3014118,8221.026116021141
3014119,1.1763393037907526
3014120,65.47667407369333
3014121,2.1672476651821744
3014122,0.0
3014123,0.6551973365542585
3014124,1283.0135635578772
3014125,0.0
3014126,161.6332484760589
3014127,3.141580610135169
3014128,444.3898705173599
3014129,289.4056682095815
3014130,97.81118061859807
3014131,94.79113931634434
3014132,32.73947941719394
3014133,1741.4749979312728
3014134,3.7733453274231543
3014135,0.1415073492720352
3014136,12.30443208358097
3014137,5.948821798983376
3014138,0.0
3014139,107.54713887207062
3014140,0.2729998694630096
3014141,0.3342077404461533
3014142,1.903703805691202
3014143,30.04094866341576
3014144,0.48318136316200744
3014145,77.3888911504645
3014146,111.86303960196757
3014147,1.285546590071544
3014148,2.3262115584301237
3014149,106.26390025471346
3014150,28.73927290257112
3014151,414.7384476269642
3014152,0.11964898516641602
3014153,2.2930102055681156
3014154,4.167482312921878
3014155,0.40895571934289415
3014156,1.7005159890290968
3014157,2243.7193806629234
3014158,0.10349751177537618
3014159,313.69883959019717
3014160,5.757142734899674
3014161,968.4505683164713
3014162,616.2241538129734
3014163,185.92798955929834
3014164,163.38849649849888
3014165,54.04721498484819
3014166,3359.1114779032773
3014167,7.141328057795921
3014168,0.5912558848096934
3014169,24.16892042016471
3014170,18.240882047793512
3014171,0.28052337622906154
3014172,217.48119887602857
3014173,1.0317771374951452
3014174,1.0838966096771274
3014175,5.522932124248981
3014176,24.35337984238979
3014177,1.1419428972926398
3014178,180.34365748990447
3014179,226.77439526162496
3014180,2.7289542303204417
3014181,4.426837814476801
3014182,136.22857786843994
3014183,49.493334076852626
3014184,785.4813648708193
3014185,0.8168208607300397
3014186,4.239310407735439
3014187,1.3268124631216254
3014188,0.0
3014189,0.19225302257083637
3014190,917.120818052036
3014191,0.0
3014192,117.23162227335865
3014193,2.042604304873988
3014194,334.22611186564774
3014195,219.4272245241551
3014196,61.74704576110837
3014197,118.35997939410794
3014198,23.7866442748319
3014199,1395.7491934533919
3014200,2.3164159516929455
3014201,0.0
3014202,5.762770328922782
3014203,3.905682014275273
3014204,0.0
3014205,71.91885655492878
3014206,0.0
3014207,0.0
3014208,0.7648167641533482
3014209,15.508024879857185
3014210,0.0896163627534248
3014211,78.63816796352818
3014212,79.73524012109294
3014213,0.5190013286197106
3014214,1.4435949844450378
3014215,77.80121996754117
3014216,15.837020178618653
3014217,221.78314718879386
3014218,0.0
3014219,0.9595046244441745
3014220,3.470148346789676
3014221,0.16166227113265197
3014222,1.137349844453924
3014223,1664.5314822480354
3014224,0.0
3014225,255.74694205612684
3014226,4.4544712528677
3014227,653.1214651746116
3014228,466.5174295389582
3014229,157.0799436874582
3014230,121.90508237593015
3014231,44.25643023935366
3014232,2654.595499084181
3014233,3.5539187373387686
3014234,0.47572684434689233
3014235,11.90524520337229
3014236,14.188270198995689
3014237,0.11281483626781495
3014238,167.23199675227198
3014239,0.5723002064951537
3014240,0.6352151737366916
3014241,5.44249801470024
3014242,34.74271099338118
3014243,1.2036381690961915
3014244,145.55132826954355
3014245,180.80123395601325
3014246,1.7231109437239793
3014247,3.3806283238855652
3014248,140.26680499180412
3014249,39.75900865038136
3014250,655.9795155790998
3014251,0.3140116984915565
3014252,1.550974713388332
3014253,3.3361902456797266
3014254,0.2704613166962528
3014255,3.4936278923987394
3014256,2094.6301897183653
3014257,0.07353255021114583
3014258,408.0276482150294
3014259,5.099936653706788
3014260,779.3323372896155
3014261,568.425533867509
3014262,155.0026333672248
3014263,126.06471851613664
3014264,55.439019429469326
3014265,3046.3523942550255
3014266,5.108119876544059
3014267,0.8930111585627029
3014268,21.798617896600874
3014269,21.159511868772025
3014270,0.23374480348179766
3014271,177.47409640045817
3014272,2.053430718190266
3014273,2.254070941010389
3014274,4.04994805402359
3014275,66.17992436115618
3014276,1.4644099521305574
3014277,162.89376302804914
3014278,202.315034452581
3014279,2.1533167460716043
3014280,3.89901844566268
3014281,156.9838854716679
3014282,44.58230473842849
3014283,652.7426389850506
3014284,1.0681848746182319
3014285,1.9957653571730298
3014286,2.095150540075653
3014287,0.0
3014288,0.3783081278829311
3014289,1207.0517247449652
3014290,0.0
3014291,94.92847513838775
3014292,5.422184955410954
3014293,384.82009830841434
3014294,229.31854926257904
3014295,69.43724946964366
3014296,103.88794535935574
3014297,30.035080624502537
3014298,1598.7251721426196
3014299,2.903740644235257
3014300,0.0
3014301,6.287044404907937
3014302,4.62786665635822
3014303,0.0
3014304,86.02292542654256
3014305,0.2453272281230256
3014306,0.4428090081373952
3014307,0.6993517859235375
3014308,18.490305399771678
3014309,0.3551468882583539
3014310,107.62830363368379
3014311,96.38163460267137
3014312,0.818300393287075
3014313,1.56860918070914
3014314,81.28672825723709
3014315,24.065114824959558
3014316,374.9156808689401
3014317,0.0
3014318,0.5711541921564885
3014319,2.8833955175503254
3014320,0.03574502746022103
3014321,1.2825274990158608
3014322,2246.4785366985357
3014323,0.006672377536300184
3014324,369.83974604705645
3014325,4.7847932025697215
3014326,835.0694390572743
3014327,755.3548765003856
3014328,164.4186425691309
3014329,108.12917340207316
3014330,71.75760600283222
3014331,3001.337509927758
3014332,6.14485840961323
3014333,0.5874821569435251
3014334,20.935383506137214
3014335,8.602071453920336
3014336,0.07316231334884134
3014337,196.39981696497068
3014338,0.7494104763137925
3014339,5.604267454209543
3014340,1.913251198803508
3014341,39.31260033169505
3014342,1.3124965701720575
3014343,158.04378167686446
3014344,201.15600963808726
3014345,2.0830183718182367
3014346,3.754045582378632
3014347,152.30879055549252
3014348,44.56594539537818
3014349,960.0155916774156
3014350,0.4729441336098549
3014351,1.660752165013601
3014352,5.320896462076952
3014353,0.14986752076106954
3014354,6.606684234878251
3014355,2503.960978898164
3014356,0.11504761333023761
3014357,465.73007126223905
3014358,9.64451527334137
3014359,913.4252935339226
3014360,662.090993572773
3014361,198.30651792812645
3014362,123.18854070462518
3014363,71.78768131526466
3014364,3317.1529965107793
3014365,20.029560098761507
3014366,0.9689851331211183
3014367,22.194417691169907
3014368,19.599082624699033
3014369,0.1605956219763086
3014370,210.7003183474457
3014371,12.044714924531876
3014372,27.966264031856237
3014373,3.2444679969241683
3014374,88.54228866023473
3014375,6.321873949190504
3014376,194.8052030473251
3014377,252.27037977054087
3014378,6.381977369921846
3014379,7.747851312871639
3014380,198.7911878762553
3014381,62.42958553242206
3014382,2994.2605665303518
3014383,0.6169423764024782
3014384,8.770512046345427
3014385,5.320896462076952
3014386,0.14986752076106954
3014387,6.606684234878251
3014388,2289.5012631525933
3014389,0.11504761333023761
3014390,457.10908148983594
3014391,9.64451527334137
3014392,875.3878969067472
3014393,673.3041571944624
3014394,198.30651792812645
3014395,117.97931279803626
3014396,71.78768131526466
3014397,3317.1529965107793
3014398,19.12475145834789
3014399,0.9689851331211183
3014400,26.43047386641705
3014401,20.267748800064762
3014402,0.1605956219763086
3014403,219.15378770934538
3014404,12.044714924531876
3014405,14.999076103877433
3014406,4.613672301414015
3014407,95.41055659141405
3014408,6.321873949190504
3014409,186.40008472867862
3014410,259.58569187829795
3014411,5.420338443016006
3014412,9.455186290678844
3014413,198.7911878762553
3014414,62.42958553242206
3014415,2994.2605665303518
3014416,0.6169423764024782
3014417,8.770512046345427
3014418,5.320896462076952
3014419,0.21758987872990648
3014420,4.571705238187144
3014421,2711.970831539192
3014422,0.11504761333023761
3014423,441.5871419362761
3014424,9.64451527334137
3014425,1020.710474239497
3014426,873.384443820517
3014427,198.30651792812645
3014428,139.48394571440124
3014429,71.78768131526466
3014430,3724.317886814342
3014431,19.12475145834789
3014432,0.994097517979482
3014433,22.194417691169907
3014434,20.267748800064762
3014435,0.1605956219763086
3014436,227.20415988565355
3014437,4.697047531870924
3014438,9.546361090497335
3014439,7.633229075885566
3014440,56.62872317194296
3014441,3.327733789426574
3014442,186.40008472867862
3014443,271.6033550660355
3014444,5.420338443016006
3014445,7.747851312871639
3014446,180.00048187754567
3014447,62.42958553242206
3014448,1417.8928704391749
3014449,24.29221027476652
3014450,8.770512046345427
3014451,3.9568122507392864
3014452,0.0
3014453,4.232995001838033
3014454,2335.817227475066
3014455,0.0
3014456,412.66606060230606
3014457,10.239492719874349
3014458,712.2595468529493
3014459,731.1710943756686
3014460,200.02129114847781
3014461,109.88058318050133
3014462,78.46041362657996
3014463,2888.9239249935927
3014464,19.30853454243842
3014465,0.8441558303574366
3014466,19.211723565127397
3014467,15.913859354872192
3014468,0.10873036192535943
3014469,200.6133224723382
3014470,13.190798585351878
3014471,19.89133485350076
3014472,2.395721724747865
3014473,75.26740616853519
3014474,6.15019480734569
3014475,242.02938361977846
3014476,219.50018812667082
3014477,5.737045544761504
3014478,7.832831755515052
3014479,297.0290625809104
3014480,73.14913175913505
3014481,3674.6264365520624
3014482,0.18495762220038225
3014483,17.98858332151608
3014484,4.182308390038949
3014485,0.06546479396410851
3014486,1.7365139011437618
3014487,2575.8110637120453
3014488,0.0
3014489,409.2227597505363
3014490,7.727110329981409
3014491,1031.956718724563
3014492,661.5192163475183
3014493,197.96519663832728
3014494,106.70587950881583
3014495,79.08491178299167
3014496,3643.5491605592933
3014497,12.555971503855421
3014498,0.6348991571023613
3014499,23.43043385365727
3014500,17.928830217179957
3014501,0.0
3014502,230.04334057509095
3014503,0.5751959075759454
3014504,0.9073401148456302
3014505,5.309469583284448
3014506,45.323865023479414
3014507,2.225555671249799
3014508,161.6357800769547
3014509,232.06720876356724
3014510,3.545082551244962
3014511,6.172093946720303
3014512,162.80264340649484
3014513,51.003964192977165
3014514,1302.843609457956
3014515,0.3486386681439979
3014516,4.622086745168584
3014517,4.943585926072875
3014518,0.11827332802658162
3014519,6.582015952026618
3014520,2329.5413256248034
3014521,0.09078922251424501
3014522,415.75185693172585
3014523,9.331355742961584
3014524,877.1474109927198
3014525,689.093910005616
3014526,200.079210865939
3014527,118.37378394875111
3014528,74.41558734203045
3014529,3085.7910258239644
3014530,15.365971755205402
3014531,0.7481653309148315
3014532,18.15344485368712
3014533,15.394269641733082
3014534,0.12645112872266268
3014535,206.37820489763726
3014536,5.522913659378975
3014537,22.193645147453168
3014538,4.389200137676868
3014539,55.45216433886671
3014540,5.902191466865586
3014541,191.53201082341104
3014542,266.03783378297294
3014543,5.710069248782186
3014544,7.490491260429238
3014545,192.91337071289024
3014546,60.5634996931481
3014547,2876.8319753810893
3014548,0.581765026462629
3014549,6.31608168516629
3014550,4.943585926072875
3014551,0.11827332802658162
3014552,4.595122321501968
3014553,2269.88215901486
3014554,0.09078922251424501
3014555,413.58139515640164
3014556,9.331355742961584
3014557,877.1474109927198
3014558,648.5532033410924
3014559,207.51747300883426
3014560,118.37378394875111
3014561,74.41558734203045
3014562,3085.7910258239644
3014563,15.365971755205402
3014564,0.7481653309148315
3014565,18.15344485368712
3014566,19.178527885996154
3014567,0.12645112872266268
3014568,209.10564147338764
3014569,5.522913659378975
3014570,27.513951795216038
3014571,15.023200035769781
3014572,93.44222056528028
3014573,5.902191466865586
3014574,191.53201082341104
3014575,229.70866734275785
3014576,5.710069248782186
3014577,7.490491260429238
3014578,192.91337071289024
3014579,60.5634996931481
3014580,2876.8319753810893
3014581,0.581765026462629
3014582,7.4479969839949245
3014583,3.4290310068509404
3014584,0.0
3014585,3.4573395821651847
3014586,2922.154036254364
3014587,0.0
3014588,379.0387552071223
3014589,5.890181614678568
3014590,890.4496410801883
3014591,753.8841248850882
3014592,182.64010188221988
3014593,100.61000392397563
3014594,46.42014113487599
3014595,3560.2888125068393
3014596,5.732102181355981
3014597,0.37445176114600487
3014598,19.917358290659124
3014599,15.662852444046397
3014600,0.0
3014601,189.065823505456
3014602,0.5411076278603966
3014603,3.8982920679268314
3014604,1.8837917925842151
3014605,46.0693199961023
3014606,2.423855698875966
3014607,127.40333391058728
3014608,202.32940072768037
3014609,2.7631700039730447
3014610,4.662473371130737
3014611,128.32458962479768
3014612,41.344306944177326
3014613,1139.087490252241
3014614,0.6967519636252888
3014615,1.3050638956998082
3014616,16.282038535751063
3014617,0.2132401578643912
3014618,12.31897212647612
3014619,7741.119933220685
3014620,0.47260726193619773
3014621,1393.4204234720382
3014622,34.61224795429197
3014623,2098.9461981077898
3014624,2117.195244419422
3014625,634.3944768914951
3014626,267.4998279962428
3014627,208.86971136298462
3014628,8011.932880919255
3014629,61.12388804771288
3014630,2.371408658125809
3014631,67.89865051561216
3014632,81.1819748798489
3014633,0.9597964538617678
3014634,656.156403088733
3014635,37.481581809216124
3014636,29.152275851153522
3014637,66.85095188217794
3014638,319.4922870739273
3014639,16.017297325288784
3014640,609.6513582319694
3014641,791.2188795612681
3014642,24.006758617773187
3014643,31.229209265574312
3014644,836.3637929993997
3014645,222.65041677852685
3014646,9156.534413786516
3014647,213.56290934723353
3014648,66.5234483433111
3014649,14.383641254657931
3014650,0.10264030645571838
3014651,16.75930277967842
3014652,6890.6635822110065
3014653,0.3253243993698628
3014654,1226.2778931197413
3014655,31.050487832157337
3014656,1949.775250147637
3014657,1884.515743994069
3014658,564.5976676286813
3014659,238.0056602574314
3014660,185.81594437762024
3014661,7537.9152287469005
3014662,54.29970350971787
3014663,1.4664399355951678
3014664,57.83856424088478
3014665,70.83606464986622
3014666,0.8205687262605298
3014667,568.9432030063768
3014668,24.54631177102349
3014669,34.712991964951634
3014670,15.159465743398716
3014671,244.3530936673482
3014672,14.635638336181946
3014673,596.544521443555
3014674,852.8543792376281
3014675,20.52309580577815
3014676,27.688895250246905
3014677,744.381059328981
3014678,200.282013166293
3014679,8346.089292702225
3014680,216.48943567799327
3014681,46.97688985247483
3014682,12.317737520578547
3014683,0.0
3014684,14.262371417080411
3014685,5385.761704986173
3014686,0.10879617900400297
3014687,1038.394934271221
3014688,25.08397413668643
3014689,1799.102501989499
3014690,1577.8935458682968
3014691,472.6202865564065
3014692,151.3383173547712
3014693,151.03831801203796
3014694,6488.660186636782
3014695,44.00511953726529
3014696,1.2884372146964975
3014697,41.51431265466182
3014698,42.92030201192128
3014699,0.5231287134316994
3014700,488.84153193452033
3014701,29.841430398941203
3014702,42.327005977140075
3014703,9.207658536632156
3014704,181.64298602479113
3014705,11.067708918028798
3014706,556.9375467368726
3014707,622.6424417582441
3014708,20.318129216369904
3014709,14.917559100182725
3014710,587.0591382403436
3014711,138.41268147040748
3014712,5591.642359946439
3014713,224.04732623995028
3014714,33.917520582633536
3014715,13.670358687283128
3014716,0.10018466258974887
3014717,15.529353416078955
3014718,5813.655031742642
3014719,0.2214114921504375
3014720,1089.590203323733
3014721,27.733203067241607
3014722,1749.4338953443057
3014723,1738.254480059613
3014724,520.7237143035736
3014725,198.6244920241769
3014726,166.4801486364571
3014727,7147.785035703733
3014728,48.57608192499151
3014729,1.4729478572616206
3014730,39.45018452478337
3014731,62.332315494926604
3014732,0.6778258708294786
3014733,524.6974107919801
3014734,22.564659875304628
3014735,46.72753011151798
3014736,37.85386030977105
3014737,225.32081896780147
3014738,12.293370445817061
3014739,559.4924934907303
3014740,685.9829277735361
3014741,19.42698855890759
3014742,24.719541534500316
3014743,677.1102681695942
3014744,152.572184431968
3014745,6159.661246201176
3014746,246.90434504754168
3014747,37.46393207752394
3014748,10.275533860320563
3014749,0.0
3014750,11.493003269101495
3014751,4266.188835411229
3014752,0.0
3014753,842.5361184578001
3014754,21.22471003335639
3014755,1418.1605783109862
3014756,1252.9608195599453
3014757,405.7356907558345
3014758,123.68314872639907
3014759,117.93555994908775
3014760,5117.369976629767
3014761,34.20631616245888
3014762,0.8834789605002057
3014763,37.3977792916177
3014764,33.357692068832975
3014765,0.28228334747067396
3014766,386.3266254797753
3014767,13.337384597483222
3014768,18.892808783880884
3014769,21.62698516535797
3014770,153.86059096130347
3014771,7.040396986099138
3014772,467.0479414775638
3014773,551.4149248573935
3014774,13.506168892893085
3014775,17.264660611686004
3014776,479.3153536507994
3014777,99.66154209408786
3014778,4370.4281394685095
3014779,140.95656727732938
3014780,23.55827760626059
3014781,13.52657660522933
3014782,0.18477317658540582
3014783,14.137144308952953
3014784,5631.186357091464
3014785,0.2792721662806749
3014786,1067.7438762560814
3014787,28.229110611779216
3014788,1846.4394945171064
3014789,1741.463422246871
3014790,494.19875993690334
3014791,226.2592958682288
3014792,159.31435419581797
3014793,6784.333669299401
3014794,44.35725359502779
3014795,1.3794335631884185
3014796,48.46890224978803
3014797,43.26394811984477
3014798,0.4960552286902844
3014799,498.0034144704322
3014800,11.411841931453905
3014801,29.73467882118039
3014802,19.287981038926148
3014803,198.51110657801766
3014804,12.19155487814686
3014805,511.7956703765451
3014806,651.0560300491368
3014807,17.688691487377188
3014808,22.530858479159267
3014809,591.6602959015619
3014810,161.9908826319769
3014811,8182.62972302056
3014812,229.61978970388964
3014813,38.93803625778648
3014814,4.00205172612705
3014815,0.0
3014816,4.117984019333267
3014817,2059.5497237756767
3014818,0.0
3014819,385.5575651702243
3014820,14.538062439271432
3014821,665.5179960967688
3014822,526.4561649232825
3014823,186.84790016514387
3014824,93.11534237493069
3014825,74.20049012163138
3014826,2646.9927429719783
3014827,18.219781039908785
3014828,0.7452894589155988
3014829,15.752544742793422
3014830,18.72536977821496
3014831,0.06980069972415698
3014832,186.53826541304034
3014833,11.296441719080741
3014834,12.011400811792544
3014835,7.453742894982053
3014836,51.20857367584535
3014837,5.766868298778609
3014838,229.0004232050953
3014839,226.04787210611786
3014840,3.7936608288322744
3014841,7.359298005899795
3014842,260.5246017679952
3014843,69.17394946601634
3014844,2834.764462670032
3014845,0.12143128755403439
3014846,12.781480491854749
3014847,9.959737069067543
3014848,0.0
3014849,10.402683605313381
3014850,3668.9527109457217
3014851,0.1300851625234441
3014852,687.7846290965705
3014853,21.052227153951314
3014854,1346.3167485075821
3014855,1171.4321749016674
3014856,342.0403739315209
3014857,124.37900629202628
3014858,114.60450097990017
3014859,4745.484886156249
3014860,33.22028376579613
3014861,0.8779338287180988
3014862,33.96145591101061
3014863,32.08395537681833
3014864,0.23114866985123617
3014865,344.6531329300128
3014866,5.409086132724682
3014867,15.371040726457428
3014868,4.070116924400747
3014869,137.20786750906865
3014870,9.311875099727711
3014871,356.88968466087954
3014872,453.20262293558574
3014873,11.973654159279477
3014874,16.753117541003242
3014875,411.4754928588857
3014876,87.45355334643334
3014877,3932.7620860185943
3014878,173.12460543685253
3014879,24.579988577401327
3014880,10.282427869922664
3014881,0.0
3014882,6.262498814779122
3014883,3758.840807578228
3014884,0.1300851625234441
3014885,694.2808731723487
3014886,20.591221658567918
3014887,1346.3167485075821
3014888,1254.8553606465193
3014889,342.0403739315209
3014890,148.96266829434904
3014891,112.18776955995195
3014892,4434.956162508391
3014893,32.50490301266506
3014894,0.966963262453053
3014895,33.23058083027337
3014896,39.69741425519688
3014897,0.5012025929893954
3014898,315.4783975858101
3014899,6.97470347923061
3014900,34.36542905884613
3014901,4.070116924400747
3014902,147.80898881669023
3014903,9.311875099727711
3014904,349.40794097041817
3014905,339.4829859067959
3014906,15.367843189908903
3014907,12.380072492698652
3014908,402.85262372229374
3014909,85.60441702590583
3014910,5185.402178472947
3014911,2.6024627718108437
3014912,33.95998771279081
3014913,5.721237050736201
3014914,0.6354682592643537
3014915,12.578265074250915
3014916,3337.069351974968
3014917,0.6914053030734617
3014918,677.4110591968898
3014919,6.580082916723502
3014920,1223.9546237932307
3014921,1037.7771210507462
3014922,291.37156629402233
3014923,52.91575418360778
3014924,23.22244055001405
3014925,4618.2276860574875
3014926,10.055925515303322
3014927,2.1345942611311757
3014928,10.368110700296533
3014929,45.13993587714096
3014930,1.123854296203326
3014931,256.50557301629505
3014932,5.684092051407482
3014933,42.4820648346395
3014934,6.689416359697251
3014935,137.51524165814402
3014936,4.874075730374191
3014937,82.43365092494145
3014938,351.42409301118414
3014939,5.030959219451657
3014940,11.158599512872126
3014941,117.1495244308028
3014942,75.82760822336782
3014943,5819.292581066513
3014944,3.976103991244821
3014945,28.631937136974468
3014946,5.025002213365622
3014947,0.27987016961963107
3014948,7.5284080923096
3014949,2123.1245727435366
3014950,0.3369223986906507
3014951,405.78755359288766
3014952,7.216799983704153
3014953,813.3303504879447
3014954,529.2193961763005
3014955,217.4478511417213
3014956,82.66027245211788
3014957,61.92440286581039
3014958,2969.9281694491337
3014959,11.068345724438615
3014960,1.4068834823139973
3014961,14.83620418752577
3014962,22.43823288712079
3014963,0.27891491474517377
3014964,213.19827191415283
3014965,3.52024987834948
3014966,14.76566583332227
3014967,4.499132074848337
3014968,90.99548236738644
3014969,3.4452557349778514
3014970,129.41270734923927
3014971,241.83681222382233
3014972,5.196191946634133
3014973,5.806786010202727
3014974,114.9505707554846
3014975,66.62318927712684
3014976,2827.3515355006352
3014977,0.9489904297836386
3014978,3.670600801950478
3014979,4.07941176147311
3014980,0.0
3014981,0.43495099895103406
3014982,1486.8158083705446
3014983,0.0
3014984,194.28707584472718
3014985,3.4853554376731815
3014986,750.666783237978
3014987,305.32315901610946
3014988,157.08228913528814
3014989,42.47737604769097
3014990,31.55729769505658
3014991,2330.6560797595357
3014992,5.179399152370147
3014993,0.3774853666055915
3014994,11.103921067730287
3014995,7.1987184892629825
3014996,0.0
3014997,162.01479163970075
3014998,0.13174680436904831
3014999,0.21996552978131614
3015000,2.0524468562097002
3015001,19.03961536283466
3015002,0.826024377498814
3015003,58.06498058783798
3015004,152.6288564896205
3015005,0.22193436131815958
3015006,2.7156623873637447
3015007,60.40813018748796
3015008,48.12734734405808
3015009,540.1684974521564
3015010,0.1688851089072529
3015011,1.2306773343719115
3015012,4.626482817955092
3015013,0.16954291797411775
3015014,5.783496712399733
3015015,3284.4173427620017
3015016,0.14275330754703636
3015017,604.2131704678496
3015018,16.632595826000024
3015019,969.727251063102
3015020,964.4032993610028
3015021,270.6168290810251
3015022,145.87540289971002
3015023,109.56758855024052
3015024,3882.6688646179027
3015025,26.993124157049653
3015026,1.2133413902454815
3015027,22.99922458949975
3015028,27.367211693437365
3015029,0.2512585919855966
3015030,263.8185668671727
3015031,15.687605760243807
3015032,30.503370695236214
3015033,23.958083926781512
3015034,86.88358138256031
3015035,8.217793951332936
3015036,339.9768761023779
3015037,357.8106960453173
3015038,7.970687256994179
3015039,11.356681873470752
3015040,442.73124200423075
3015041,101.6369767309177
3015042,4116.618303449438
3015043,0.402568214113319
3015044,33.68333362270444
3015045,4.930571484760689
3015046,0.20900840562604167
3015047,7.998316416090731
3015048,3428.3616000351776
3015049,0.19383119237990273
3015050,591.1646793755351
3015051,17.78248622428662
3015052,1063.0959742754028
3015053,1143.7696835815964
3015054,274.59847793882375
3015055,168.54990236946225
3015056,116.77813257281434
3015057,4135.938070219698
3015058,28.818665047561755
3015059,1.7409519034611594
3015060,31.437434908062723
3015061,38.510837143076735
3015062,0.33977191797887696
3015063,287.61030630803214
3015064,16.589503438064188
3015065,41.824611733634114
3015066,8.919257575781113
3015067,124.87426262712063
3015068,10.12683430214137
3015069,362.2133091118468
3015070,331.71980925204434
3015071,7.272796206142924
3015072,12.024510610999942
3015073,471.66868829039163
3015074,108.33033460157344
3015075,5717.437256663084
3015076,0.465259100446869
3015077,35.55782769350214
3015078,5.027522721767285
3015079,0.29146613385268316
3015080,9.130982067142117
3015081,3768.065275354889
3015082,0.3334584844080338
3015083,731.335629464693
3015084,21.83315840202929
3015085,1234.7160255725646
3015086,1227.2238516936245
3015087,312.7200378253041
3015088,190.21840015322155
3015089,130.4029056316523
3015090,4677.566065480338
3015091,31.511592075650174
3015092,2.107683047870431
3015093,38.941775895997694
3015094,35.33038187625722
3015095,0.49646804556941454
3015096,328.7975203794664
3015097,19.60776243753071
3015098,44.24427836850446
3015099,13.762632092641331
3015100,146.1631476470779
3015101,12.039217013164606
3015102,409.51810176925494
3015103,401.44713928239656
3015104,12.338763935749622
3015105,16.335293221112373
3015106,526.9512914179102
3015107,121.619690969685
3015108,6148.633179578121
3015109,0.5709572812350605
3015110,28.778840990290618
3015111,7.074787369932141
3015112,0.203821856688912
3015113,4.985013691732194
3015114,3050.8976745767336
3015115,0.052082638630753
3015116,476.18261428324297
3015117,12.811316533695829
3015118,1443.3447637399972
3015119,1012.792538346658
3015120,345.02026286963314
3015121,125.19258388086736
3015122,68.82901147881861
3015123,4463.628916604308
3015124,16.567543053355497
3015125,1.3335927484576102
3015126,26.64411244953097
3015127,21.6753385101332
3015128,0.18527584952968168
3015129,302.455620146412
3015130,9.891917913548088
3015131,4.189058652225497
3015132,18.686158177343984
3015133,88.06605988542623
3015134,3.7095510894121406
3015135,259.8431927915066
3015136,357.47130240542936
3015137,4.753104590271922
3015138,10.201217727429153
3015139,334.4602388989235
3015140,74.58982956743138
3015141,1140.518075531219
3015142,55.16895330644777
3015143,12.22323825141006
3015144,4.6772565492690745
3015145,0.0
3015146,3.4566287843374366
3015147,2230.1770192353856
3015148,0.06876870946651552
3015149,395.8479317737973
3015150,13.78112267201058
3015151,722.8037659165198
3015152,624.516240571437
3015153,178.2710924241901
3015154,115.41822366912007
3015155,82.4288559915036
3015156,2663.614552384995
3015157,20.322791141031882
3015158,1.1787720910438442
3015159,21.958934202013307
3015160,20.50776125715316
3015161,0.1588439989420021
3015162,186.07765067689627
3015163,12.51955882337985
3015164,11.83335603182715
3015165,4.733214705347118
3015166,82.52642103942658
3015167,6.5620301777451795
3015168,254.16685003683463
3015169,167.48976620311203
3015170,5.916397183220337
3015171,8.498582239772567
3015172,311.9133439978516
3015173,76.85231605387203
3015174,2256.174659883429
3015175,0.18806879788802994
3015176,20.786209467054018
3015177,1.774642768254556
3015178,0.0
3015179,0.5940851429472312
3015180,1153.9675071824354
3015181,0.0
3015182,128.61298100867705
3015183,2.818829492128735
3015184,555.02016210986
3015185,266.99967687295435
3015186,153.63219067481384
3015187,44.06055577893379
3015188,37.82969991349877
3015189,2205.9235013073912
3015190,3.921666977275384
3015191,0.055736145007039745
3015192,11.285771715752613
3015193,4.993818551373799
3015194,0.0
3015195,130.75315266653718
3015196,2.0363294911472876
3015197,0.1985252177609963
3015198,1.3114240868356961
3015199,11.120060453100729
3015200,0.37990996960635093
3015201,166.85492435552345
3015202,129.85993999512957
3015203,0.5348045997278118
3015204,2.427010102414452
3015205,113.1778334793215
3015206,28.856937620615852
3015207,231.46772192749137
3015208,1.9759506819188688
3015209,2.223202336057221
3015210,4.832041023384781
3015211,0.5323890987468998
3015212,2.697690007031108
3015213,3133.766746813005
3015214,0.2757833476954259
3015215,368.60503938953707
3015216,8.230221869236594
3015217,1403.5058298647311
3015218,631.5921204406935
3015219,333.4225800728424
3015220,97.10408635913305
3015221,66.08087862057029
3015222,4651.897636956034
3015223,10.26803666067034
3015224,0.6654154160531918
3015225,25.748103492195966
3015226,20.150626659350028
3015227,0.37366250411711527
3015228,286.9684645222386
3015229,4.773093810533219
3015230,1.390226307794642
3015231,4.405136487438521
3015232,50.02273723550341
3015233,2.4191247911231843
3015234,538.1686201382264
3015235,331.48784644330556
3015236,1.6723974423640735
3015237,6.203256481701259
3015238,229.30889828557508
3015239,61.7565058206071
3015240,651.2145212825216
3015241,41.658373116021835
3015242,5.774871513416674
3015243,2.6832877059711255
3015244,0.015999020402387144
3015245,0.697940823142455
3015246,1450.3939400171937
3015247,0.0
3015248,165.31849019194402
3015249,4.468677692982251
3015250,649.6467992750419
3015251,319.8557919334943
3015252,173.90118329827237
3015253,50.18633351085604
3015254,38.436075965814965
3015255,2368.0816473023992
3015256,5.624348978033816
3015257,0.3151576347913165
3015258,9.027114528793899
3015259,11.708259168931363
3015260,0.0
3015261,153.77796590285192
3015262,2.0008453428298836
3015263,0.2767922504866979
3015264,11.177466013533193
3015265,30.079560532397693
3015266,1.0100640863995476
3015267,210.11457197994176
3015268,159.87174600593278
3015269,0.725947253965705
3015270,3.2347115251783767
3015271,135.45231419055887
3015272,35.89382700082364
3015273,270.18004339644034
3015274,3.0589440098197875
3015275,2.9828689360638125
3015276,2.872287628319789
3015277,0.0
3015278,0.6159141044197064
3015279,1278.972583069335
3015280,0.0
3015281,130.39126615612437
3015282,3.503033102681137
3015283,633.5329966209472
3015284,303.76178579869696
3015285,138.5535055978232
3015286,44.570413478418686
3015287,32.195279585862785
3015288,2133.3021862971705
3015289,5.13965796624677
3015290,0.21212190564126315
3015291,8.293449635476602
3015292,10.780814361258578
3015293,0.0
3015294,142.48231801665708
3015295,1.4042689878684078
3015296,0.18337179063738301
3015297,1.9757682810006691
3015298,17.806624792827968
3015299,0.8629915213785277
3015300,166.52342161221125
3015301,140.9550097669245
3015302,0.6361379629964973
3015303,2.924865739491194
3015304,108.62364507034982
3015305,31.920316827315865
3015306,214.9168265280371
3015307,8.379861476774979
3015308,2.395553511126779
3015309,2.5383596589995427
3015310,0.011872182209945063
3015311,1.9779515987324565
3015312,1472.112875982854
3015313,0.0
3015314,141.14951921533194
3015315,3.8717392661111116
3015316,651.5494748700671
3015317,299.8520484193758
3015318,168.6330909170254
3015319,46.255107201211814
3015320,36.305075985749646
3015321,2375.0095132935435
3015322,5.64237017863519
3015323,0.29961566878106866
3015324,9.054392778018922
3015325,8.749564043473445
3015326,0.0
3015327,154.2305805298648
3015328,0.7822364143604421
3015329,0.2802656981188502
3015330,2.1776858837824955
3015331,19.346502096928184
3015332,1.094566087549393
3015333,154.42604749742742
3015334,180.5244341862873
3015335,0.72984649331347
3015336,3.246231840025503
3015337,117.59957588707711
3015338,37.30293915985064
3015339,313.4028237663203
3015340,0.06897197810108183
3015341,2.889933666244927
3015342,2.5383596589995427
3015343,0.28409944242943985
3015344,0.7493938330875145
3015345,1484.9874113826822
3015346,0.0
3015347,167.09621276037805
3015348,3.9094550159288075
3015349,716.6098194625338
3015350,323.28531189771877
3015351,174.73080018711244
3015352,58.636375337688776
3015353,36.5938822694923
3015354,2455.8888552450308
3015355,5.693793696637604
3015356,0.30967695834224657
3015357,9.132231295614165
3015358,12.313089729066466
3015359,0.0
3015360,155.43233567715822
3015361,3.405988440956489
3015362,0.29017718519417834
3015363,2.2022867089181215
3015364,30.411759532711383
3015365,1.1107816783721969
3015366,156.80632316014467
3015367,148.2836242014285
3015368,0.7432385190359201
3015369,5.939989406615347
3015370,118.51774323723845
3015371,40.645686778896135
3015372,400.0086247934963
3015373,0.07724768365220658
3015374,2.9200485301466315
3015375,2.4038944027330778
3015376,0.0
3015377,0.5713497345870246
3015378,1267.749068938779
3015379,0.0
3015380,129.73129452804238
3015381,3.306118311266477
3015382,610.2102196881066
3015383,266.35791477395395
3015384,151.1518020985329
3015385,66.73302635722946
3015386,30.93401389427973
3015387,2099.148943542279
3015388,4.871174603985676
3015389,0.16471714611403687
3015390,9.67546674922996
3015391,7.372948500713664
3015392,0.0
3015393,133.419903141946
3015394,0.3638289092372203
3015395,0.17791857189205626
3015396,1.8087487084528873
3015397,26.551480250668472
3015398,0.881727456006151
3015399,100.86604783746046
3015400,134.06695503432755
3015401,0.5906723856378708
3015402,2.7532338414351294
3015403,96.00897349506302
3015404,30.383199628861178
3015405,159.65678811651978
3015406,0.0
3015407,1.7528423209349595
3015408,3.901061325756489
3015409,0.34460008398465924
3015410,3.6750491427435783
3015411,2274.8711335205476
3015412,0.14679807170475492
3015413,236.5306539475916
3015414,5.945104418637495
3015415,868.3387852608945
3015416,528.6771700216391
3015417,260.3746230398703
3015418,108.96138795472825
3015419,52.1817558194274
3015420,3287.222848383361
3015421,8.469298736648154
3015422,0.7884992861411395
3015423,13.333445181494165
3015424,12.779549217068325
3015425,0.221848990391752
3015426,219.13047654668514
3015427,1.088664540687756
3015428,0.45621630239846367
3015429,10.952801334220068
3015430,28.00577676645521
3015431,1.9769818077460957
3015432,239.08694386318186
3015433,218.06814345137474
3015434,1.6540201227190288
3015435,5.053387076739287
3015436,182.17101795113962
3015437,49.616258694778466
3015438,622.7312073750848
3015439,12.0879345624856
3015440,5.717645386702658
3015441,1.5620982085256336
3015442,0.0
3015443,2.3080274781469035
3015444,1419.3999092261815
3015445,0.0
3015446,118.25873871625832
3015447,2.6306502625261516
3015448,415.16162102665567
3015449,321.3557173728838
3015450,152.03074814803404
3015451,51.250206915086565
3015452,26.80150507302029
3015453,2056.077900352519
3015454,3.9502080705785714
3015455,0.09803261657404752
3015456,10.774220408333633
3015457,8.4399920327665
3015458,0.0
3015459,128.45801126018543
3015460,1.2237415211110205
3015461,0.15886611375730822
3015462,3.3569756018163828
3015463,26.670228558074577
3015464,0.6692588472952237
3015465,158.4477320775652
3015466,129.47610069805413
3015467,0.8029701266792508
3015468,2.164492577009741
3015469,87.38600709303354
3015470,25.460355646364995
3015471,411.4088423436857
3015472,26.942586967226003
3015473,2.1784259215651978
3015474,3.336495914475058
3015475,0.15041520754390897
3015476,3.241373251516984
3015477,1748.8386650900295
3015478,0.0
3015479,186.3594453485455
3015480,4.533187542120493
3015481,727.1737102848424
3015482,361.3922305512392
3015483,202.83167018575477
3015484,69.74952525849586
3015485,41.37007984768058
3015486,2625.080308992917
3015487,6.544221460750609
3015488,0.607616365656056
3015489,17.683499495041293
3015490,8.720553946512677
3015491,0.0225669653219915
3015492,151.49095309391848
3015493,2.9794935679539147
3015494,0.4232616904302497
3015495,2.575280346493652
3015496,22.108997788857444
3015497,1.4051725062314477
3015498,180.87148092166223
3015499,168.24985745268324
3015500,1.1069792747447078
3015501,3.6368255970061396
3015502,133.70213817969582
3015503,39.32613984710123
3015504,466.28245790088533
3015505,0.15148798868504162
3015506,3.5889407050671767
3015507,5.217646820610052
3015508,0.09462568729738843
3015509,4.879585987344671
3015510,2702.158426657679
3015511,0.09026759014400959
3015512,483.3972068343216
3015513,15.188065413127411
3015514,893.5930524692722
3015515,767.7999528784245
3015516,220.57203560302293
3015517,126.49950473007365
3015518,90.3700405646616
3015519,3344.233813019099
3015520,23.07049857067279
3015521,1.1107888966193002
3015522,19.003462435687684
3015523,23.219339724142866
3015524,0.2691486888209107
3015525,223.95375508635883
3015526,15.55432117462714
3015527,13.054900397150456
3015528,6.862561351161792
3015529,69.76812434983722
3015530,7.281822828328587
3015531,278.4549339259412
3015532,245.75345305198985
3015533,6.757465572728075
3015534,8.950901410368058
3015535,365.42256279623075
3015536,91.18892104432972
3015537,2485.554381839874
3015538,0.3011552533777182
3015539,21.957724124183915
3015540,3.695816458518726
3015541,0.3576828595922212
3015542,4.213128018142381
3015543,2124.6384071812695
3015544,0.11274330967513936
3015545,285.3085299776432
3015546,5.654259856692407
3015547,922.8974486381919
3015548,453.4112196905262
3015549,246.88338297902112
3015550,88.20030046905349
3015551,49.95462955286414
3015552,3228.161335185653
3015553,8.072746881272606
3015554,4.154751039416364
3015555,16.607124536838775
3015556,10.118729657751636
3015557,0.1503926084466749
3015558,200.267421546405
3015559,2.933636510551937
3015560,1.3622951400283125
3015561,6.906956702075711
3015562,44.44085568743545
3015563,1.453944494297136
3015564,341.0919191536811
3015565,234.84548915591085
3015566,1.7941555717498896
3015567,4.491122554119995
3015568,160.99397252967097
3015569,47.49656938559016
3015570,614.9668811780833
3015571,22.50242108113614
3015572,4.8601812608096
3015573,3.695816458518726
3015574,0.3576828595922212
3015575,1.8737061858578967
3015576,2101.339204773765
3015577,0.11274330967513936
3015578,285.3085299776432
3015579,5.654259856692407
3015580,908.3109350782001
3015581,458.45571572006384
3015582,228.8370685128735
3015583,100.67011784293007
3015584,49.95462955286414
3015585,3096.350138451009
3015586,8.072746881272606
3015587,0.6453088155795693
3015588,22.502694588770606
3015589,17.49328286228928
3015590,0.1503926084466749
3015591,200.45096020003842
3015592,2.933636510551937
3015593,1.1379672452606129
3015594,4.363501191626293
3015595,59.228360577475755
3015596,1.453944494297136
3015597,192.70768013912303
3015598,212.36881581240084
3015599,1.7008765558609786
3015600,4.491122554119995
3015601,160.99397252967097
3015602,47.49656938559016
3015603,714.643222267624
3015604,0.46853694632206194
3015605,3.9781524878508505
3015606,2.7679787325911316
3015607,0.06995896690958602
3015608,1.0548873098308076
3015609,1421.51892774921
3015610,0.0
3015611,192.54890083634385
3015612,4.244070772133751
3015613,472.0656937821931
3015614,275.5768155201652
3015615,120.95604982945572
3015616,56.59694159610741
3015617,39.15618405318748
3015618,2013.6288269669083
3015619,6.150025362354682
3015620,0.46456588057462955
3015621,12.281669526353387
3015622,13.11905033001813
3015623,0.0
3015624,131.96563282571202
3015625,0.8758327491544255
3015626,0.557855393932748
3015627,3.3607217028913863
3015628,31.93470446365572
3015629,1.4367027148657485
3015630,123.51154361777834
3015631,120.3119524457961
3015632,1.1284993539119235
3015633,3.4061417614483043
3015634,126.66376349885186
3015635,37.219042769715756
3015636,443.2478096491678
3015637,3.3216688452361134
3015638,2.521580267663235
3015639,2.7539615331137832
3015640,0.001399587337850343
3015641,1.4669476537070374
3015642,1752.047803486309
3015643,0.05277533984454631
3015644,254.82711049489185
3015645,5.295648440329406
3015646,534.2313758508603
3015647,404.11610488665576
3015648,136.46695650351293
3015649,76.17491152437188
3015650,47.208582318801426
3015651,2195.406147354505
3015652,8.192521668504018
3015653,0.37271329813890647
3015654,10.861063871148904
3015655,15.31225873991455
3015656,0.07394082762251297
3015657,133.81432643749196
3015658,4.098715476771291
3015659,1.0666729152044738
3015660,6.639532567442712
3015661,40.62333560720997
3015662,2.95835608358026
3015663,190.35543026030285
3015664,152.95878153925236
3015665,2.466395644501465
3015666,3.887652051715846
3015667,152.26379228690345
3015668,44.88299194637701
3015669,843.5791676857302
3015670,0.194203560047576
3015671,8.28327836080804
3015672,4.334978617821426
3015673,0.48994441101365116
3015674,3.427832417125274
3015675,3050.716634501613
3015676,0.6014956955123951
3015677,552.1266113937692
3015678,10.7222344295546
3015679,995.3289917607676
3015680,811.6958239564327
3015681,280.4241680760641
3015682,164.56370658182803
3015683,88.76236662730555
3015684,3685.3137620438006
3015685,14.806557151860801
3015686,1.1951308389964006
3015687,32.144499855101174
3015688,37.90697684709636
3015689,0.41473814598658804
3015690,244.84716930598387
3015691,8.019681116877349
3015692,15.538886422934112
3015693,6.352454352760259
3015694,104.30250875167496
3015695,7.111471605463874
3015696,287.40170339345605
3015697,270.636092322299
3015698,8.88648778263585
3015699,8.1006039653175
3015700,284.37077948012677
3015701,84.43221449269123
3015702,1359.7398641673026
3015703,0.8230098186796053
3015704,16.75586798628831
3015705,0.8262523941099152
3015706,0.0
3015707,0.9965373037760765
3015708,849.9037464767903
3015709,0.0
3015710,147.25527676586512
3015711,1.657674147518987
3015712,222.5802741293526
3015713,212.11563919529974
3015714,71.3704167329415
3015715,33.1459119975115
3015716,19.35099388594762
3015717,1047.7044161771785
3015718,2.5836749858770687
3015719,0.0
3015720,4.14470706265237
3015721,6.237476645039321
3015722,0.0
3015723,52.15202143605903
3015724,0.0
3015725,2.8400940392060168
3015726,1.1863783296111912
3015727,20.88198623354908
3015728,1.0668709591330263
3015729,64.38665949870008
3015730,53.05260997796972
3015731,0.8235768133402386
3015732,1.0632960405955705
3015733,63.69948606125004
3015734,17.65873926882295
3015735,323.119035104893
3015736,0.0
3015737,1.136976527825895
3015738,1.6825936816928277
3015739,0.0
3015740,1.443642584330067
3015741,1041.8865298349003
3015742,0.0
3015743,142.97418800195433
3015744,2.730284352629054
3015745,287.43682703211823
3015746,205.77917484188544
3015747,60.18961253696712
3015748,40.006408450869344
3015749,27.564447648357763
3015750,1334.5623756628665
3015751,3.58130941163176
3015752,0.15830249080019923
3015753,6.221058410259907
3015754,5.050107028439568
3015755,0.0
3015756,67.34192157037096
3015757,0.5601090282994171
3015758,3.6011407312011627
3015759,1.490134012468478
3015760,28.4605570742269
3015761,0.36992194703725306
3015762,117.75975671535033
3015763,73.46979352364222
3015764,1.4694242040846413
3015765,1.6118247964240981
3015766,89.811539369011
3015767,22.55022269886893
3015768,394.5237998546595
3015769,0.045869141248834656
3015770,1.999438479365933
3015771,5.332679130033368
3015772,0.37193969124507686
3015773,5.304528516974953
3015774,2733.368498655866
3015775,0.35288638260553845
3015776,508.2905098986839
3015777,8.836472289136584
3015778,860.5786967051615
3015779,639.4492415333685
3015780,232.79204687145912
3015781,148.26463842707432
3015782,69.56873117463536
3015783,3527.228358991156
3015784,11.426685306521996
3015785,1.4690571618748405
3015786,16.8396913542023
3015787,24.253812890314563
3015788,0.45927118360731545
3015789,219.52502738414702
3015790,2.6731373776835716
3015791,12.358047706151135
3015792,4.7944207074268
3015793,83.8824659408208
3015794,2.771442426865864
3015795,225.73357490207604
3015796,228.0719263013264
3015797,5.465565057194845
3015798,6.154647308061864
3015799,223.35074496023
3015800,66.16448334322935
3015801,1107.4109722327707
3015802,1.0662878547313102
3015803,12.718364228977475
3015804,4.123816817783171
3015805,0.1496643861642385
3015806,1.8547786368210617
3015807,2290.358797777111
3015808,0.13369800621236677
3015809,397.06694111907916
3015810,6.958761388005237
3015811,888.1184582149958
3015812,563.376780938683
3015813,194.91414387364813
3015814,131.35078285879175
3015815,56.09767448778197
3015816,3366.8936497798277
3015817,8.65340643129379
3015818,0.9588800254901122
3015819,24.130099503902112
3015820,18.790621248041294
3015821,0.2924581159865326
3015822,207.49594734825698
3015823,0.4756342199960948
3015824,1.8497593136096069
3015825,3.6883080068306042
3015826,58.86935043409177
3015827,1.580521526866197
3015828,380.4691492695006
3015829,210.4322234692898
3015830,4.036703869998765
3015831,4.788877258677926
3015832,180.52382214624367
3015833,53.34327276738927
3015834,843.46071474534
3015835,0.9394495012575448
3015836,4.776713602277393
3015837,4.129287112678287
3015838,0.3364179551780482
3015839,1.6564579760702673
3015840,2108.216168546807
3015841,0.0549403278467116
3015842,365.42416246065517
3015843,5.938491174396028
3015844,853.2571102336725
3015845,489.25161339301434
3015846,179.3407132510986
3015847,128.65451415008303
3015848,52.13111526469637
3015849,3140.0340986307256
3015850,7.408524915675369
3015851,0.848645750066984
3015852,17.652464556869138
3015853,10.253462270615703
3015854,0.21972615584779448
3015855,197.94040835368847
3015856,0.20639226825997792
3015857,1.4467796531204657
3015858,3.3626125817193753
3015859,69.57449622886814
3015860,1.4012534296172852
3015861,235.42328155393312
3015862,204.67199644250934
3015863,3.6868054832655117
3015864,4.386725600353666
3015865,165.24493434618196
3015866,49.56806104919083
3015867,738.4550163807105
3015868,0.804716495475175
3015869,4.37540694970713
3015870,11.029574691336967
3015871,0.9351601205577706
3015872,10.368790092678877
3015873,5557.030930666508
3015874,0.5420161402098848
3015875,892.0109494836594
3015876,35.81329659255221
3015877,1590.0771966526404
3015878,1450.9859812785612
3015879,394.05650405466713
3015880,299.15204695230057
3015881,212.78501321731022
3015882,6410.446288996336
3015883,55.38151040348007
3015884,3.03311170280889
3015885,45.288562329493026
3015886,67.38260539729906
3015887,1.5448308030744489
3015888,490.02069554726717
3015889,34.39425201289192
3015890,30.962263784744646
3015891,19.257434958221936
3015892,207.60259584746822
3015893,16.88325315055659
3015894,634.5087593434816
3015895,579.3187419448556
3015896,15.750988703753933
3015897,22.656804219860554
3015898,852.4190181130916
3015899,223.1451510170469
3015900,5711.773206627833
3015901,1.1428019369117575
3015902,60.722779238649906
3015903,2.1756292152509173
3015904,0.0
3015905,0.6446584822759495
3015906,1251.107853087169
3015907,0.0
3015908,154.80239104697228
3015909,3.29573833539364
3015910,439.20569612779826
3015911,249.69993475862253
3015912,89.18311795908528
3015913,93.16794721385756
3015914,32.828764868135224
3015915,1704.8214897958542
3015916,3.785977125465666
3015917,0.1445281427221148
3015918,12.078986919860522
3015919,5.967210603391447
3015920,0.0
3015921,105.26381575842628
3015922,0.27636863416704627
3015923,0.34983262981923513
3015924,1.9113879344379823
3015925,19.91293691598961
3015926,0.4866569908839456
3015927,103.34833492628292
3015928,93.42179764221234
3015929,1.2915948771662726
3015930,2.3350137777900706
3015931,106.54775483307094
3015932,28.817972527984395
3015933,407.69371082036207
3015934,0.11667561177546305
3015935,2.2629612156338834
3015936,4.181157123455714
3015937,0.41268426669842134
3015938,1.6833214564763381
3015939,2152.3518175515537
3015940,0.11437451316877416
3015941,310.94200394915686
3015942,6.008656794703268
3015943,954.0549453635189
3015944,479.9409078540237
3015945,192.88842116490824
3015946,160.6029141245923
3015947,54.19288751737933
3015948,3331.7827279807975
3015949,7.162872615075921
3015950,0.5954668566946306
3015951,23.74243010857948
3015952,17.618734439213192
3015953,0.2805637352987328
3015954,228.84670819029316
3015955,1.0371538694740334
3015956,1.1083010955784438
3015957,5.540193888396894
3015958,26.963620316739753
3015959,1.146962240373359
3015960,396.252441439137
3015961,221.9830894123738
3015962,2.738822235569625
3015963,4.441198962598246
3015964,136.591728565151
3015965,49.626955584370116
3015966,772.1543458028509
3015967,0.8119960568182853
3015968,4.191501267806824
3015969,1.3329699529114578
3015970,0.0
3015971,0.18466179426817064
3015972,910.999172021605
3015973,0.0
3015974,127.24528877107713
3015975,2.155855984040435
3015976,347.55621101712086
3015977,189.60643216217733
3015978,60.683789703599196
3015979,116.33741052930226
3015980,23.852237661263104
3015981,1366.3681360573519
3015982,2.325192248745261
3015983,0.0
3015984,5.780666781649984
3015985,3.918664017506654
3015986,0.0
3015987,76.58729143420244
3015988,0.0
3015989,0.0
3015990,0.7694870336221737
3015991,13.755943705761007
3015992,0.09216972603772994
3015993,97.74558785501362
3015994,78.03694902130285
3015995,0.523021091845136
3015996,1.4500615181282122
3015997,78.00975319274391
3015998,15.881576317750707
3015999,218.0080606028647
3016000,0.0
3016001,0.9416239830066102
3016002,3.481977788672356
3016003,0.1647364009506334
3016004,1.1237410631593874
3016005,1672.3318685588335
3016006,0.0
3016007,231.21414097886426
3016008,4.657497333966328
3016009,653.7380318065048
3016010,399.4591896276254
3016011,136.13143674516684
3016012,119.82244132486942
3016013,44.37619322478533
3016014,2598.7342147928
3016015,3.565969862460932
3016016,0.47963208944965285
3016017,11.939396608710922
3016018,8.175832496384345
3016019,0.11284990956076832
3016020,159.46277040854338
3016021,0.5764610155940773
3016022,0.6543651572184818
3016023,5.459546924474992
3016024,23.500051634263535
3016025,1.2088020864025038
3016026,272.41272461649896
3016027,176.97698797501081
3016028,1.7303171660123304
3016029,3.39222086716307
3016030,140.6406421287312
3016031,39.866870020210754
3016032,644.846920552102
3016033,0.3105221696557715
3016034,1.650478738620639
3016035,3.347665191592953
3016036,0.2738233635779509
3016037,1.3750580676976192
3016038,2040.5354127889523
3016039,0.084114191691894
3016040,397.2158752947603
3016041,5.326988218622608
3016042,805.565778324787
3016043,437.42786997986155
3016044,163.82862710812034
3016045,123.91159194230009
3016046,55.58837512159886
3016047,2982.2503807931807
3016048,5.12428391484581
3016049,0.8980206713900715
3016050,12.927388987216581
3016051,21.13905159160707
3016052,0.2337836882014401
3016053,176.11022822952987
3016054,2.0615110722236083
3016055,2.2921793231791536
3016056,4.063311831326088
3016057,57.43489014915303
3016058,1.4701849515747147
3016059,304.7675479728991
3016060,214.70363031660025
3016061,2.1616614304738846
3016062,3.9119828149607954
3016063,147.30370456516388
3016064,44.70293009198507
3016065,654.4726510459839
3016066,1.0626925409000472
3016067,2.1126190092793173
3016068,2.103341298097871
3016069,0.0
3016070,0.36953226280051943
3016071,1175.8681271379592
3016072,0.0
3016073,102.39014218897714
3016074,2.387283912285078
3016075,380.3292941724665
3016076,186.99615526754195
3016077,68.42399065871392
3016078,102.11060681042042
3016079,30.11720937149043
3016080,1565.0744513683314
3016081,2.914071190224676
3016082,0.0
3016083,6.306328254480015
3016084,4.642759791075477
3016085,0.0
3016086,86.49368987761166
3016087,0.24862276216958157
3016088,0.45970572553396366
3016089,0.7038488141271426
3016090,20.496916917769994
3016091,0.3583224851267556
3016092,159.2711249348306
3016093,84.60519058218904
3016094,0.8231121975403035
3016095,1.5754065419296777
3016096,81.50448525188682
3016097,24.13144513350905
3016098,329.9810206228273
3016099,0.0
3016100,0.6324390671337602
3016101,2.893672223829058
3016102,0.038485939988642005
3016103,1.2679943529268034
3016104,2199.2021207230637
3016105,0.016594988812098338
3016106,392.64760430346587
3016107,4.977677048953003
3016108,711.221727577147
3016109,474.983344640309
3016110,166.76264941412947
3016111,106.27996674599437
3016112,54.49702153826232
3016113,2938.182398677365
3016114,6.163765989576922
3016115,0.591683142337856
3016116,11.893773256065437
3016117,15.457301442052884
3016118,0.07319613688801056
3016119,180.6414822048462
3016120,0.7540399758187405
3016121,5.517339593843108
3016122,1.9209605930053004
3016123,25.588505946701172
3016124,1.317915581889574
3016125,306.3887080991632
3016126,196.90359456602567
3016127,2.091177024243911
3016128,3.766626307124545
3016129,152.71449463671914
3016130,44.68652745688203
3016131,943.7310696442667
3016132,0.4690325390375749
3016133,1.7645381998868226
3016134,5.337623575260629
3016135,0.15291043789812478
3016136,4.671598420643684
3016137,2501.546074478183
3016138,0.12603846225783077
3016139,418.69144070306425
3016140,9.999438081627002
3016141,902.7817192146427
3016142,574.308825283132
3016143,194.11404280797058
3016144,123.51718329336968
3016145,71.98030079432799
3016146,3298.520514235829
3016147,20.08521103911235
3016148,0.9741956973783081
3016149,22.255797536936623
3016150,19.58006312001224
3016151,0.16063220120667407
3016152,214.52278373027653
3016153,12.079235411348986
3016154,12.890697780732772
3016155,3.255700216438442
3016156,86.69382784939648
3016157,6.339031734951843
3016158,195.32336622449108
3016159,227.78655224034543
3016160,6.4015124424747425
3016161,7.771000924624066
3016162,199.31989924382148
3016163,62.59744049773602
3016164,1606.0961719442623
3016165,0.6126483757822887
3016166,8.57108606193278
3016167,5.337623575260629
3016168,0.15291043789812478
3016169,3.002679205324115
3016170,2329.9563112739693
3016171,0.12603846225783077
3016172,399.02471746133585
3016173,9.999438081627002
3016174,902.7817192146427
3016175,608.6479741902372
3016176,194.11404280797058
3016177,118.29417010405767
3016178,71.98030079432799
3016179,3384.625521932184
3016180,19.178007985718143
3016181,0.9741956973783081
3016182,25.965661266157646
3016183,19.58006312001224
3016184,0.16063220120667407
3016185,206.24713574796436
3016186,12.079235411348986
3016187,10.00713278509954
3016188,4.628527873329357
3016189,71.9148663818684
3016190,6.339031734951843
3016191,186.89600527518584
3016192,234.39468793000677
3016193,5.437328711478425
3016194,7.771000924624066
3016195,199.31989924382148
3016196,62.59744049773602
3016197,1453.794439180014
3016198,0.6126483757822887
3016199,10.72738270941511
3016200,5.337623575260629
3016201,0.22081201088078234
3016202,4.463256343192584
3016203,2654.9026391329694
3016204,0.12603846225783077
3016205,478.422419623218
3016206,9.999438081627002
3016207,1005.5388303878915
3016208,608.6479741902372
3016209,187.15390955283425
3016210,137.10342876014795
3016211,71.98030079432799
3016212,3645.9546565622777
3016213,19.178007985718143
3016214,0.9993745376368446
3016215,22.255797536936623
3016216,20.24811190383253
3016217,0.16063220120667407
3016218,222.4038138027337
3016219,4.712123741305792
3016220,9.407545906132803
3016221,7.848641745472406
3016222,62.561850299120316
3016223,3.3378752272205556
3016224,251.57711399558266
3016225,234.39468793000677
3016226,5.437328711478425
3016227,7.771000924624066
3016228,176.93340746098943
3016229,62.59744049773602
3016230,1393.8495641583538
3016231,5.5782422574537955
3016232,8.57108606193278
3016233,4.019439711224075
3016234,0.0
3016235,4.101209846000195
3016236,2346.678530042424
3016237,0.0
3016238,398.7856496594279
3016239,10.439147558182006
3016240,772.6393805238897
3016241,641.8448603510582
3016242,193.27609642463182
3016243,108.75227974051546
3016244,77.65183690858397
3016245,2872.935979864862
3016246,19.101878077185123
3016247,0.8253899895981478
3016248,18.61513939831306
3016249,11.998569723689897
3016250,0.10541918722197896
3016251,193.84826235742227
3016252,13.046395242577834
3016253,10.718553836913028
3016254,2.3611673925702386
3016255,41.07971893774923
3016256,6.119239616877901
3016257,239.55635469360968
3016258,201.846712680008
3016259,5.668490424960934
3016260,7.954706765503865
3016261,293.9963655398207
3016262,72.39460181316961
3016263,2006.3918106473684
3016264,0.16669743710765522
3016265,20.118050264830686
3016266,4.196022435113564
3016267,0.06828435449777455
3016268,1.7190901652557136
3016269,2509.29550177529
3016270,0.0
3016271,420.27302576373853
3016272,8.018100612488022
3016273,934.5602620660427
3016274,532.3595928237941
3016275,189.53012742270852
3016276,104.88079073486622
3016277,61.93783250590348
3016278,3613.9069974215213
3016279,12.591844939058815
3016280,0.6392256230409868
3016281,23.01645728364671
3016282,13.544669503642675
3016283,0.0
3016284,225.18327143581632
3016285,0.5793643796258469
3016286,1.0242793915215516
3016287,5.326166457293025
3016288,32.36428588292152
3016289,2.233114309045618
3016290,170.1652528900928
3016291,216.18503649348875
3016292,3.557110292993297
3016293,6.191073600623911
3016294,162.50588621625957
3016295,51.14158331081508
3016296,1414.935601581281
3016297,0.3450571828901408
3016298,4.807449792434571
3016299,4.95931455493095
3016300,0.12123263682722632
3016301,2.953028242763785
3016302,2338.7134949566516
3016303,0.10154096029941004
3016304,404.86054546949106
3016305,9.675836792547113
3016306,779.7596829380013
3016307,596.2012866771294
3016308,195.84944659380395
3016309,118.68968515157187
3016310,74.6151611007295
3016311,3108.4789669416227
3016312,15.40928134958851
3016313,0.752791535366911
3016314,18.20413099320026
3016315,19.15989668708829
3016316,0.12648663179931816
3016317,197.25636592666848
3016318,5.5401753746629385
3016319,10.044114279996853
3016320,4.403461684470624
3016321,53.46631892574851
3016322,5.918365785529637
3016323,192.04151208732947
3016324,206.05907526385323
3016325,5.727826237599846
3016326,7.512959815190464
3016327,193.4265274967744
3016328,60.72641639863906
3016329,1543.0902881084476
3016330,0.5775644438668925
3016331,6.557296603519284
3016332,4.95931455493095
3016333,0.12123263682722632
3016334,4.486217631252468
3016335,2338.7134949566516
3016336,0.10154096029941004
3016337,404.86054546949106
3016338,9.675836792547113
3016339,866.9260978922664
3016340,585.9632825150512
3016341,203.13124255939874
3016342,118.68968515157187
3016343,88.29322789293101
3016344,3108.4789669416227
3016345,15.40928134958851
3016346,0.752791535366911
3016347,18.20413099320026
3016348,19.15989668708829
3016349,0.12648663179931816
3016350,202.01593931026966
3016351,5.5401753746629385
3016352,10.044114279996853
3016353,6.464317452710573
3016354,70.42622277877834
3016355,5.918365785529637
3016356,192.04151208732947
3016357,201.80887168737112
3016358,5.727826237599846
3016359,7.512959815190464
3016360,193.4265274967744
3016361,60.72641639863906
3016362,1543.0902881084476
3016363,0.5775644438668925
3016364,9.606302769468885
3016365,3.4407516391046236
3016366,0.0
3016367,3.3705809451525397
3016368,2860.664574209783
3016369,0.0
3016370,410.6683073414444
3016371,6.119922710959797
3016372,827.6962320170419
3016373,525.3286426662813
3016374,174.8547354145579
3016375,98.88821047752367
3016376,46.54562999119691
3016377,3485.375985283061
3016378,5.749917476358396
3016379,0.37808899999529305
3016380,19.56291119853134
3016381,9.589274734332655
3016382,0.0
3016383,191.87167523429204
3016384,0.5451858914222362
3016385,4.045972603338226
3016386,1.8914232277773275
3016387,50.91531074438651
3016388,2.4318790250035
3016389,250.64956716317036
3016390,214.71887197200172
3016391,2.7731285551000138
3016392,4.677458086280989
3016393,128.66682384126779
3016394,41.45636352020085
3016395,1119.768573873034
3016396,0.6922460182740855
3016397,1.2807610579556337
3016398,16.32777233575341
3016399,0.21645077926300726
3016400,12.059728726505876
3016401,7578.262011991049
3016402,0.4871225200759627
3016403,1422.471254473883
3016404,35.79967628979888
3016405,2074.503596198047
3016406,1894.7500774675873
3016407,621.0287547688864
3016408,268.2103643955714
3016409,209.4250937263658
3016410,8154.167917341092
3016411,61.288287719977596
3016412,2.380330483463598
3016413,51.81582727844163
3016414,81.10609477951266
3016415,0.9598582220130496
3016416,642.3329120226044
3016417,27.889687101542673
3016418,26.17811232732095
3016419,65.42368582684749
3016420,308.58728308660466
3016421,16.057174977344864
3016422,611.2673369853313
3016423,888.1664083869788
3016424,24.07293449713871
3016425,31.314498058776362
3016426,838.579725347834
3016427,223.24226729490178
3016428,4929.7976660891945
3016429,236.92407764195966
3016430,62.89773941878277
3016431,14.424351288430449
3016432,0.10555824528253306
3016433,10.99939045742839
3016434,6907.4945715990025
3016435,0.33838791350090747
3016436,1190.995993578971
3016437,32.11915548457764
3016438,2041.4675631089196
3016439,1743.149958349347
3016440,552.7001432817526
3016441,238.63814565798387
3016442,186.31031910197612
3016443,7671.736127795657
3016444,54.44604420762051
3016445,1.4729669243238974
3016446,44.10403938251143
3016447,53.82663452133528
3016448,0.820626106282971
3016449,571.6640815779227
3016450,26.189748902637483
3016451,23.971482068343494
3016452,28.184790291108648
3016453,250.33482723550748
3016454,14.672278263975791
3016455,598.1258153157842
3016456,728.0880884110875
3016457,20.580052799420802
3016458,27.764815240527497
3016459,746.3535759520857
3016460,200.81466973427706
3016461,4282.806029354632
3016462,210.78859477240587
3016463,59.192394312480424
3016464,12.352980512485429
3016465,0.0013895824122432952
3016466,9.312294137436782
3016467,5398.917386195904
3016468,0.11972540852679307
3016469,997.1538403789766
3016470,25.95369878962842
3016471,1629.3726361221334
3016472,1459.516636382382
3016473,462.6575352704456
3016474,151.741453253594
3016475,151.4406600166733
3016476,6517.941290156741
3016477,44.12421747422111
3016478,1.294493151308279
3016479,38.93036739908113
3016480,56.43993081631221
3016481,0.523176718848082
3016482,478.5375616639891
3016483,16.502617985672572
3016484,19.92874727658474
3016485,14.478159176352179
3016486,153.03791144054014
3016487,11.095987903119578
3016488,558.4140278894572
3016489,515.5841961795322
3016490,17.59267288347193
3016491,14.902862130641699
3016492,604.1566415027007
3016493,138.7816120036297
3016494,3079.9440591011485
3016495,218.14837763528664
3016496,33.549376845389766
3016497,13.709181147305939
3016498,0.10309610299768716
3016499,10.16835317855596
3016500,5947.3620858859385
3016501,0.23345075310052185
3016502,1018.4419616442275
3016503,28.69126164123861
3016504,1746.039276025555
3016505,1524.6294616802384
3016506,509.74909232657524
3016507,199.15276226121648
3016508,166.92335466254377
3016509,7180.0400858377
3016510,48.70727609001823
3016511,1.4794920680320272
3016512,38.76475139878272
3016513,62.27383962523247
3016514,0.6778787519345596
3016515,513.6732213972208
3016516,30.23421870890816
3016517,17.24926901353969
3016518,37.03655717104745
3016519,209.06653869589687
3016520,12.324521596975659
3016521,560.9757358493853
3016522,667.480741199528
3016523,19.481044902288073
3016524,24.78760366538016
3016525,665.6196100590034
3016526,152.97858553761358
3016527,3697.365302874318
3016528,205.81676716131517
3016529,46.45660248128068
3016530,10.305372528335381
3016531,0.0
3016532,7.441121032263445
3016533,4381.381712431809
3016534,0.002759068462571309
3016535,750.0611736625449
3016536,21.96575425151144
3016537,1529.6381765589094
3016538,1122.9885125148503
3016539,411.9092291027484
3016540,124.0131002061231
3016541,118.2503014710806
3016542,5359.26729264076
3016543,34.299483332458095
3016544,0.8884632480835227
3016545,35.064029704006046
3016546,33.325968991779675
3016547,0.28232376201047815
3016548,388.1757022121551
3016549,18.089372526765533
3016550,15.825539735760687
3016551,6.489557860879098
3016552,124.89286383324566
3016553,7.059238529928071
3016554,468.2865459918851
3016555,539.794703639628
3016556,13.544556854219257
3016557,17.31299474390065
3016558,493.2802643068572
3016559,99.92792472160819
3016560,3039.0115843020235
3016561,156.41250637135278
3016562,23.29935383540341
3016563,8.327761249234857
3016564,0.18790846524906757
3016565,9.22768220278384
3016566,5644.941420390274
3016567,0.29188175079417644
3016568,1108.391449969542
3016569,28.587405134355873
3016570,1632.7329182574736
3016571,1610.822926972441
3016572,483.78209869496544
3016573,226.8606966326361
3016574,159.73859723850842
3016575,6641.602047242019
3016576,44.47728339129746
3016577,1.3857303052349441
3016578,36.92151192114966
3016579,56.88935870638155
3016580,0.4961023808144296
3016581,518.7198182361602
3016582,16.852816932752347
3016583,20.67679995676133
3016584,18.94419881822372
3016585,161.19119672559412
3016586,12.222467438787596
3016587,513.1526916898911
3016588,539.1201355015017
3016589,17.73814774087536
3016590,22.59312865482999
3016591,593.2286645512461
3016592,162.42220862474562
3016593,5179.660813673102
3016594,191.39694786646012
3016595,47.54450360755144
3016596,4.065250770386627
3016597,0.0
3016598,4.00628602427353
3016599,2069.12696145686
3016600,0.0
3016601,372.58676971790044
3016602,14.814075727526108
3016603,691.8687849090454
3016604,522.9375702654326
3016605,180.54473368043756
3016606,92.15763939834898
3016607,73.43526171771204
3016608,2632.3432353120197
3016609,18.024203559694747
3016610,0.727529666860213
3016611,20.431495411120924
3016612,18.08385821806727
3016613,0.06660578675322153
3016614,167.3667450457261
3016615,11.171315054941179
3016616,8.250780678903853
3016617,7.367718931943931
3016618,76.60167246735242
3016619,5.737572635834722
3016620,226.65997493853033
3016621,190.99555416652677
3016622,3.744881287381879
3016623,7.474639218793654
3016624,257.8633684000627
3016625,68.45987035217357
3016626,1402.6159244988507
3016627,0.10415004264209692
3016628,15.194805714782753
3016629,9.988740037794765
3016630,0.0
3016631,6.704427056631901
3016632,3679.7513768592407
3016633,0.1412242342080279
3016634,612.2747378687039
3016635,21.32254643614982
3016636,1368.3381070597725
3016637,1083.5295434608738
3016638,334.82441206601123
3016639,124.71079923337363
3016640,114.91042745473422
3016641,4718.831866960726
3016642,33.310841578783936
3016643,0.8829034421096312
3016644,35.347731890423
3016645,32.05340836383667
3016646,0.23118747274688378
3016647,337.40457981925726
3016648,5.361908755182823
3016649,13.873825038431074
3016650,4.0835340749833815
3016651,151.43696721444988
3016652,9.336039534268185
3016653,357.83677520389233
3016654,373.1588797071847
3016655,12.007986596589616
3016656,16.800097966683857
3016657,412.567034904534
3016658,87.68762973214885
3016659,2340.1988549381294
3016660,168.5604450202824
3016661,27.828908270065714
3016662,10.312284781691293
3016663,0.0
3016664,6.818978946303521
3016665,3679.7513768592407
3016666,0.1412242342080279
3016667,648.921936837837
3016668,20.855889870979613
3016669,1247.4186847547044
3016670,1160.698109358943
3016671,315.72546330612835
3016672,149.35951746612977
3016673,112.48730059068427
3016674,4341.64443322454
3016675,32.59356769943273
3016676,0.9721684761939497
3016677,33.32116589258632
3016678,30.64840791583226
3016679,0.5012499073462949
3016680,296.9536322288724
3016681,6.995807094596509
3016682,20.819712708768336
3016683,4.0835340749833815
3016684,93.17744432098738
3016685,9.336039534268185
3016686,350.33523242729296
3016687,292.3608903570743
3016688,15.41115773670664
3016689,8.221179620586115
3016690,403.9213468989919
3016691,85.83360000564466
3016692,3011.3496108211957
3016693,2.592895963740179
3016694,32.082791826597216
3016695,5.739023593128804
3016696,0.6397962312292731
3016697,2.8515402142261754
3016698,3345.2216666039676
3016699,0.7080772190877822
3016700,608.9667752416467
3016701,6.673000632414942
3016702,1176.3610389447606
3016703,423.40170854624455
3016704,285.221438690214
3016705,53.05843250906736
3016706,23.286540872981817
3016707,4652.179050070656
3016708,10.085183029416125
3016709,2.1428893998516756
3016710,42.82528135272791
3016711,45.09733404177517
3016712,1.123921235069967
3016713,118.08168972551168
3016714,5.701780296254523
3016715,9.118077248716832
3016716,6.70976501412258
3016717,125.30129957193743
3016718,4.887840803854973
3016719,82.65444304370538
3016720,259.141472944754
3016721,5.046919065982154
3016722,11.190775054969194
3016723,117.46218585147463
3016724,76.03091864082107
3016725,2144.8310197575897
3016726,3.9628893003959886
3016727,7.2858241253151
3016728,5.040946295753225
3016729,0.28325711533470227
3016730,5.705513173209491
3016731,2099.3479737105285
3016732,0.35010023247663496
3016733,387.70468290232975
3016734,7.31752266618231
3016735,819.1060120360377
3016736,436.1162658668811
3016737,215.76930948694422
3016738,82.88166428390635
3016739,62.09092095625327
3016740,2907.433763527708
3016741,11.100282426152297
3016742,1.4132528656238075
3016743,27.71351384368917
3016744,22.46019327449966
3016745,0.2789552231199415
3016746,218.40610263066617
3016747,3.532211904904936
3016748,7.6151804240664465
3016749,4.5136845366992535
3016750,63.62432226824663
3016751,3.4556725689857006
3016752,129.75782107314052
3016753,227.01232695298796
3016754,5.212589051794922
3016755,5.824798942496877
3016756,115.25741304160276
3016757,66.80214185887955
3016758,1227.1585234473002
3016759,0.9438146324043561
3016760,3.6213575451065476
3016761,4.092853509166719
3016762,0.0
3016763,0.4258144814250084
3016764,1485.3814814480822
3016765,0.0
3016766,115.65982716815007
3016767,3.540337551445747
3016768,734.6971082818213
3016769,183.27108725977757
3016770,153.75697859839948
3016771,41.740646805914196
3016772,31.643454715151307
3016773,2281.608962762202
3016774,5.1957518184277145
3016775,0.3811306333449395
3016776,11.13595191317775
3016777,7.220414919975588
3016778,0.0
3016779,160.3871977613523
3016780,0.13474176829632117
3016781,0.2477732933587751
3016782,2.060524606629646
3016783,15.947700146351725
3016784,0.8303034097904816
3016785,88.16650324565809
3016786,143.25025898889902
3016787,0.2251679903591387
3016788,2.725495218146317
3016789,60.5706357355866
3016790,48.25735401389802
3016791,449.3513182189906
3016792,0.1657809825909241
3016793,1.2071587718635222
3016794,4.697571314457511
3016795,0.15764183250261402
3016796,5.547987586493706
3016797,3174.1763847051716
3016798,0.14287540912987526
3016799,539.0708272148406
3016800,16.945815751162595
3016801,995.4201289142213
3016802,854.3172868796523
3016803,261.50282731555103
3016804,144.38082181447817
3016805,108.4424700945674
3016806,3801.2920591871725
3016807,26.708270512016636
3016808,1.1908187750783896
3016809,22.29084574393609
3016810,26.978585675070043
3016811,0.24752176296075118
3016812,259.65058356899834
3016813,15.517795298895845
3016814,14.538461787781316
3016815,23.120624695182567
3016816,80.75251896781447
3016817,8.177887546662223
3016818,350.69904944501116
3016819,267.9914754784355
3016820,7.879402949130939
3016821,11.527178806780677
3016822,438.2159024161664
3016823,100.59255893842894
3016824,1972.261975823159
3016825,0.3809546519782218
3016826,31.2030512850489
3016827,5.005502027320308
3016828,0.19670572553624552
3016829,4.981497130006806
3016830,3381.242030266852
3016831,0.1939587515628597
3016832,553.8799009200545
3016833,18.11613244334549
3016834,914.0897589825877
3016835,1013.2303227171269
3016836,265.35087342552936
3016837,166.8245891306122
3016838,115.57964075102541
3016839,4049.2543656726275
3016840,28.515234984480443
3016841,1.7130604063856365
3016842,30.47998761189994
3016843,28.80317845442489
3016844,0.33577074777965227
3016845,276.648625508566
3016846,16.41051540726979
3016847,17.776085962224865
3016848,8.135172496299578
3016849,145.75928244595076
3016850,10.078663128571037
3016851,358.517307392119
3016852,294.57703994433206
3016853,7.188613528256944
3016854,12.204222214792678
3016855,466.85888578327916
3016856,107.21780624821017
3016857,3227.429438409821
3016858,0.4426794723811168
3016859,32.943496115182036
3016860,5.103678206781337
3016861,0.2783243768411857
3016862,6.747188965795084
3016863,3716.2781630825666
3016864,0.3336009625706616
3016865,598.3076335271031
3016866,22.23875949652969
3016867,1022.002387481865
3016868,1116.3383731606498
3016869,302.1932785362046
3016870,188.27259167627426
3016871,129.06577025415362
3016872,4520.578519734589
3016873,31.18075920909986
3016874,2.076059752134422
3016875,29.549418798043607
3016876,45.853477033945595
3016877,0.4919989092427949
3016878,317.73128713774486
3016879,19.39806107610454
3016880,19.61429215443144
3016881,13.326887335961075
3016882,170.5804128692412
3016883,11.982766600683718
3016884,405.3407338918809
3016885,314.9241471174961
3016886,12.203030764060161
3016887,16.574484806886993
3016888,521.5789418038925
3016889,120.37193220829862
3016890,3572.224567817366
3016891,0.5467488452617538
3016892,27.91012176781832
3016893,7.176809274606475
3016894,0.19157195410839267
3016895,4.864117083381783
3016896,2889.2352123462615
3016897,0.05219505218020918
3016898,401.1794523275137
3016899,13.056656446988795
3016900,1408.2773696572085
3016901,692.8681885245973
3016902,351.5960621978762
3016903,121.46779033369017
3016904,68.11844239988342
3016905,4313.819952388847
3016906,16.38877848799481
3016907,1.3098464743121663
3016908,25.82814840075088
3016909,22.090669702259778
3016910,0.18173607507751
3016911,292.2732795782125
3016912,9.781083463571441
3016913,4.182691168562279
3016914,5.657193253738046
3016915,55.78355378100778
3016916,3.6891621273043165
3016917,458.2019971858275
3016918,331.2865221153895
3016919,4.694561899445381
3016920,10.355771619114561
3016921,331.04664807290857
3016922,73.82063930631921
3016923,1203.9230345980122
3016924,57.05849228435484
3016925,12.202693507439395
3016926,4.792755563344341
3016927,0.015729947974880584
3016928,3.558693247862357
3016929,2280.742406329681
3016930,0.09051191080797577
3016931,471.52165086644635
3016932,14.346698950870284
3016933,692.9507562710719
3016934,649.8500996132582
3016935,240.19025809345032
3016936,164.35841614357903
3016937,104.53681580935506
3016938,2751.692533867162
3016939,20.75658540992734
3016940,1.209450194533932
3016941,17.54933182070015
3016942,27.797420421074563
3016943,0.1902817351009377
3016944,190.56560327345665
3016945,12.794602887582666
3016946,12.5187823861543
3016947,4.844029647247315
3016948,107.2432695120627
3016949,6.715158465084501
3016950,466.0695572757836
3016951,171.53179944967604
3016952,6.024129148805453
3016953,8.691822914081687
3016954,460.566510148577
3016955,78.43615600714239
3016956,1861.1421384955252
3016957,0.20226438271208041
3016958,31.305304981557608
3016959,1.8229642479012562
3016960,0.0
3016961,0.6305924341759196
3016962,1198.4551405016807
3016963,0.0
3016964,131.34140536143337
3016965,2.9535700597419243
3016966,565.989145167282
3016967,275.2823198024064
3016968,206.7808354041925
3016969,45.00910519720345
3016970,30.891147271444126
3016971,2237.075885626091
3016972,4.0073797160074625
3016973,0.06752836165287801
3016974,7.080175029907163
3016975,5.098203225483908
3016976,0.0
3016977,132.8746854932592
3016978,2.089208346539345
3016979,0.25891419164101864
3016980,1.3493377533178634
3016981,14.474600650022841
3016982,0.4038115639762506
3016983,125.2549978095777
3016984,139.1874778314471
3016985,0.5542371080415469
3016986,2.486692812133883
3016987,109.04854232971945
3016988,29.376907765981663
3016989,268.77108316996157
3016990,7.1970787601303226
3016991,1.9966322421351084
3016992,4.933608279117484
3016993,0.5528189555655748
3016994,5.824479763225652
3016995,3195.6083951523187
3016996,0.29800160936665665
3016997,366.83837651992343
3016998,8.281236952463003
3016999,1431.2134593747428
3017000,607.7372580067426
3017001,421.18300203951026
3017002,99.1692311945044
3017003,66.03222530043706
3017004,4779.764120126452
3017005,10.464273888174557
3017006,0.684017544515211
3017007,25.729767135600653
3017008,20.595858953247845
3017009,0.406878056339101
3017010,292.649411767803
3017011,4.873634477697973
3017012,1.5106604145866585
3017013,4.4937954848256565
3017014,74.06780502752144
3017015,2.478347882236008
3017016,292.50265328740653
3017017,304.2107146462449
3017018,1.706233271058847
3017019,6.328703986314421
3017020,264.89711621182056
3017021,83.96114802946053
3017022,755.8733259254102
3017023,36.5582522448053
3017024,5.298642249763704
3017025,2.7474335895253494
3017026,0.02954434941295534
3017027,0.7368265880551963
3017028,1490.9614201455088
3017029,0.0
3017030,143.71864624843695
3017031,4.498902865421028
3017032,662.4825455374295
3017033,322.3015982614697
3017034,218.1080207571417
3017035,51.26383391083506
3017036,38.40747323925245
3017037,2364.266915008998
3017038,5.739714584005524
3017039,0.32984750197662904
3017040,8.984566517764014
3017041,8.007800670659623
3017042,0.0
3017043,156.83137475624375
3017044,2.0531062280204035
3017045,0.3411247924493086
3017046,14.355537641126935
3017047,37.72843499391176
3017048,1.0448806595882534
3017049,144.62493056500483
3017050,163.04537095086474
3017051,0.7477998626741388
3017052,3.3084606683526814
3017053,119.31634584944692
3017054,36.536347303223074
3017055,287.7603925111568
3017056,3.110285714330597
3017057,2.7028992367283062
3017058,2.9929479220150035
3017059,0.0
3017060,1.8985908859221197
3017061,1418.1851613454708
3017062,0.0
3017063,133.6172744046727
3017064,3.589090212628648
3017065,679.255665267894
3017066,297.69205181225414
3017067,204.86156060543223
3017068,46.158279015537815
3017069,32.61932280222771
3017070,2221.271629717497
3017071,5.3309694091203825
3017072,0.2422187117991603
3017073,8.379029987012249
3017074,11.191307654945708
3017075,0.0
3017076,146.98783197126372
3017077,1.4791858923041405
3017078,0.2597892579841826
3017079,2.065438933047297
3017080,23.336227674542315
3017081,0.9208642650652235
3017082,124.13617526565913
3017083,153.12779485363188
3017084,0.6792363965264139
3017085,3.04716436456693
3017086,96.32707311732958
3017087,32.94611229454132
3017088,234.3384181566512
3017089,5.408372982485288
3017090,2.1995153152160904
3017091,2.6035430961823285
3017092,0.02637690314248338
3017093,2.0570355195037275
3017094,1464.168130730794
3017095,0.0
3017096,144.28543622359845
3017097,3.9035115274131615
3017098,665.0810721630841
3017099,308.4991510599727
3017100,218.96615640767448
3017101,47.29758764868535
3017102,46.163749274792266
3017103,2410.932487140122
3017104,5.764735500708271
3017105,0.31543203372637335
3017106,9.021633815501945
3017107,12.606785724272179
3017108,0.0
3017109,157.44952067798093
3017110,0.8302107581706003
3017111,0.3461036637800767
3017112,2.2330039215637636
3017113,25.00362324703899
3017114,1.1329544182498723
3017115,132.70987482943332
3017116,184.28861703654655
3017117,0.7534815099976323
3017118,3.3244556536233856
3017119,101.57996423838279
3017120,38.00855347531237
3017121,320.33876817146665
3017122,3.1263836312080975
3017123,2.620074580522052
3017124,2.6035430961823285
3017125,0.3025064155526546
3017126,0.7894579604151919
3017127,1515.8016009693447
3017128,0.0
3017129,145.41019862680864
3017130,3.9414732498892766
3017131,661.799993137621
3017132,320.627755306068
3017133,225.23129769671846
3017134,59.95199514959633
3017135,36.60378105724645
3017136,2429.6050468345516
3017137,5.817106339497283
3017138,0.32561576950864773
3017139,9.099218721652262
3017140,8.929169893820221
3017141,0.0
3017142,158.67619603029212
3017143,3.5245890949364354
3017144,0.3565248514173085
3017145,2.2580330046909207
3017146,25.204936596372207
3017147,1.1494672016352359
3017148,120.48560158149162
3017149,147.1401967432334
3017150,0.7670565119278606
3017151,3.3579344747631663
3017152,111.68296146051239
3017153,41.56441952039107
3017154,464.8175994330021
3017155,2.940840578747198
3017156,2.648100264932162
3017157,2.4666007294947057
3017158,0.0
3017159,0.6073363458646565
3017160,1221.1581658213252
3017161,0.0
3017162,155.79042373398764
3017163,3.3342017346004833
3017164,649.9627152080983
3017165,278.6541084081972
3017166,198.10876545973065
3017167,68.2272639075742
3017168,30.94242239073167
3017169,2070.828007573313
3017170,4.979333010103238
3017171,0.17889179165233776
3017172,7.858097390788407
3017173,7.527194426857116
3017174,0.0
3017175,140.24615644529428
3017176,0.4005405354068938
3017177,0.2384933124337267
3017178,1.8576441854933488
3017179,33.36603744911434
3017180,0.9162149693382565
3017181,81.19798442800153
3017182,126.58263142556753
3017183,0.6124058565087889
3017184,2.8223756771762325
3017185,84.06345957711149
3017186,30.96133894163563
3017187,162.61639727596338
3017188,0.0
3017189,1.56186746747843
3017190,4.077581670605811
3017191,0.3874373551958905
3017192,3.8821156823077465
3017193,2301.7041355355645
3017194,0.18810202153007596
3017195,288.8001940938235
3017196,6.1111686532077165
3017197,901.6964603503661
3017198,549.001581217201
3017199,353.2710501004378
3017200,113.32887630164751
3017201,53.1147984768245
3017202,3394.60567096455
3017203,8.810352187599712
3017204,0.8415405298094059
3017205,13.533570043490851
3017206,13.275843921009773
3017207,0.2742728364109367
3017208,228.04307932654183
3017209,1.1819435984442488
3017210,0.5575547469826219
3017211,8.250219382189323
3017212,36.710964779095676
3017213,2.0839172980592404
3017214,169.28765634061193
3017215,226.4740768752604
3017216,1.736760997884014
3017217,5.271410460506582
3017218,212.02112591411515
3017219,51.43929228810045
3017220,647.5048013655692
3017221,12.495797245791813
3017222,4.981865852746472
3017223,1.6543766823594575
3017224,0.029079355015259295
3017225,2.454546109666801
3017226,1444.2708002123252
3017227,0.0
3017228,144.50208595384848
3017229,2.7174626587833792
3017230,459.3924779358702
3017231,314.87115038171254
3017232,192.86224217829437
3017233,53.32550056197747
3017234,27.289266143960596
3017235,2095.623533651747
3017236,4.128498521894146
3017237,0.1305967981886059
3017238,10.981269051595321
3017239,5.607951106159947
3017240,0.0
3017241,128.25296772532295
3017242,1.323053071502413
3017243,0.23951188681727653
3017244,3.525518778743489
3017245,30.276392042992704
3017246,0.7292199168693162
3017247,88.02024893087156
3017248,134.48264066592256
3017249,0.8591789417145091
3017250,2.2784673436651373
3017251,147.54988611623267
3017252,36.96473846275946
3017253,427.78905403985016
3017254,19.28107685895859
3017255,1.8302949011465415
3017256,3.2993473731165675
3017257,0.201045736328843
3017258,3.481393306750476
3017259,1837.380373091921
3017260,0.0
3017261,141.58888130609114
3017262,4.7322123719147235
3017263,691.2338554926891
3017264,386.0841172566889
3017265,258.1561377658513
3017266,73.42587250019128
3017267,42.621172898578514
3017268,2742.7762548595806
3017269,6.907986004133538
3017270,0.6747871175971589
3017271,18.235946771166482
3017272,9.189256103014642
3017273,0.0789997202909707
3017274,167.18430980164283
3017275,3.00299312456023
3017276,0.6178916480440941
3017277,2.743941776889077
3017278,29.398274799186986
3017279,1.491568163931582
3017280,136.26646885525733
3017281,168.25728755879862
3017282,1.1982526578719204
3017283,3.860402377568107
3017284,133.07666297051392
3017285,41.27057108154924
3017286,490.56378797228797
3017287,7.149193835890276
3017288,3.134440285433359
3017289,5.34413962068285
3017290,0.11241231161863187
3017291,4.976693097325913
3017292,2763.4203754151085
3017293,0.1124481681480222
3017294,494.375148996601
3017295,15.807476130530564
3017296,913.8673039517826
3017297,726.172635494431
3017298,301.4987222951986
3017299,197.5346511822204
3017300,104.01013373941186
3017301,3401.2199556579576
3017302,23.560192638412406
3017303,1.1405097657649992
3017304,25.349864192578032
3017305,31.42803841915491
3017306,0.30357882925572155
3017307,237.23412295341612
3017308,15.891104928851007
3017309,13.805569132262178
3017310,7.043168977489896
3017311,85.84886974304372
3017312,7.449526648062325
3017313,576.2796448906653
3017314,251.34565114423438
3017315,6.878298282586965
3017316,9.15334413813342
3017317,608.9715336668858
3017318,93.06442717953394
3017319,2050.3776697829194
3017320,0.3167020464602539
3017321,40.12253142460337
3017322,3.8354368317362315
3017323,0.3924397227193288
3017324,4.411006992680589
3017325,2192.8144455087377
3017326,0.14582842651574507
3017327,294.87469885351373
3017328,5.772044066069379
3017329,907.8176911026026
3017330,467.98564430827395
3017331,330.3312498613757
3017332,91.18066971663401
3017333,50.53411735583188
3017334,3313.3897026023837
3017335,8.342506212128326
3017336,0.6838281076710278
3017337,21.595886402882932
3017338,10.449322047431533
3017339,0.19247365596038332
3017340,210.24731566690383
3017341,3.0843868798856557
3017342,1.5113625189060644
3017343,3.0987976919197444
3017344,56.30966608845565
3017345,1.5420920795514734
3017346,161.166806735222
3017347,222.74472448598985
3017348,1.863789307994086
3017349,4.654389706309998
3017350,264.11964159562075
3017351,60.81288312986061
3017352,767.9444165838179
3017353,33.22164511940386
3017354,4.186668173901314
3017355,3.8354368317362315
3017356,0.3924397227193288
3017357,4.411006992680589
3017358,2168.7679629848376
3017359,0.14582842651574507
3017360,294.87469885351373
3017361,5.772044066069379
3017362,937.4754519367773
3017363,447.4982868397133
3017364,292.6645498087669
3017365,104.06712985997011
3017366,50.53411735583188
3017367,3261.062043930556
3017368,8.342506212128326
3017369,0.6838281076710278
3017370,21.595886402882932
3017371,17.510319358976854
3017372,0.19247365596038332
3017373,206.91213832765584
3017374,3.0843868798856557
3017375,1.272878911452191
3017376,4.517476642803793
3017377,82.2778218919904
3017378,1.5420920795514734
3017379,161.166806735222
3017380,219.21223777710014
3017381,1.7681856662127584
3017382,4.654389706309998
3017383,222.0161875218788
3017384,70.59900290407452
3017385,738.5543642780237
3017386,0.4997579951581522
3017387,3.735890007301117
3017388,2.9422022279532394
3017389,0.11493884641498586
3017390,1.159357899287741
3017391,1469.0998376268299
3017392,0.0
3017393,170.4613102040707
3017394,4.4224357979025894
3017395,488.8284072203833
3017396,315.05582441085613
3017397,173.01691836463692
3017398,59.47540985693833
3017399,40.26382522578122
3017400,2046.5128675693259
3017401,6.480627655775935
3017402,0.5228779486097798
3017403,11.022804834207433
3017404,8.558742387956201
3017405,0.009563036646497759
3017406,138.4298511690764
3017407,1.1050120861775163
3017408,0.7720667946225106
3017409,3.557811384276566
3017410,41.2027745173085
3017411,1.5242309620601189
3017412,128.8484016780774
3017413,139.99782357666922
3017414,1.2165108356161636
3017415,3.609872587235791
3017416,112.56536696124536
3017417,38.98621177285791
3017418,465.4495652386556
3017419,16.080363399896715
3017420,2.5957149309082643
3017421,2.8903520514836694
3017422,0.03361775851926295
3017423,3.412235185074724
3017424,1819.869190109465
3017425,0.09102521882221691
3017426,264.72447286861245
3017427,5.448147635439655
3017428,554.9382464805342
3017429,437.26097021988545
3017430,210.60912518410106
3017431,76.47353704916372
3017432,54.780747022125425
3017433,2333.6099472139017
3017434,8.526508254257266
3017435,0.41385429784139244
3017436,11.338902947582477
3017437,16.516033657100614
3017438,0.12035988215795407
3017439,139.2116413480525
3017440,4.328045307330513
3017441,1.2111666982699805
3017442,6.532373911570321
3017443,69.31363874201135
3017444,3.1005432973315425
3017445,343.88949335164784
3017446,166.9994093503002
3017447,2.5755519799977407
3017448,4.0652322935656375
3017449,320.61841011263874
3017450,46.55003221856036
3017451,823.0523376645306
3017452,0.22740858164319827
3017453,14.249632455208308
3017454,4.449325667301727
3017455,0.5157710705275412
3017456,6.672778425043203
3017457,3123.209782644589
3017458,0.635821289044395
3017459,568.230642996787
3017460,10.833573183702008
3017461,976.5678083529532
3017462,831.0013119218585
3017463,372.4113330796009
3017464,236.8903993175889
3017465,101.36824425358944
3017466,3811.2292071324846
3017467,15.145346358385341
3017468,1.2284157583108033
3017469,33.10549123985962
3017470,49.03389101281941
3017471,0.4546692356752824
3017472,232.6919717578902
3017473,8.289863003837223
3017474,16.440823869233697
3017475,6.502567966916658
3017476,131.28112023731705
3017477,7.282037430024653
3017478,555.4861279511493
3017479,259.56046202653704
3017480,9.05120183677021
3017481,8.295661394122673
3017482,548.4102229916781
3017483,86.26332242350355
3017484,1393.8712707542281
3017485,0.8467614316053738
3017486,47.30074923950651
3017487,0.9030657899452169
3017488,0.0
3017489,1.0971308922780232
3017490,909.475642096852
3017491,0.0
3017492,153.84210500212023
3017493,1.7370967827998423
3017494,285.89623593721535
3017495,221.58414608734154
3017496,102.34203732625421
3017497,55.90014214449376
3017498,22.677699681890388
3017499,1102.4719457341032
3017500,2.7344067500751956
3017501,0.0
3017502,7.870828190247061
3017503,6.568836443268694
3017504,0.0
3017505,60.48795879971504
3017506,0.026479589001693702
3017507,3.131288414971432
3017508,1.2760711792578467
3017509,35.53444048383796
3017510,1.1529494040445205
3017511,148.52475580505416
3017512,62.3410572637675
3017513,0.8913980869891621
3017514,2.6509029628820024
3017515,138.81440592256953
3017516,18.443538308575782
3017517,30.82577796627811
3017518,0.0
3017519,2.3573544803625577
3017520,1.7954253642147724
3017521,0.0
3017522,0.6574645964193827
3017523,1145.3494329580528
3017524,0.0
3017525,165.30982059162602
3017526,2.8417611542186347
3017527,345.9902763095516
3017528,221.1018178854624
3017529,122.93378186667961
3017530,34.636211812618335
3017531,32.23377800550119
3017532,1386.2234023774852
3017533,3.774002346307512
3017534,0.19961178572263416
3017535,6.553490370449436
3017536,8.563945162506455
3017537,0.0
3017538,70.47088024655368
3017539,0.639290793426535
3017540,3.950045286493765
3017541,1.592287977569329
3017542,36.755743297395504
3017543,0.426974735132238
3017544,316.33948560361307
3017545,96.69381201440675
3017546,1.5612654105944614
3017547,1.7216798923501773
3017548,185.21085382029474
3017549,23.540760799742642
3017550,348.9098936618791
3017551,0.08089139956675394
3017552,1.7876064366285487
3017553,5.522205492069123
3017554,0.40732850274591464
3017555,5.545076282387292
3017556,2821.6039132341116
3017557,0.3933759809379264
3017558,524.7248197964781
3017559,9.01248285819801
3017560,851.3853760743901
3017561,682.3074848434599
3017562,330.59541415933586
3017563,229.01095990586532
3017564,80.1484414888431
3017565,3715.5586831147907
3017566,11.79859495328408
3017567,1.5273411499010998
3017568,17.443704211465057
3017569,32.449588613321666
3017570,0.5129379308475366
3017571,217.46537872493175
3017572,2.814628170282202
3017573,13.203672036241706
3017574,4.961897978593067
3017575,121.10350911643788
3017576,2.8827723946558526
3017577,476.097929928017
3017578,266.1660829520806
3017579,5.627952087106432
3017580,6.368773785671464
3017581,481.9082447055304
3017582,68.17460258733922
3017583,1144.662642397082
3017584,1.1106174550598393
3017585,40.94242046630726
3017586,4.277163978009011
3017587,0.17931966657548576
3017588,1.9531506070082554
3017589,2364.2987197623
3017590,0.16762766763253928
3017591,377.4300074964897
3017592,7.101172821672775
3017593,919.7996755474243
3017594,581.5886712778745
3017595,280.5340078907094
3017596,135.79885115886688
3017597,64.65779517637367
3017598,3368.5080878708313
3017599,8.94231653783918
3017600,1.0051208909157836
3017601,14.532511136805802
3017602,20.11976130637892
3017603,0.33999007838556955
3017604,214.22390898225063
3017605,0.5324762691504298
3017606,2.030161859213693
3017607,3.8238150870059457
3017608,85.99216905935396
3017609,1.656696461003036
3017610,188.3626159130244
3017611,228.2885537964721
3017612,4.1632040868797535
3017613,4.962128551626817
3017614,226.82550164999532
3017615,78.60700027837663
3017616,861.7919522843598
3017617,0.9810579446558108
3017618,4.507291178818197
3017619,4.355241794777828
3017620,0.38968972114429684
3017621,4.116562638430458
3017622,2206.1358735029216
3017623,0.10141242059102429
3017624,382.93271505318495
3017625,6.159497364095948
3017626,892.9157310228237
3017627,512.0113921456955
3017628,261.7083857252014
3017629,134.84969206796768
3017630,60.93439323213942
3017631,3143.195747734282
3017632,7.778936150708661
3017633,0.9182336328099154
3017634,22.883123365662392
3017635,18.087912517901792
3017636,0.28192471966955973
3017637,207.17615496910696
3017638,0.2700437037410064
3017639,1.6373488961734712
3017640,3.550260325909616
3017641,85.88497527806982
3017642,1.5060372933967108
3017643,160.55421994892885
3017644,203.8636190725911
3017645,3.8704028424285184
3017646,4.624020928894911
3017647,184.72483330008743
3017648,63.13075586188984
3017649,914.8853664760045
3017650,0.8687137061239245
3017651,4.1949770259047146
3017652,11.120053261448113
3017653,0.9418900177838386
3017654,10.67070517260743
3017655,5611.561558599918
3017656,0.5536141741416218
3017657,900.7724062718956
3017658,36.74155890799914
3017659,1605.6874801696347
3017660,1425.0755699296972
3017661,556.1330476305567
3017662,402.0550642850341
3017663,273.569372010676
3017664,6437.719273613756
3017665,55.80557514166963
3017666,3.038501378771521
3017667,45.41858410261471
3017668,68.14309888975122
3017669,1.581019457078526
3017670,494.83816907170103
3017671,34.66046435991581
3017672,32.24623252367442
3017673,27.586976550398266
3017674,227.8849814771021
3017675,17.016089935722604
3017676,1131.1168570053715
3017677,558.6363483023174
3017678,15.798116191761466
3017679,22.834735183683705
3017680,1240.1117826925904
3017681,224.8310238165208
3017682,5069.287981526177
3017683,1.141154439220215
3017684,139.64572995887556
3017685,2.3155216162873966
3017686,0.0
3017687,0.7246618933672222
3017688,1307.9403646293765
3017689,0.0
3017690,162.24697204667837
3017691,3.43256704030813
3017692,436.8687706068068
3017693,254.20197673053178
3017694,141.2888333392109
3017695,97.66749889530932
3017696,38.43384240030878
3017697,1802.1517714036759
3017698,3.9968083611060514
3017699,0.1876111888865009
3017700,12.198255652931467
3017701,6.274129249672459
3017702,0.0
3017703,110.34133464908916
3017704,0.3437121491291171
3017705,0.4549653426014568
3017706,2.036614588908561
3017707,28.613597125002897
3017708,0.5515304697504998
3017709,86.09305764989017
3017710,102.9550991543083
3017711,1.381364074804504
3017712,2.481927366638613
3017713,86.5230199611459
3017714,30.131509936869193
3017715,427.2219954238721
3017716,0.15627414402819756
3017717,2.153437257910249
3017718,4.286599199499234
3017719,0.43564875855339824
3017720,1.7499733797819592
3017721,2246.3184019627647
3017722,0.13705322361099603
3017723,317.04466067155215
3017724,6.06772812214668
3017725,978.8881767431927
3017726,487.9457699370349
3017727,267.4813887432
3017728,164.48085350317373
3017729,61.87726149711844
3017730,3344.488657920571
3017731,7.3289957830292485
3017732,0.6179427095387598
3017733,18.230911253228804
3017734,18.06552293837051
3017735,0.3153124532651659
3017736,217.7341647007928
3017737,1.095952817104411
3017738,1.2209199674541102
3017739,5.666651728293535
3017740,36.55316338210133
3017741,1.1897850467958826
3017742,185.28138214652608
3017743,227.0381211018984
3017744,2.7970850045836175
3017745,4.551933167547341
3017746,156.2909051284651
3017747,58.27669962274175
3017748,784.9912765693537
3017749,0.8336590205603984
3017750,3.9033488824777676
3017751,1.4545186849377085
3017752,0.0
3017753,0.2518657079183754
3017754,946.7852830884569
3017755,0.0
3017756,134.4090085116224
3017757,2.2814802259857263
3017758,343.98675093458985
3017759,195.45718353614566
3017760,110.13871276934589
3017761,122.89182147233257
3017762,28.193325875169513
3017763,1410.7067107809476
3017764,2.498436186616859
3017765,0.0
3017766,8.30908117723867
3017767,4.174928515832047
3017768,0.0
3017769,74.68742893663584
3017770,0.01776690331833217
3017771,0.07712753305798493
3017772,0.8598250931716038
3017773,31.029840288983678
3017774,0.14861580438649968
3017775,83.19601267562362
3017776,78.42071440785897
3017777,0.5948836090518717
3017778,1.5777107707656681
3017779,63.737966988856876
3017780,17.853833769821065
3017781,230.24174483496037
3017782,0.0
3017783,1.1075944106134181
3017784,3.6473622721667414
3017785,0.20286792640147208
3017786,3.1179381313942804
3017787,1738.0209462658745
3017788,0.027851315383056803
3017789,221.25316359600123
3017790,4.797711549293419
3017791,633.2549202276638
3017792,370.8906005751319
3017793,212.37608506107583
3017794,124.7283963040545
3017795,51.53222147193012
3017796,2685.9216620807147
3017797,3.7344536441660883
3017798,0.5248119929370126
3017799,11.921777765505203
3017800,8.514419698195324
3017801,0.16158643890065544
3017802,170.15845454597093
3017803,0.6482690703950235
3017804,0.771001194419433
3017805,5.691236910766935
3017806,34.93619861023932
3017807,1.289396889141065
3017808,147.75731727052656
3017809,170.16516437511632
3017810,1.817836611281475
3017811,3.5542933302049273
3017812,183.39882917978
3017813,41.37485299313103
3017814,671.0713196035533
3017815,0.3476990065902349
3017816,1.8354752845540878
3017817,3.508093555146069
3017818,0.3155262140842984
3017819,1.4735302367682936
3017820,2131.084451807656
3017821,0.12411788517182332
3017822,413.3852982493911
3017823,5.483794954196618
3017824,800.5260794065564
3017825,461.8773674829006
3017826,242.5375780876337
3017827,128.98358552004555
3017828,64.51261450907113
3017829,3003.883731589498
3017830,5.3502693123169065
3017831,0.9559758829334435
3017832,21.46174375750339
3017833,22.03800040607639
3017834,0.2878164327813777
3017835,190.41282116536252
3017836,2.2009633978271603
3017837,2.5242845197465957
3017838,4.244921882697781
3017839,63.95888663820079
3017840,1.5603170961093014
3017841,165.36080200230268
3017842,205.8517746603672
3017843,2.263007478459972
3017844,4.093234436251455
3017845,191.22256698617102
3017846,46.38936314538982
3017847,669.5060339000806
3017848,1.1212069147996635
3017849,2.3298717482404063
3017850,2.2178542479366428
3017851,0.0
3017852,0.4263143745157798
3017853,1222.067798169795
3017854,0.0
3017855,126.51723011677484
3017856,2.5653542742304665
3017857,390.3173059229328
3017858,205.92383460637345
3017859,121.81106920588968
3017860,106.29737864967025
3017861,35.02453220775414
3017862,1592.4963004088338
3017863,3.058499983198974
3017864,0.030120507845497028
3017865,6.296379641278179
3017866,4.850977001765034
3017867,0.0
3017868,85.95262963340258
3017869,0.3054977313852287
3017870,0.5626178852605828
3017871,0.7649621883319061
3017872,30.67357314992899
3017873,0.40788497577182947
3017874,109.26344980288538
3017875,98.07562414715605
3017876,0.8815514771149832
3017877,1.6704387577968758
3017878,60.70358623435315
3017879,25.0587926726641
3017880,343.4203947021366
3017881,0.0
3017882,0.8280141308395879
3017883,3.0373482972049493
3017884,0.07248423609984357
3017885,1.3620275584345927
3017886,2285.5742569352606
3017887,0.054107231191477846
3017888,354.5648923847115
3017889,5.291925025580867
3017890,739.181027992403
3017891,518.5322479545029
3017892,241.79733742065426
3017893,110.63603405644682
3017894,63.24914959344872
3017895,2959.496185912343
3017896,6.428108160360367
3017897,0.6402844745649985
3017898,11.876216535593962
3017899,16.12554468451889
3017900,0.12019605535279236
3017901,199.83365977718276
3017902,0.8339367810430521
3017903,5.97682501034981
3017904,2.0257291360107694
3017905,73.35563720979063
3017906,1.4024917194426176
3017907,160.4378154751021
3017908,194.77539655824674
3017909,2.190263717086148
3017910,3.942514289391423
3017911,156.10313850361203
3017912,68.47212686419229
3017913,982.0915599992827
3017914,0.51070599136045
3017915,2.0957448865225308
3017916,5.571481182548505
3017917,0.1906548010599259
3017918,4.927852729876793
3017919,2599.787162597439
3017920,0.16758915667358615
3017921,435.16703898654623
3017922,10.577681290968695
3017923,938.260985879674
3017924,632.5805926402841
3017925,257.9895730004127
3017926,154.05860208219937
3017927,83.4896200398232
3017928,3498.1694546351882
3017929,20.863252988781785
3017930,1.0344768792401375
3017931,22.22413143512231
3017932,21.110884409087582
3017933,0.21146132456011218
3017934,231.17385563405088
3017935,12.67499670444932
3017936,13.870019628773088
3017937,3.4083429847838977
3017938,102.00270644944135
3017939,6.606818431918358
3017940,373.3536135579508
3017941,236.76790130255247
3017942,6.638765561336442
3017943,8.094649886319932
3017944,367.25786437305317
3017945,64.9441790011855
3017946,1671.3517766177326
3017947,0.6583959160278938
3017948,25.55795505515719
3017949,5.571481182548505
3017950,0.1906548010599259
3017951,4.927852729876793
3017952,2421.4613935233547
3017953,0.16758915667358615
3017954,414.7520665161457
3017955,10.577681290968695
3017956,843.9303590620641
3017957,632.5805926402841
3017958,261.80969322372306
3017959,128.89823636904205
3017960,83.4896200398232
3017961,3409.176737965725
3017962,19.92257424329706
3017963,1.0344768792401375
3017964,26.025159065726296
3017965,20.41570972695417
3017966,0.21146132456011218
3017967,214.66233665265997
3017968,12.67499670444932
3017969,10.783157560160205
3017970,4.830411002450133
3017971,111.01352763983337
3017972,6.606818431918358
3017973,373.3536135579508
3017974,243.63544897555855
3017975,5.643675228599939
3017976,8.094649886319932
3017977,358.5693017465107
3017978,64.9441790011855
3017979,1512.8658827324207
3017980,0.6583959160278938
3017981,25.55795505515719
3017982,5.571481182548505
3017983,0.2607793581926684
3017984,4.710097335194505
3017985,2690.5102350125594
3017986,0.16758915667358615
3017987,497.8892072571421
3017988,10.577681290968695
3017989,1048.4600205218173
3017990,632.5805926402841
3017991,257.9895730004127
3017992,142.71107247715108
3017993,83.4896200398232
3017994,3768.2628006299337
3017995,19.92257424329706
3017996,1.0604245441145468
3017997,26.025159065726296
3017998,20.41570972695417
3017999,0.21146132456011218
3018000,231.17385563405088
3018001,4.972311903644133
3018002,10.141298612530015
3018003,4.830411002450133
3018004,98.46121905996137
3018005,3.496155681768541
3018006,197.75259444498744
3018007,264.118676350013
3018008,5.643675228599939
3018009,8.094649886319932
3018010,238.66474714523096
3018011,85.3446974821326
3018012,1450.486966030553
3018013,10.265906038554172
3018014,7.8296898322744255
3018015,4.082876394222336
3018016,0.0
3018017,4.185461313130562
3018018,2381.75197054154
3018019,0.005347417145187873
3018020,404.7582979655301
3018021,11.485532201366453
3018022,784.1972639535634
3018023,671.7647508511877
3018024,262.2301243834243
3018025,165.99010360961967
3018026,88.71062600815864
3018027,2975.5193458145013
3018028,19.355929632859898
3018029,0.8371122813096391
3018030,19.74860548993443
3018031,17.0130699808594
3018032,0.1268326318016273
3018033,192.5411004990614
3018034,13.223916395044167
3018035,11.251209801714502
3018036,2.615384202075541
3018037,90.58080024715562
3018038,6.208546069691586
3018039,492.9733728556455
3018040,215.28504138117438
3018041,5.7212139195778136
3018042,8.067878140618797
3018043,493.5181507704577
3018044,73.32217747038774
3018045,1789.0834425541525
3018046,0.171721120558298
3018047,40.450303757171056
3018048,4.3877550868969735
3018049,0.1032582009569537
3018050,1.8318262326862775
3018051,2620.635645039425
3018052,0.0
3018053,437.3786766318987
3018054,8.492184415827186
3018055,1060.011711794118
3018056,584.5742749450153
3018057,267.110099819062
3018058,109.18004496950857
3018059,71.863409669135
3018060,3686.5413034108724
3018061,13.093382510410299
3018062,0.6892786436337923
3018063,18.364801317407597
3018064,14.081366195789611
3018065,0.0
3018066,225.77011330791248
3018067,0.6513046831290674
3018068,1.166995118690026
3018069,5.553072374520323
3018070,69.62736643385958
3018071,2.351084231101035
3018072,171.48809298394318
3018073,236.12149904549355
3018074,3.703187008855428
3018075,6.456423419227455
3018076,186.13339450711769
3018077,53.06560195415413
3018078,1332.7948511114055
3018079,0.3832137076049955
3018080,4.674281381805162
3018081,5.179212601311
3018082,0.1579399216623128
3018083,3.1169245578715374
3018084,2430.562353195866
3018085,0.14218769960888716
3018086,420.7931918324203
3018087,10.237068201235349
3018088,844.6306341795663
3018089,609.0053803802634
3018090,269.95878177530466
3018091,130.86986962011616
3018092,102.74452150822478
3018093,3212.7617555361426
3018094,16.01478201212518
3018095,0.8063122402542952
3018096,18.787044449181636
3018097,20.659464441287472
3018098,0.17582037241430104
3018099,213.03781504801654
3018100,5.8380814231259235
3018101,10.822746324072929
3018102,4.597272175862912
3018103,86.95260756286915
3018104,6.170803217199264
3018105,392.2342483665266
3018106,238.64092571470138
3018107,5.943484560197549
3018108,7.8270870885567145
3018109,351.2282673666464
3018110,63.00411432026845
3018111,1474.0664087528603
3018112,0.622316724630408
3018113,8.267681113536822
3018114,5.179212601311
3018115,0.1579399216623128
3018116,2.9953162518945273
3018117,2430.562353195866
3018118,0.14218769960888716
3018119,423.0014095929373
3018120,10.237068201235349
3018121,900.9977999614542
3018122,619.6452922951336
3018123,269.95878177530466
3018124,160.0729280456677
3018125,86.54000957950535
3018126,3212.7617555361426
3018127,16.01478201212518
3018128,0.8063122402542952
3018129,18.787044449181636
3018130,20.659464441287472
3018131,0.17582037241430104
3018132,218.41055620205884
3018133,5.8380814231259235
3018134,10.822746324072929
3018135,9.858501276299634
3018136,74.29024597656449
3018137,6.170803217199264
3018138,387.17303801277603
3018139,216.21132529849385
3018140,5.943484560197549
3018141,7.8270870885567145
3018142,359.73944266717626
3018143,63.00411432026845
3018144,1474.0664087528603
3018145,0.622316724630408
3018146,24.462849844073208
3018147,3.6046148822506177
3018148,0.0
3018149,1.8592524460755468
3018150,2976.7627916988476
3018151,0.0
3018152,375.11379760027717
3018153,12.301945467988826
3018154,921.402637973151
3018155,504.24252746054873
3018156,255.29175924893028
3018157,103.70939995166927
3018158,54.04378810154845
3018159,3628.827152513606
3018160,5.9989886828866075
3018161,0.4201683307023864
3018162,20.419310167255453
3018163,16.450971507902548
3018164,0.0
3018165,193.79574102617315
3018166,0.6155693592475303
3018167,4.401723717721861
3018168,1.9951323293351555
3018169,72.87401708923247
3018170,2.55710147691328
3018171,135.18187946427193
3018172,207.38939140481105
3018173,2.894074986592373
3018174,4.886955660216701
3018175,220.95304488249883
3018176,71.46018301280972
3018177,1190.4634650992366
3018178,0.740251581042165
3018179,1.454453211202162
3018180,16.967165213848368
3018181,0.25627534713201294
3018182,12.750286827227931
3018183,8047.452465340984
3018184,0.5419971761925636
3018185,1489.2430362391647
3018186,37.734244470703736
3018187,2278.4121912469577
3018188,1948.2658432235255
3018189,897.9897807875445
3018190,512.2092767654354
3018191,242.61007042007955
3018192,8489.722189640466
3018193,63.586718631070916
3018194,2.483547361555953
3018195,69.55200494214655
3018196,85.06901530859011
3018197,1.045688922917592
3018198,697.1384613548133
3018199,31.87900917866026
3018200,28.094223354339146
3018201,68.56037750269628
3018202,352.715044620709
3018203,16.679557426654856
3018204,1464.9186831843726
3018205,810.9337861634652
3018206,24.876639409438
3018207,32.50689945450353
3018208,1595.8798383121837
3018209,231.51678209680625
3018210,6292.000401162066
3018211,246.82246774342528
3018212,193.1979394597502
3018213,14.993508140907553
3018214,0.14175237670400168
3018215,11.633881146908514
3018216,7335.161499445794
3018217,0.38777427912478696
3018218,1258.771279837194
3018219,33.86023776677873
3018220,2017.5102488218433
3018221,1824.9640448781763
3018222,818.4288587289786
3018223,455.83426674403
3018224,253.9560035244792
3018225,8247.200918171437
3018226,56.49199709169296
3018227,1.5484778623233164
3018228,59.2505077246915
3018229,56.47288868880349
3018230,0.9003592283181295
3018231,620.4493512060995
3018232,21.09326039973321
3018233,25.732021269001685
3018234,35.925297773761066
3018235,286.1594360853523
3018236,15.244128581813086
3018237,1433.4546461908021
3018238,762.2879435708214
3018239,21.27179450378938
3018240,28.82623373380729
3018241,1454.5553927311098
3018242,208.26160867269596
3018243,4961.611692353088
3018244,256.4943165231729
3018245,116.1986868149789
3018246,12.84570401297876
3018247,0.0341734057020379
3018248,9.85757638661416
3018249,5733.196592070162
3018250,0.16104315195978852
3018251,967.8591032260894
3018252,27.37066147227472
3018253,1705.8496886183357
3018254,1451.9743030797486
3018255,685.1734994610995
3018256,284.201092428711
3018257,203.05056214929203
3018258,6786.171033915873
3018259,45.789296096191045
3018260,1.364554472543258
3018261,40.14239560631664
3018262,43.98279518425804
3018263,0.5898832407341041
3018264,501.03157221393707
3018265,7.814749102910352
3018266,21.404265625886303
3018267,9.508551519877033
3018268,229.160584494928
3018269,11.537346486118617
3018270,1316.151033639514
3018271,539.8159796470825
3018272,18.188655078173767
3018273,15.548592549573872
3018274,1180.5577621206664
3018275,143.9395379892648
3018276,3354.831575797247
3018277,227.2656395510887
3018278,66.65046189839194
3018279,14.251948300864985
3018280,0.13920962799085004
3018281,10.758901184620107
3018282,6315.592488707579
3018283,0.2789649491397936
3018284,1066.261653100124
3018285,30.252138687268054
3018286,2043.1631474702021
3018287,1583.9902052385216
3018288,754.8649765583687
3018289,417.4642905524689
3018290,193.4056173628907
3018291,7285.36608717354
3018292,50.541469066796836
3018293,1.5552022483735657
3018294,52.11822386914112
3018295,65.32780533481527
3018296,0.7513603475386845
3018297,538.5143623663367
3018298,19.37946500937862
3018299,23.679763537090757
3018300,38.83273801785237
3018301,284.2019292431492
3018302,12.810706935311238
3018303,1322.1826240521316
3018304,703.0789660121852
3018305,20.137558259305365
3018306,25.73916338161432
3018307,1283.8110708632332
3018308,158.6603782726635
3018309,4436.989089812743
3018310,188.17715305753157
3018311,95.67805471015498
3018312,10.722539521227647
3018313,0.0
3018314,7.887461429531743
3018315,4652.670877413199
3018316,0.03976076691501316
3018317,785.2917360097326
3018318,23.173069692972817
3018319,1640.193343247755
3018320,1166.7218013177344
3018321,610.0703464097838
3018322,241.1665828494377
3018323,137.0566063891727
3018324,5507.2276432998615
3018325,35.60203035384497
3018326,0.9461266279846537
3018327,38.31920718441074
3018328,34.18885241081959
3018329,0.33848228717504836
3018330,396.48048977021904
3018331,22.038974292867636
3018332,17.011773784503465
3018333,22.293964869254715
3018334,238.91492601280078
3018335,7.353304142932112
3018336,1066.7034360725536
3018337,480.95148901948477
3018338,14.010777981717768
3018339,18.477193834569835
3018340,987.3229425450398
3018341,103.65215395416482
3018342,2862.0463831871466
3018343,190.38342073542168
3018344,67.10069239206972
3018345,14.102466142396958
3018346,0.22679860540347618
3018347,9.76849043430618
3018348,5994.450622002398
3018349,0.33955204417021995
3018350,1160.430466252322
3018351,30.142822417858792
3018352,1793.2395946406305
3018353,1602.4992246350516
3018354,716.4360467227026
3018355,448.18282069720624
3018356,214.15782680302567
3018357,7095.3993200373925
3018358,46.15539010646383
3018359,1.4585775121223505
3018360,49.656002837367
3018361,45.357542927332474
3018362,0.5616231998859033
3018363,543.0986865647537
3018364,31.82730909026977
3018365,22.205057509286952
3018366,21.048263850576994
3018367,226.80658295557078
3018368,12.704929023511003
3018369,1254.9106987791854
3018370,670.984684403028
3018371,18.33879308569728
3018372,24.092997972225078
3018373,1253.8494066760477
3018374,168.45247000471574
3018375,4878.084106684982
3018376,199.40126614810723
3018377,138.7065823675908
3018378,4.2297815010878175
3018379,0.0
3018380,4.1209385838754296
3018381,2141.226945515811
3018382,0.0
3018383,387.6223007083675
3018384,14.68389721375554
3018385,747.1201480354694
3018386,524.8128485040007
3018387,244.92022980859213
3018388,113.45619009517794
3018389,85.5649383041199
3018390,2709.062392650165
3018391,18.642152453949784
3018392,0.7726942544671036
3018393,21.102833469354053
3018394,19.158851944760276
3018395,0.10857387358385077
3018396,186.80136296041124
3018397,11.566666726627732
3018398,9.538980228255365
3018399,7.2193893948796335
3018400,81.63165757090387
3018401,5.955779638952789
3018402,440.5423261673417
3018403,197.68252392854274
3018404,3.8761137059173687
3018405,7.7499145499280875
3018406,394.77198474145587
3018407,70.71608307322322
3018408,1453.386455184243
3018409,0.1306349205671455
3018410,24.665407002141873
3018411,10.394223326890472
3018412,0.00560814228088763
3018413,7.111813352840428
3018414,3907.6064641282605
3018415,0.18333528192513035
3018416,641.0420535629463
3018417,22.496048281983114
3018418,1432.5706266558727
3018419,1097.5282292297472
3018420,480.33964905743835
3018421,227.53881630076643
3018422,133.1900193300534
3018423,4913.035072038313
3018424,34.576907829068894
3018425,0.9403970558242214
3018426,35.1179875162822
3018427,33.6487592438509
3018428,0.28510651777975154
3018429,353.71451619792174
3018430,15.395730238486497
3018431,14.922459315412388
3018432,4.265869454526003
3018433,150.8577748921212
3018434,9.713181095520088
3018435,803.8082570535021
3018436,390.70981723601057
3018437,12.42495345493623
3018438,17.456919608194383
3018439,788.451325855406
3018440,90.96019343665066
3018441,2487.875014180181
3018442,175.61469294349837
3018443,30.94936863046155
3018444,10.729706835966043
3018445,0.00560814228088763
3018446,7.1431612588256
3018447,3907.6064641282605
3018448,0.18333528192513035
3018449,679.4082888415132
3018450,22.00485946453766
3018451,1005.9833349396862
3018452,1175.6928569794784
3018453,467.17287461057344
3018454,280.8537930881476
3018455,130.38475454183563
3018456,4651.424818371906
3018457,33.83316662309231
3018458,1.032387757764409
3018459,34.36293494898577
3018460,33.6487592438509
3018461,0.5669961589542618
3018462,311.3346178188437
3018463,7.360017403856961
3018464,22.358045894830394
3018465,4.265869454526003
3018466,150.8577748921212
3018467,9.713181095520088
3018468,748.6150786897476
3018469,347.95613700173965
3018470,15.937212159694694
3018471,12.91051018386918
3018472,845.1913009016805
3018473,89.0377502187909
3018474,2971.566331581947
3018475,2.6948190829816805
3018476,33.953357759490444
3018477,6.930704015600886
3018478,0.9220209502033164
3018479,3.5525567169579815
3018480,3626.4275188080614
3018481,1.0101212992024238
3018482,660.2264477731662
3018483,8.166304110453328
3018484,1311.439703441004
3018485,572.2959819759258
3018486,423.7928234577749
3018487,265.3875878310721
3018488,189.62253467748576
3018489,5214.2064031685095
3018490,12.045407001497773
3018491,2.675949976198436
3018492,46.26952404948993
3018493,41.87911462679028
3018494,1.5161196081729296
3018495,200.0836970589973
3018496,6.952670646370133
3018497,11.293156399964404
3018498,8.064073690049074
3018499,157.67311635901288
3018500,5.926251868799157
3018501,479.93116314151735
3018502,319.41575118890563
3018503,6.082960187110818
3018504,48.318857167460784
3018505,660.9569166956105
3018506,89.65251179904978
3018507,2111.267273927474
3018508,4.792433560515091
3018509,28.641609284092894
3018510,5.286172402679254
3018511,0.32999026521205527
3018512,6.0852325047895635
3018513,2259.753050720811
3018514,0.4049061863390163
3018515,417.39604140666586
3018516,7.7859670196773525
3018517,918.068011963424
3018518,472.19483142202387
3018519,312.81051860143214
3018520,158.44953505696228
3018521,72.30085827259275
3018522,3126.006288056109
3018523,11.591481156747989
3018524,1.4958005321528036
3018525,27.890756494685125
3018526,23.63426511006366
3018527,0.3397222278114537
3018528,219.59664936824097
3018529,3.755537007609884
3018530,8.255424473481673
3018531,4.731796311530989
3018532,85.19353197487662
3018533,3.6347043756214776
3018534,492.50183700336794
3018535,238.86906907765555
3018536,5.434574294669254
3018537,6.101844755070635
3018538,389.17210096689894
3018539,69.55450125346438
3018540,1369.267025881536
3018541,1.0060782435103595
3018542,8.42138781270621
3018543,4.299592748029923
3018544,0.0256457322150019
3018545,0.4902203771333898
3018546,1529.2735766283738
3018547,0.0
3018548,178.71958273723328
3018549,3.7960501685671777
3018550,847.3447727516544
3018551,191.46135160191662
3018552,212.9074112075039
3018553,43.96317939523207
3018554,36.92611062473234
3018555,2421.563259364144
3018556,5.44726209902415
3018557,0.42837355288245305
3018558,11.078466740766201
3018559,7.554114352059498
3018560,0.0
3018561,165.0402830399549
3018562,0.19065625933636224
3018563,0.340502567357557
3018564,2.18159363940166
3018565,28.672127762892167
3018566,0.9038461849996147
3018567,62.173403432003305
3018568,157.0129599181862
3018569,0.26894510351346174
3018570,2.8767279297100345
3018571,99.05952794805064
3018572,50.25690649639519
3018573,474.25434689370235
3018574,0.2031228836779804
3018575,1.3957000227427612
3018576,4.79679672807008
3018577,0.1730755476763104
3018578,5.721879107001276
3018579,3236.8152211027696
3018580,0.16277902751737955
3018581,584.4273440140424
3018582,17.57900175896352
3018583,1059.1774338155083
3018584,856.2384734678487
3018585,356.3503412235254
3018586,225.09511391737027
3018587,124.4194520566883
3018588,3915.7008374179236
3018589,27.19082078656389
3018590,1.215289481845109
3018591,21.831298251759996
3018592,27.567550251900734
3018593,0.27768719598486874
3018594,274.2460150662485
3018595,15.805459108621564
3018596,15.321383789865704
3018597,7.840401072950075
3018598,122.6528732969988
3018599,8.336858892724353
3018600,680.7015751477696
3018601,265.66733494255175
3018602,7.991827078991245
3018603,11.74534448297807
3018604,709.6739417662068
3018605,102.36183274375111
3018606,2216.814245115278
3018607,0.3934437025624872
3018608,62.50602314476491
3018609,5.110090173694167
3018610,0.21266024168804212
3018611,5.140344656381779
3018612,3447.9657896811423
3018613,0.2147520061658445
3018614,582.584857645414
3018615,18.790610982199965
3018616,1128.3157424148012
3018617,1015.5084547311013
3018618,356.31828539055056
3018619,255.55280784033815
3018620,132.59854406909045
3018621,4171.1241868981515
3018622,29.029254245946472
3018623,1.743364376024879
3018624,30.992320158018934
3018625,29.430551710188148
3018626,0.3680700664962191
3018627,282.4932813867928
3018628,16.713726283825356
3018629,18.722139118169373
3018630,8.318189038057058
3018631,130.71675981307882
3018632,10.270558047871758
3018633,725.1579957165106
3018634,300.4080866657488
3018635,7.292291416956288
3018636,12.59862432727486
3018637,765.8901972231185
3018638,109.10246130429975
3018639,2891.5203406289565
3018640,0.45572674868496843
3018641,52.008399757107966
3018642,5.209976129387257
3018643,0.29536703526785
3018644,6.9529270572508945
3018645,3789.61140523672
3018646,0.3568261404230954
3018647,661.9319980993947
3018648,23.058697556514524
3018649,1153.02437212713
3018650,1153.7180708195551
3018651,411.74306509221174
3018652,285.9953101913846
3018653,148.05344901765702
3018654,4704.06570359537
3018655,31.741199608465664
3018656,2.1104183020280303
3018657,37.73625223947144
3018658,35.04556806899288
3018659,0.5280758695853588
3018660,321.0384576730927
3018661,19.753301218871194
3018662,20.652965293737367
3018663,12.09131148612325
3018664,189.11191802084272
3018665,12.207642736028363
3018666,799.2113288221431
3018667,337.4428372204753
3018668,12.370197323982255
3018669,16.88055127411425
3018670,823.4175991024108
3018671,122.48567146835236
3018672,3647.442905153892
3018673,0.5607373021179989
3018674,69.46032659275754
3018675,7.319211578592597
3018676,0.20745802666756852
3018677,5.019847408553293
3018678,3006.6789987616694
3018679,0.07051943699111284
3018680,444.7459586108415
3018681,13.55262042556254
3018682,1436.0791305363832
3018683,686.5016976285308
3018684,444.12563719108095
3018685,124.04580450306037
3018686,68.06831124814026
3018687,4317.808197518406
3018688,16.691610807672944
3018689,1.3356466803319507
3018690,25.80975717177976
3018691,22.576740966471192
3018692,0.21031079135366681
3018693,298.05887847211085
3018694,9.968840212337376
3018695,4.443826601483089
3018696,7.141965904878906
3018697,71.82709383159765
3018698,3.7703836950660823
3018699,251.64995571131348
3018700,310.46672571875456
3018701,4.766662036149212
3018702,10.553536784938355
3018703,438.4508679514593
3018704,103.32889826471303
3018705,1130.1444913778985
3018706,53.783415572586264
3018707,11.274630296966384
3018708,5.150308844995591
3018709,0.0
3018710,4.858636935155313
3018711,2510.1238742472274
3018712,0.0
3018713,354.0235966047981
3018714,13.468946673938554
3018715,730.5359528449723
3018716,667.0007578448412
3018717,199.41824667038884
3018718,108.72469218256057
3018719,78.02263313122667
3018720,2882.7994130197967
3018721,17.90247795005835
3018722,1.1077223174608013
3018723,23.507942710283956
3018724,29.63627916603701
3018725,0.0857628782677109
3018726,185.69229802856484
3018727,12.847143524764032
3018728,12.035407826571904
3018729,5.10614881690454
3018730,103.99705209585028
3018731,7.20488217408225
3018732,229.4015102368608
3018733,183.5080198470951
3018734,6.554524585689782
3018735,8.728736956153398
3018736,283.594332565667
3018737,67.50152463348219
3018738,2019.4837627120103
3018739,0.2589191030564792
3018740,17.688479971142314
3018741,3.062805568341758
3018742,0.0
3018743,1.2975531083585594
3018744,1577.7153513261305
3018745,0.0
3018746,156.93902699519947
3018747,4.344179681005794
3018748,711.7644256670064
3018749,379.6889700421675
3018750,198.2400756128176
3018751,63.72927348772951
3018752,69.57520796842992
3018753,3116.0155199135866
3018754,5.224169270583742
3018755,0.34460179554843723
3018756,9.093336334021423
3018757,6.967147020343621
3018758,0.0
3018759,185.88021836408302
3018760,3.8170029032676505
3018761,0.8214359855611298
3018762,2.1435441921357477
3018763,14.939919622059877
3018764,1.0613724816305803
3018765,162.0534103670537
3018766,192.61317287519645
3018767,1.2843008464130774
3018768,4.018042641796229
3018769,152.5978559010555
3018770,36.55737670974392
3018771,314.3981853007084
3018772,15.4548715349037
3018773,4.925557953432836
3018774,15.311554210571435
3018775,0.5930744454953222
3018776,8.822890094220291
3018777,4090.793515313519
3018778,0.33267707288608206
3018779,432.8313367903447
3018780,10.607215219192174
3018781,1659.3396997617851
3018782,826.4651661451192
3018783,426.2444216787684
3018784,129.38326446643882
3018785,176.81839590541662
3018786,6159.160640345424
3018787,12.184024055015376
3018788,0.962417648784579
3018789,35.84874829502181
3018790,28.951498891627654
3018791,0.5163421916450666
3018792,374.4517458622726
3018793,7.473584980650763
3018794,2.3607508930614642
3018795,5.801068745926124
3018796,102.78073074778509
3018797,3.7255377629843154
3018798,349.69042155175293
3018799,388.9922888514804
3018800,2.6798644408771732
3018801,8.758395278228667
3018802,285.64517609817995
3018803,72.03639161899017
3018804,950.9681818670392
3018805,53.83827503072362
3018806,20.445805036186744
3018807,4.075764400280168
3018808,0.07442620315469503
3018809,1.3031564719798585
3018810,1983.5444437256938
3018811,0.0
3018812,163.0073269077816
3018813,5.995431522539798
3018814,843.7963880981347
3018815,435.75398112136253
3018816,229.02837499057216
3018817,68.8237635033247
3018818,70.56487514304477
3018819,2902.047980701661
3018820,6.884228886228668
3018821,0.6215674408258275
3018822,20.6059564129581
3018823,17.471232016185343
3018824,0.047280704921524135
3018825,209.54731219443352
3018826,3.2076302444093567
3018827,0.7095167232234689
3018828,12.909709073526987
3018829,41.87404816911897
3018830,1.825936996050324
3018831,175.996178042521
3018832,214.14670677610377
3018833,1.4175450572005872
3018834,4.835655458060229
3018835,162.123206066119
3018836,42.676773202586304
3018837,348.381012719243
3018838,7.6892864046273335
3018839,7.36833689834771
3018840,4.408304758591727
3018841,0.037377658141720775
3018842,3.282241298263351
3018843,1863.5662302295912
3018844,0.0
3018845,153.09205081261607
3018846,4.83801298529454
3018847,753.4828450548878
3018848,401.97086506477274
3018849,215.1217106313863
3018850,62.00281236203115
3018851,63.7297906117883
3018852,2769.502832956551
3018853,6.406072063002961
3018854,0.5147160967284508
3018855,19.299740238512143
3018856,9.938442153103713
3018857,0.0
3018858,196.41601001164955
3018859,2.416683457075635
3018860,0.6058392301644422
3018861,2.8602339895642137
3018862,22.59211007754504
3018863,1.6545516803566618
3018864,151.09363308155463
3018865,201.13973300931485
3018866,1.3227085303019264
3018867,4.481738985627558
3018868,135.47656386836303
3018869,38.49922553255199
3018870,283.8018336002932
3018871,9.463725780480747
3018872,6.862418215512687
3018873,3.8808698874886116
3018874,0.07112067554724402
3018875,3.5163199178804545
3018876,1974.551821490167
3018877,0.0
3018878,163.64966092039242
3018879,5.238004189109628
3018880,805.1762041158418
3018881,425.0367432136138
3018882,207.72786511211538
3018883,63.52491303099302
3018884,75.37225052175961
3018885,3233.155633268344
3018886,6.913498765801298
3018887,0.6039897456960261
3018888,16.48952440378049
3018889,18.369486307166746
3018890,0.03997898213316084
3018891,209.94195928511607
3018892,1.5223000985180692
3018893,0.715863234637355
3018894,3.071244575082285
3018895,24.208522465497136
3018896,1.9476511370766232
3018897,148.00857426264048
3018898,242.00737977209917
3018899,1.4254038737029835
3018900,4.85732009197048
3018901,144.8272496602173
3018902,44.38981188923205
3018903,413.8363803916592
3018904,10.180647493719158
3018905,7.401111454949174
3018906,3.8808698874886116
3018907,0.35928775039640903
3018908,1.3729494419365422
3018909,1991.8175125818973
3018910,0.0
3018911,193.70332777610417
3018912,5.286297209837317
3018913,941.5874991318693
3018914,432.91383867821435
3018915,231.71707513319444
3018916,92.99670672863428
3018917,66.65289983910574
3018918,3343.246261240969
3018919,6.9747630337209285
3018920,0.6164074209151502
3018921,16.624923794185477
3018922,18.369486307166746
3018923,0.04803023138179053
3018924,211.45463855174498
3018925,5.235550451751954
3018926,0.7291470055750031
3018927,3.102763101311425
3018928,49.667291128991714
3018929,1.9704710924895026
3018930,146.65663464142952
3018931,208.9494986423384
3018932,1.4441807254002363
3018933,4.902665954530827
3018934,163.6220371205092
3018935,41.70607268300544
3018936,600.3531699617595
3018937,7.790851638031091
3018938,5.971582705338747
3018939,3.6953863630664516
3018940,0.02221463812345875
3018941,1.1314431349026488
3018942,1721.6324379030684
3018943,0.0
3018944,176.68807923483075
3018945,4.51375650403482
3018946,782.2729957172095
3018947,358.90588921447306
3018948,187.93609916288236
3018949,91.48667274029826
3018950,59.34156970663208
3018951,2615.6228223780563
3018952,5.9947220243589365
3018953,0.43749756476502516
3018954,9.413609231164093
3018955,9.48465036777805
3018956,0.0
3018957,187.52936604299558
3018958,0.9301512214726485
3018959,0.5786935273481721
3018960,2.5985630299136564
3018961,37.044685906019694
3018962,1.6481265539128236
3018963,98.90548342311887
3018964,179.8145938248975
3018965,1.230268975213245
3018966,4.177270770304782
3018967,118.27995265864521
3018968,36.1897707821172
3018969,194.5112430978317
3018970,0.11980219416754079
3018971,2.2526159672355326
3018972,6.10039340065145
3018973,0.49486818556667345
3018974,6.446217959007433
3018975,3122.347880157593
3018976,0.2810842705442127
3018977,338.06338717950655
3018978,8.3397967243598
3018979,1293.9336174825175
3018980,756.9668078120092
3018981,384.9823663444846
3018982,156.68899627788576
3018983,183.35401059067328
3018984,4699.634495955021
3018985,10.848416193770746
3018986,1.2048054435124698
3018987,33.8592293657122
3018988,29.25234452370499
3018989,0.4423725792537448
3018990,313.6202550549004
3018991,2.178009871594669
3018992,0.8088648648877887
3018993,20.24020323115401
3018994,36.743237806771425
3018995,3.40002571412649
3018996,212.68267387440108
3018997,306.99672558034314
3018998,2.7455486696494305
3018999,7.7698208192965685
3019000,276.8257572987164
3019001,61.99605343042128
3019002,843.7943323616576
3019003,24.314308753876915
3019004,11.468229136477062
3019005,2.6512674464757526
3019006,0.0906715354894347
3019007,4.182917187228316
3019008,1966.8914316980954
3019009,0.0
3019010,141.70650025328072
3019011,3.8028459568489517
3019012,616.5468617726391
3019013,452.76386473023655
3019014,214.6136217028127
3019015,72.7063301091289
3019016,125.21612779587059
3019017,2891.687883901152
3019018,5.092864704741865
3019019,0.3521387180585653
3019020,16.21646273400008
3019021,13.881789666561865
3019022,0.0
3019023,181.1113608217613
3019024,2.331976609736031
3019025,0.6046061035024493
3019026,1.9257534210358727
3019027,50.70264363149987
3019028,1.4269359674545854
3019029,108.88300886566553
3019030,179.44856733663823
3019031,1.5029683714491808
3019032,3.5097446665398757
3019033,125.65425116591295
3019034,31.394745779274842
3019035,561.1555008595191
3019036,44.40531794527255
3019037,15.114920840669006
3019038,4.9491816414680905
3019039,0.28049610165177696
3019040,5.76347577025973
3019041,2466.4410835008307
3019042,0.044739149199065964
3019043,269.4527417095249
3019044,6.449856654016881
3019045,930.9020063067194
3019046,532.49210572493
3019047,271.1199853520715
3019048,100.57774966371194
3019049,87.2103829522975
3019050,3757.5222479733934
3019051,8.450848324193553
3019052,1.0664873422718426
3019053,26.805344110618456
3019054,11.79904152868727
3019055,0.20855261686359677
3019056,225.67871124969082
3019057,4.598112448616158
3019058,1.1068847437740819
3019059,3.8165628375290392
3019060,29.105763499707297
3019061,2.517664885079496
3019062,169.44324804836086
3019063,237.23691941868782
3019064,1.9770448568373005
3019065,5.725536246636301
3019066,173.15700170814003
3019067,49.2485848114211
3019068,632.646261402691
3019069,9.389771680521447
3019070,8.001287861770741
3019071,9.146982318540445
3019072,0.23184245771980785
3019073,9.17341547640116
3019074,3992.913159071197
3019075,0.22155301161219026
3019076,681.9161024398468
3019077,22.871345288264834
3019078,1061.5727581160968
3019079,1109.2982889273678
3019080,349.12525569798925
3019081,182.75691048541506
3019082,129.37414564953312
3019083,4956.560431719749
3019084,31.144910610205123
3019085,1.7731356083494711
3019086,31.797518289230812
3019087,49.59885379356671
3019088,0.45949121352661293
3019089,329.9142791177216
3019090,24.542388138743576
3019091,20.50624563168317
3019092,11.88064076542981
3019093,155.74480554876635
3019094,12.536685139619188
3019095,379.12400831557267
3019096,403.1385830146863
3019097,10.704944152750155
3019098,14.353682188041557
3019099,502.95600510202917
3019100,121.19681379309598
3019101,3224.6139313188196
3019102,0.7902525733925372
3019103,34.09334752099651
3019104,6.033772515468913
3019105,0.56060512955825
3019106,9.925759055781285
3019107,3109.5269927822405
3019108,0.2851998506169683
3019109,421.55227934680715
3019110,8.252164182035473
3019111,1275.8340484023254
3019112,681.6997049705228
3019113,370.59876317827866
3019114,131.2550983876607
3019115,157.77330908433808
3019116,4572.499348873341
3019117,10.737246019063551
3019118,1.0972535824455087
3019119,16.474188833653674
3019120,26.902137295026886
3019121,0.43399710858145224
3019122,288.99922954441297
3019123,5.20758675161524
3019124,2.672477423083285
3019125,11.415632383976487
3019126,102.11238311573078
3019127,2.7728616421156174
3019128,210.67775272730307
3019129,341.8304396878849
3019130,3.077056650628047
3019131,7.225046111028005
3019132,251.59098475767433
3019133,61.4049801467697
3019134,1024.308106968395
3019135,16.230548006888714
3019136,24.651238757023414
3019137,6.033772515468913
3019138,0.56060512955825
3019139,7.5848534080645305
3019140,3060.417923127599
3019141,0.2851998506169683
3019142,359.0950597226313
3019143,8.252164182035473
3019144,1255.675363920263
3019145,633.0744626812801
3019146,343.54576730999855
3019147,149.74379085826922
3019148,141.86128073961038
3019149,4559.616533174139
3019150,10.737246019063551
3019151,1.0972535824455087
3019152,26.685279679628458
3019153,28.679271498824463
3019154,0.43399710858145224
3019155,284.42071522946185
3019156,5.20758675161524
3019157,2.323732207067514
3019158,6.461850760324912
3019159,102.11238311573078
3019160,2.7728616421156174
3019161,210.67775272730307
3019162,309.1578291891423
3019163,2.940949758106042
3019164,7.225046111028005
3019165,215.28995671828685
3019166,61.4049801467697
3019167,1024.308106968395
3019168,0.8464179853396103
3019169,12.498110794795936
3019170,4.168303163770641
3019171,0.12622237350270424
3019172,1.7716168082153487
3019173,1928.681804483282
3019174,0.0
3019175,225.99236970785506
3019176,5.676893538135579
3019177,627.1966479778249
3019178,384.2382634063479
3019179,183.3614055521611
3019180,78.6311892967899
3019181,67.26952184358288
3019182,2645.545972280034
3019183,7.470271447663802
3019184,0.8226455337862116
3019185,20.38186457644798
3019186,10.376013952145207
3019187,0.06775483845111685
3019188,189.51727667244467
3019189,1.8137735535884838
3019190,1.3355345246538224
3019191,4.555445375908185
3019192,43.889707344094184
3019193,2.3764876733348173
3019194,151.75883474876358
3019195,181.25754871845473
3019196,1.8440158925310208
3019197,5.043631883785971
3019198,155.08726628305868
3019199,44.03502104928888
3019200,592.5001012647824
3019201,30.434833598965405
3019202,3.4187858620360125
3019203,4.497300212610538
3019204,0.12534201846284243
3019205,2.552427386334541
3019206,2480.544317627308
3019207,0.18875897862844404
3019208,336.9730400430931
3019209,7.557885559867778
3019210,767.3827563117587
3019211,594.3402507346455
3019212,207.2632505958706
3019213,104.56521496228015
3019214,63.71451498252978
3019215,3047.890127604449
3019216,10.626379834451818
3019217,0.7626629520092632
3019218,14.133187567278403
3019219,25.64679535470125
3019220,0.2771653436240139
3019221,187.47059084999083
3019222,5.318398643289694
3019223,2.141081160603844
3019224,4.2993383981838305
3019225,104.35728340517471
3019226,4.911925468763645
3019227,224.72766844334416
3019228,227.55094067997123
3019229,3.9448910293878203
3019230,6.157476288995701
3019231,199.05964668653672
3019232,56.722135919164
3019233,885.321425053482
3019234,0.4324784104176715
3019235,5.692054641592316
3019236,6.148275342859364
3019237,0.5319907572167747
3019238,9.915392674907476
3019239,3951.586968086142
3019240,0.6545992956995097
3019241,671.1043921368189
3019242,13.579591691471741
3019243,1057.3723217798922
3019244,977.532433543576
3019245,372.5962229796696
3019246,206.2138545956436
3019247,109.2505050291298
3019248,4504.630312572691
3019249,17.2917848166871
3019250,1.579044284797292
3019251,45.46959061289444
3019252,42.95272391532483
3019253,0.6202846468789509
3019254,301.66004565136245
3019255,9.764302901537773
3019256,21.99972417301723
3019257,8.150016958944331
3019258,183.00126686286757
3019259,10.084668145476991
3019260,346.5300482154237
3019261,367.9563376633139
3019262,11.904155324412809
3019263,11.193792626102844
3019264,339.8304472202914
3019265,97.3379793260585
3019266,2248.29462400481
3019267,1.1059459101824298
3019268,16.464639079151734
3019269,2.146081288932197
3019270,0.0
3019271,0.9112595409201548
3019272,1450.6676750122103
3019273,0.0
3019274,229.4067283668689
3019275,3.2498856313781417
3019276,436.16092639803657
3019277,348.46772990691943
3019278,137.59976594187515
3019279,53.94559967319082
3019280,31.137528065999117
3019281,1642.5975116138486
3019282,4.331973289085441
3019283,0.24658163348399026
3019284,6.721771152141456
3019285,12.470816577669062
3019286,0.0
3019287,83.75612187709078
3019288,0.8431186195446541
3019289,5.86592056847925
3019290,2.498286936437299
3019291,55.39348589051182
3019292,2.631423992668143
3019293,100.30345140233395
3019294,126.03745273293613
3019295,1.9411776157446348
3019296,5.31237514137021
3019297,98.3505477403038
3019298,26.61356405708028
3019299,45.41651898324178
3019300,0.0026686193129714206
3019301,4.044975529062493
3019302,3.1514058130715488
3019303,0.0
3019304,1.409855617572221
3019305,1640.9012949292019
3019306,0.0
3019307,240.45893355994525
3019308,4.358566193414721
3019309,505.62861190791244
3019310,317.7175031704506
3019311,91.33928108578236
3019312,58.275753641638765
3019313,39.52134254223105
3019314,1879.3457136020836
3019315,5.123223675635338
3019316,0.5717811672858764
3019317,15.747798969494154
3019318,7.499309149221119
3019319,0.0
3019320,97.1139877256517
3019321,1.6568920580973132
3019322,6.390155590959322
3019323,2.5791836648586237
3019324,55.936480250304044
3019325,1.1621736434768108
3019326,164.2857987898192
3019327,142.67524692601268
3019328,2.7226735255262393
3019329,3.0418885336959405
3019330,134.0691984197014
3019331,30.308793828721857
3019332,480.32877425572843
3019333,0.3059984468788416
3019334,2.8804971342182766
3019335,8.050773097451225
3019336,0.48286346657424006
3019337,3.9234927125617562
3019338,3643.4721903094196
3019339,0.5109736561285856
3019340,655.6585954037855
3019341,12.049802419921178
3019342,938.3619805566259
3019343,931.2313225315576
3019344,366.8832002832241
3019345,198.26920428110554
3019346,91.45453239291568
3019347,4828.503171835157
3019348,14.339235057579257
3019349,2.094276630352806
3019350,43.56487313748685
3019351,37.996242122319956
3019352,0.7583542599553763
3019353,302.55062948498306
3019354,5.683108115836205
3019355,18.81476643549496
3019356,6.691821385101354
3019357,150.50450658451223
3019358,4.497435343017939
3019359,290.43384052304475
3019360,355.933433734741
3019361,8.001681412280705
3019362,9.225544046665902
3019363,284.8156487781596
3019364,81.4648548562456
3019365,1419.6825005839214
3019366,1.5450894408979128
3019367,14.411075994439054
3019368,6.555956060890578
3019369,0.2821382538777387
3019370,3.13974800490077
3019371,3150.1446034774417
3019372,0.3064433569191162
3019373,489.0987842336311
3019374,9.894509521622572
3019375,1180.6963643719741
3019376,805.0414643851526
3019377,317.0853360233971
3019378,180.68023880406054
3019379,164.68658051358358
3019380,4695.777382229995
3019381,11.294946084094484
3019382,1.532989943666716
3019383,36.20458127282397
3019384,29.606293556348156
3019385,0.5573522314344325
3019386,296.5770545981403
3019387,1.6848500389824226
3019388,3.3616597549757117
3019389,5.4214475148439005
3019390,125.48216704292942
3019391,2.881126240528192
3019392,242.3009058937548
3019393,315.0719216875833
3019394,6.235377664004152
3019395,7.536702962652644
3019396,271.92860360638383
3019397,67.84503822518538
3019398,1115.7945869944517
3019399,1.3888600203998023
3019400,13.36600165177759
3019401,6.456233096610258
3019402,0.5108493506885338
3019403,2.7972663035225405
3019404,2858.3213260487037
3019405,0.19836118788316098
3019406,443.7113928327168
3019407,8.362544109356808
3019408,1146.1952015801744
3019409,730.395044915613
3019410,277.33190859090263
3019411,174.44276276469463
3019412,149.342568405069
3019413,4260.815125174871
3019414,9.556804784273917
3019415,1.3563834432132016
3019416,33.53961893514646
3019417,26.77188573967612
3019418,0.4487696733967302
3019419,278.8926320790202
3019420,1.163697277713932
3019421,2.691518938232336
3019422,4.890200620687246
3019423,121.84157542575281
3019424,2.560040339515324
3019425,200.84562741596272
3019426,287.4949669289865
3019427,5.636794260002588
3019428,6.830460807007244
3019429,235.26540637161764
3019430,62.14948240997685
3019431,1164.8695860043345
3019432,1.191229429558907
3019433,12.03558549729762
3019434,17.503279530011373
3019435,1.1280439327697165
3019436,18.969725914000367
3019437,8827.767759474422
3019438,0.7779987730968466
3019439,1455.1193052010774
3019440,50.165148191868504
3019441,2458.489140188025
3019442,2401.5080975892965
3019443,672.7016467916601
3019444,406.7219330615071
3019445,286.5096971492811
3019446,9824.964394390237
3019447,69.9661794299992
3019448,4.09147290970616
3019449,57.1525355288035
3019450,107.45211367116494
3019451,2.0401791911071365
3019452,777.5005441696374
3019453,50.47192900688509
3019454,45.09586227788918
3019455,32.65554524421642
3019456,334.9622638507436
3019457,28.014137780318798
3019458,813.7467594260179
3019459,995.1714455520645
3019460,24.088037348587093
3019461,34.6125192096767
3019462,1105.2679127147467
3019463,279.02582185193796
3019464,6995.18341697635
3019465,2.175448513040047
3019466,76.62648036646468
3019467,3.5001749848498083
3019468,0.0
3019469,1.291822507224724
3019470,1862.3017246945801
3019471,0.0
3019472,183.33398653331557
3019473,4.65072017593376
3019474,576.3470542340841
3019475,368.7635195632506
3019476,157.06928260833394
3019477,123.21901019146559
3019478,73.57344621571819
3019479,2329.330631407646
3019480,4.857609816311637
3019481,0.4221843239695874
3019482,17.607160418085993
3019483,7.962699341108079
3019484,0.0
3019485,134.38639780027756
3019486,1.0330444728314647
3019487,0.9853053281667097
3019488,2.8319573167228995
3019489,26.7445570850577
3019490,1.148645874312391
3019491,105.07712058049194
3019492,118.50740886418731
3019493,2.174793932204521
3019494,3.7260383878772476
3019495,124.5200067075674
3019496,35.30017756627573
3019497,547.502906728433
3019498,0.3545538955962805
3019499,4.689121984683441
3019500,5.520122238590638
3019501,0.38812545969148504
3019502,2.3205293008749908
3019503,2836.401271307469
3019504,0.10026110813194028
3019505,326.74382469065796
3019506,7.1871008143449275
3019507,1187.9542948626301
3019508,644.4392872236727
3019509,269.8189765322055
3019510,188.30562191325288
3019511,118.31305573744936
3019512,4411.530815227224
3019513,7.872013674603698
3019514,0.7605426913768144
3019515,30.25918934345725
3019516,23.57166670030163
3019517,0.31675421212942484
3019518,277.0513487785879
3019519,1.8815353481615216
3019520,1.753654083639513
3019521,6.644350139054278
3019522,52.95177477539964
3019523,1.7555470783131464
3019524,204.78089879220667
3019525,274.1009899372377
3019526,3.5998310265706635
3019527,5.847366623958047
3019528,161.96513522305588
3019529,53.73206245909603
3019530,1138.7873092111934
3019531,1.0310787709294438
3019532,8.320236523001338
3019533,2.4786723934911183
3019534,0.0
3019535,0.73701834944017
3019536,1319.46721368795
3019537,0.0
3019538,136.46101398423275
3019539,3.368053319157788
3019540,455.60159692856706
3019541,266.53668971989555
3019542,82.40855540972231
3019543,146.14500055519198
3019544,51.01055467979295
3019545,2009.6028805113297
3019546,3.282243442570031
3019547,0.21855971589358564
3019548,7.451650286197079
3019549,5.657816485872621
3019550,0.0
3019551,113.00632613021489
3019552,0.6078984248654018
3019553,0.5346573990999698
3019554,1.450601767690967
3019555,34.96245432325351
3019556,0.6609209889665112
3019557,106.07778036425003
3019558,116.24695554528851
3019559,1.1616147572129931
3019560,2.6532666675930483
3019561,104.01356057212362
3019562,21.95503126016849
3019563,308.2757373110101
3019564,0.12550069380915696
3019565,3.0859143269707205
3019566,4.946381185773683
3019567,0.1813330510783069
3019568,1.7707047453089078
3019569,2312.8146272119434
3019570,0.010227424196799301
3019571,256.21920615273257
3019572,5.967448595493192
3019573,789.8265477112081
3019574,507.6615480992783
3019575,220.33646703927545
3019576,148.21620867745168
3019577,100.28642187263033
3019578,3593.393803885172
3019579,4.2319826437466865
3019580,0.7213397034673139
3019581,26.734480367798472
3019582,10.051183741497534
3019583,0.20640792950451545
3019584,230.75701471810788
3019585,1.3509176931076021
3019586,1.2780444500101016
3019587,6.226958268996516
3019588,30.73857671635193
3019589,1.988782443763779
3019590,169.7989522781903
3019591,239.8897583933741
3019592,2.4479752429040724
3019593,4.827297849237587
3019594,171.00918072890968
3019595,45.57849467798282
3019596,810.5102416298321
3019597,0.516264565171331
3019598,4.5617069650992255
3019599,4.6408952077475325
3019600,0.29197442391443934
3019601,5.24936361447906
3019602,2770.450903882287
3019603,0.10484337436243567
3019604,430.3623077190863
3019605,6.620006379317918
3019606,1024.4192005775083
3019607,599.8785253103017
3019608,210.26712221889466
3019609,149.8620592514548
3019610,109.77271259768742
3019611,4032.6230084280905
3019612,5.86273870626568
3019613,1.1593481874920106
3019614,28.193395298238958
3019615,28.176473103006735
3019616,0.30799326047260145
3019617,232.98147212953967
3019618,3.4647682103673905
3019619,3.4332599348248216
3019620,5.101654142267756
3019621,93.68333381629184
3019622,2.2687060371862375
3019623,185.79565239741814
3019624,262.45102809329427
3019625,2.904588711661132
3019626,5.373071315387694
3019627,182.19465057005254
3019628,49.940946563256375
3019629,763.395333091056
3019630,1.3865201833491048
3019631,6.386594789741405
3019632,3.823268777559729
3019633,0.0
3019634,1.093099282925061
3019635,1806.780172568639
3019636,0.0
3019637,149.93815118760853
3019638,4.019364519173832
3019639,548.4668420770134
3019640,293.7886432851106
3019641,122.39864383547477
3019642,131.52722874176308
3019643,64.87986496768323
3019644,2406.743981937892
3019645,4.254009474269569
3019646,0.3622825617357569
3019647,15.267437037567015
3019648,6.961295846922149
3019649,0.0
3019650,147.0447189648192
3019651,1.1259582034363855
3019652,1.2806897085459552
3019653,1.4595969837256688
3019654,41.6864993108276
3019655,1.1531251143297003
3019656,147.30893557126456
3019657,142.8828878082754
3019658,1.697076798961402
3019659,3.0027430984874925
3019660,113.30093297779992
3019661,32.55524484162268
3019662,502.5138584598874
3019663,0.23470280442953992
3019664,1.310682582103569
3019665,3.9658359656371194
3019666,0.02792308513410089
3019667,5.032014013725943
3019668,3015.276625471961
3019669,0.011087969288703857
3019670,347.5688395481905
3019671,6.26859787341255
3019672,1011.8199904209118
3019673,643.8079072621786
3019674,242.45893966590063
3019675,132.24100690778704
3019676,106.08125797882988
3019677,4031.879182065559
3019678,6.890864387012687
3019679,0.7799975151473572
3019680,26.31830451283857
3019681,22.166169727361424
3019682,0.1312601683732953
3019683,241.37353085455533
3019684,1.54342820470593
3019685,6.810567763955204
3019686,2.46002830066135
3019687,101.05608197718718
3019688,2.0149842615208016
3019689,177.18127888498154
3019690,261.93924554522636
3019691,2.7525358574643612
3019692,5.079167169185501
3019693,173.74634288603198
3019694,49.05554066125096
3019695,1140.454608428674
3019696,0.6778502367208417
3019697,6.186385532964294
3019698,8.728213918873005
3019699,0.2895350232441472
3019700,7.901626883506707
3019701,3636.5413612719053
3019702,0.2661459937711068
3019703,550.0301283547543
3019704,13.974285445211198
3019705,1188.4322804284943
3019706,836.4587397052471
3019707,303.5683415876604
3019708,165.075183685794
3019709,94.52427423816397
3019710,4593.082433063163
3019711,25.058256792249132
3019712,1.560273583537787
3019713,26.757884385417967
3019714,31.433941265054628
3019715,0.38184867261467503
3019716,312.522814164152
3019717,16.883552840902848
3019718,16.927213026433705
3019719,4.899000350871965
3019720,127.6492411819413
3019721,9.687684222867714
3019722,244.5992406057654
3019723,358.601922114492
3019724,8.977764888597259
3019725,11.52389883797518
3019726,253.96160280515699
3019727,77.01193648101017
3019728,1638.6123186016143
3019729,0.9985835810317454
3019730,10.397448403735051
3019731,8.728213918873005
3019732,0.2895350232441472
3019733,4.711440460683802
3019734,3387.1294254871364
3019735,0.2661459937711068
3019736,550.0301283547543
3019737,13.974285445211198
3019738,1076.374058427018
3019739,886.4451454450553
3019740,303.5683415876604
3019741,158.108973465919
3019742,94.52427423816397
3019743,4924.438058034947
3019744,23.93708565081701
3019745,1.560273583537787
3019746,37.24716362082878
3019747,39.588842395722104
3019748,0.38184867261467503
3019749,323.9874151871295
3019750,16.883552840902848
3019751,13.205709271310088
3019752,6.801932986588414
3019753,151.61161584044936
3019754,9.687684222867714
3019755,244.5992406057654
3019756,386.0515397237458
3019757,7.6779766828673575
3019758,14.489510309014026
3019759,253.96160280515699
3019760,77.01193648101017
3019761,1852.1082438603926
3019762,0.9985835810317454
3019763,11.991647085656544
3019764,8.728213918873005
3019765,0.36548320934448225
3019766,7.574632040068219
3019767,3781.891783536723
3019768,0.2661459937711068
3019769,537.6858069317119
3019770,13.974285445211198
3019771,1416.568671918156
3019772,886.4451454450553
3019773,303.5683415876604
3019774,191.03533640543662
3019775,178.68035892937047
3019776,5374.546157276345
3019777,23.93708565081701
3019778,1.5929272458184092
3019779,37.24716362082878
3019780,31.433941265054628
3019781,0.38184867261467503
3019782,323.9874151871295
3019783,8.013306653315707
3019784,12.43188769108676
3019785,11.92445514487066
3019786,123.2259626000756
3019787,5.317160396777884
3019788,244.5992406057654
3019789,368.98845170867565
3019790,7.6779766828673575
3019791,11.52389883797518
3019792,244.7698025124596
3019793,77.01193648101017
3019794,1571.0520139458263
3019795,13.850989321875568
3019796,14.609677970124052
3019797,6.73177547816138
3019798,0.04255219891415039
3019799,6.6323743982403744
3019800,3335.54493830491
3019801,0.0647399156979877
3019802,529.2647614218167
3019803,15.865024048919148
3019804,944.4593263524897
3019805,896.7397775920101
3019806,295.70784576945255
3019807,148.30070905216348
3019808,104.92772993476224
3019809,4181.293739497659
3019810,24.338267026188817
3019811,1.286793940598368
3019812,29.461417940099874
3019813,25.605379152050535
3019814,0.21459916984076396
3019815,284.87122618378396
3019816,20.90509648453274
3019817,16.71540111928985
3019818,3.9399630550974587
3019819,126.68813260616531
3019820,9.998425497153981
3019821,307.8470731214759
3019822,301.32676382648657
3019823,8.492648906466497
3019824,12.04111214804011
3019825,404.56043580918663
3019826,90.82446489026944
3019827,2971.0542410119997
3019828,0.46904766211574717
3019829,25.09250288726578
3019830,6.788171711163267
3019831,0.14690060131663163
3019832,5.618070041730012
3019833,3579.414356733286
3019834,0.013645720902610726
3019835,461.20929498000316
3019836,10.988049118967993
3019837,1335.0699410892698
3019838,776.3751686329288
3019839,308.31206461994435
3019840,142.76451203584324
3019841,126.89939636524745
3019842,5279.47837222322
3019843,15.40225833934024
3019844,1.0758345564143266
3019845,21.600484867605775
3019846,26.36010035771439
3019847,0.10627447452480486
3019848,333.72868368731844
3019849,1.8174833717356922
3019850,2.107254412903465
3019851,7.562603595013423
3019852,73.44287729591477
3019853,3.5975211617621463
3019854,207.12831251135412
3019855,322.1294988685395
3019856,4.99874169279922
3019857,9.026329134699829
3019858,203.11606477399607
3019859,61.454461003963615
3019860,1409.5894673481175
3019861,0.6000174582910525
3019862,8.666841791831946
3019863,8.400666580063657
3019864,0.25817710417519824
3019865,4.79669505933103
3019866,3493.9760710894307
3019867,0.26290557426753386
3019868,546.6180269147137
3019869,13.935962086888026
3019870,1041.8016466650613
3019871,860.1708425430957
3019872,320.1601922639235
3019873,163.05438628806877
3019874,100.7121062948379
3019875,4558.41962968894
3019876,19.840716084867992
3019877,1.3360498701832109
3019878,36.4495484154857
3019879,31.651038128749736
3019880,0.37831213779818756
3019881,299.0998406728628
3019882,9.605511093275833
3019883,14.67057644663929
3019884,6.697241970836069
3019885,130.20234828567865
3019886,9.35390168046876
3019887,258.30796195679704
3019888,342.6881062063892
3019889,8.320586200214686
3019890,11.49184670002663
3019891,253.3090852009816
3019892,76.81228225335546
3019893,1854.5840379696797
3019894,0.9934686501727787
3019895,8.795119236212017
3019896,8.400666580063657
3019897,0.25817710417519824
3019898,4.625468636179132
3019899,3493.9760710894307
3019900,0.26290557426753386
3019901,520.9566692290018
3019902,13.935962086888026
3019903,1227.0037291514432
3019904,860.1708425430957
3019905,320.1601922639235
3019906,163.05438628806877
3019907,100.7121062948379
3019908,4677.403239765449
3019909,19.840716084867992
3019910,1.3360498701832109
3019911,23.304320280966003
3019912,31.651038128749736
3019913,0.37831213779818756
3019914,319.8663268421655
3019915,9.605511093275833
3019916,14.67057644663929
3019917,5.305587484138869
3019918,164.4174258975538
3019919,9.35390168046876
3019920,258.30796195679704
3019921,335.6333832181243
3019922,8.320586200214686
3019923,11.49184670002663
3019924,246.4148647909043
3019925,76.81228225335546
3019926,1660.6277494168667
3019927,0.9934686501727787
3019928,11.788628836350483
3019929,6.00773029009497
3019930,0.03668139891826657
3019931,3.027342833373938
3019932,3889.5642828244695
3019933,0.02360706869093012
3019934,429.07737507151313
3019935,8.964720229723302
3019936,1186.8184782559001
3019937,766.804815379216
3019938,274.45127085918085
3019939,140.98211534676005
3019940,157.36313017128919
3019941,4885.85889075467
3019942,7.575907598257864
3019943,0.8373321006035059
3019944,29.76050818693862
3019945,24.213210503905884
3019946,0.10003552070394196
3019947,258.5630546717767
3019948,1.5065795755703262
3019949,6.162382703939797
3019950,3.1203421644758125
3019951,102.71797229232371
3019952,4.137963809598215
3019953,172.00065969688
3019954,301.56765167338847
3019955,4.229120110402919
3019956,7.334097046726845
3019957,168.66559443327043
3019958,52.54000857439021
3019959,1494.275100053919
3019960,1.139165352453749
3019961,5.521393995196795
3019962,29.28128062692017
3019963,0.4452039114025219
3019964,24.739770772782844
3019965,11167.58224303247
3019966,0.7458629669921644
3019967,1892.0476696083615
3019968,56.03539321001286
3019969,3319.477653598442
3019970,2782.340993886466
3019971,1052.0195232793903
3019972,407.78228106774293
3019973,312.56707898577645
3019974,13033.276852491535
3019975,86.63924614242023
3019976,3.8270833989437487
3019977,89.25884113474675
3019978,137.55020123829826
3019979,1.6613999894327256
3019980,995.2090566646061
3019981,70.4520990136233
3019982,45.79815239670914
3019983,88.75564865271562
3019984,495.7908108373932
3019985,29.978683575359707
3019986,804.089396655239
3019987,1371.4402471012759
3019988,41.15304622643245
3019989,51.530633940736166
3019990,1121.2585515065907
3019991,270.71488009101836
3019992,7483.959230335415
3019993,307.95908458425623
3019994,76.54727725184082
3019995,26.822699644282203
3019996,0.3557420619370875
3019997,22.64992154549602
3019998,10506.887187724737
3019999,0.6218334877477761
3020000,1754.881032339459
3020001,51.98348864929936
3020002,3214.156503782378
3020003,2531.5020958573705
3020004,966.5233447597916
3020005,374.5926562742967
3020006,287.108114199115
3020007,12262.213697065017
3020008,79.52368895865527
3020009,2.6450610217622694
3020010,98.72567198568503
3020011,124.00689704625324
3020012,1.4723289907397081
3020013,914.3254021183075
3020014,63.467644978531446
3020015,41.99854269979109
3020016,51.48983677502915
3020017,384.9105536674833
3020018,27.463479438391044
3020019,812.1710399210914
3020020,1398.1595541190457
3020021,35.2807537875811
3020022,47.265595773962104
3020023,1030.1407561157293
3020024,251.41172989091913
3020025,6091.602286690261
3020026,376.31853338099836
3020027,74.40211606252078
3020028,23.230884028748108
3020029,0.23537041221296187
3020030,18.854762509926
3020031,8261.62001296122
3020032,0.3650057312521226
3020033,1464.237247197071
3020034,42.378881669059815
3020035,2539.732379787972
3020036,2182.897736213752
3020037,833.3416756934712
3020038,239.83341521343024
3020039,234.88117944560133
3020040,10527.825945221259
3020041,64.9267191334685
3020042,2.402294830725041
3020043,56.832735987359015
3020044,77.73292603371762
3020045,1.0808198051126388
3020046,788.3288921083267
3020047,62.605599823856856
3020048,34.203961522094275
3020049,50.450364064181514
3020050,446.0841653791653
3020051,20.46031457265337
3020052,762.828584959348
3020053,1032.7530724749665
3020054,29.535463244730547
3020055,40.94434472782611
3020056,817.3880651132993
3020057,174.87557504484437
3020058,4792.486079955731
3020059,325.75325205136835
3020060,53.29088996076152
3020061,25.69190314514115
3020062,0.3608412863533932
3020063,30.09664287320896
3020064,9100.816213118973
3020065,0.503643066753872
3020066,1495.4870875912636
3020067,46.7846745781691
3020068,2721.542785014549
3020069,2428.3171237392316
3020070,918.0819109671377
3020071,314.5886779454635
3020072,258.8385427479157
3020073,11155.188683064207
3020074,71.62259188313986
3020075,2.676612868109488
3020076,69.5640464574758
3020077,85.72946614462128
3020078,1.2921590741246916
3020079,817.337748584956
3020080,69.06572719231943
3020081,37.77946550188511
3020082,51.87334955678579
3020083,414.94127623992506
3020084,22.639939729723494
3020085,766.3263623988826
3020086,1131.4735328803351
3020087,32.63680938975939
3020088,42.52970795573937
3020089,900.5079657525913
3020090,192.73844590743687
3020091,5480.222717877446
3020092,307.3666508413574
3020093,58.80496521616303
3020094,20.194179312196056
3020095,0.1751454447149609
3020096,15.789981404157608
3020097,6926.580013476118
3020098,0.262874583596072
3020099,1084.6333536604054
3020100,37.18399609397383
3020101,2257.185366206453
3020102,1830.0325641428237
3020103,766.6122345241056
3020104,202.63669240794945
3020105,189.63061053066917
3020106,8826.621755456119
3020107,52.27958232291026
3020108,1.8929065170635173
3020109,66.63794119322452
3020110,59.398266910984766
3020111,0.7517893016221165
3020112,637.4463004597905
3020113,52.32846983084179
3020114,28.23869543208972
3020115,20.8074155254642
3020116,271.56607233327327
3020117,13.771664412335374
3020118,660.9746231130437
3020119,918.2655072461429
3020120,23.677653447642786
3020121,22.21176830869949
3020122,689.5663886351829
3020123,130.1920481255287
3020124,3652.0892747750363
3020125,272.95781177139526
3020126,33.55760859173968
3020127,24.904519953333754
3020128,0.4363178763506346
3020129,18.300123670502224
3020130,8466.213193017684
3020131,0.5435445443503149
3020132,1391.1479971183985
3020133,45.6702708391813
3020134,2616.685958930335
3020135,2384.3835113598916
3020136,854.001056908632
3020137,351.1297422628955
3020138,242.77328298739548
3020139,10788.533321212737
3020140,64.12080430474113
3020141,2.4672087416356074
3020142,81.67026391694495
3020143,98.4176525494854
3020144,1.0438334081347844
3020145,807.8736984643712
3020146,43.78004623956864
3020147,34.736904839441806
3020148,60.651604005693386
3020149,385.94073569877594
3020150,21.99220950697285
3020151,687.0628821958567
3020152,1052.5144430324447
3020153,29.162185415127556
3020154,38.03316474561608
3020155,807.3837590292537
3020156,200.5301478469554
3020157,5905.129775580415
3020158,285.86650149310003
3020159,58.95896475973743
3020160,6.871485857409456
3020161,0.05331724005846675
3020162,6.411491669853593
3020163,2998.7400317485417
3020164,0.01658842757537872
3020165,498.9065534836307
3020166,20.18526462667042
3020167,890.3307986533356
3020168,751.8130380312411
3020169,278.7210136544764
3020170,128.2096892973518
3020171,100.13728509972944
3020172,3906.2679844429995
3020173,23.19237661128951
3020174,1.1833766368548593
3020175,20.047044997654893
3020176,29.352406057085762
3020177,0.1823381236771215
3020178,259.58619947329873
3020179,18.14915288387889
3020180,14.2394959480394
3020181,10.23075105623777
3020182,119.06250774275281
3020183,9.50103590286378
3020184,293.8798629569518
3020185,287.68988667876795
3020186,5.886737424538078
3020187,11.451344687044427
3020188,361.85891752157187
3020189,86.67182200974938
3020190,1883.0689831746613
3020191,0.4026118781172281
3020192,16.00611606521717
3020193,17.624036959534024
3020194,0.14024633693140104
3020195,12.854301486005118
3020196,5524.491495767696
3020197,0.3522924256088874
3020198,864.3274629523065
3020199,32.55355940145559
3020200,1756.712685818233
3020201,1530.296943783617
3020202,542.1237990130804
3020203,184.12594786196277
3020204,166.51351792606226
3020205,6925.482627136838
3020206,45.818557857506406
3020207,1.7138754812417747
3020208,45.97567287564401
3020209,51.57897543347912
3020210,0.553597108617114
3020211,507.07693915294624
3020212,27.624354842754947
3020213,22.3671557940374
3020214,7.1754991892421485
3020215,244.7970322580472
3020216,16.12709802292721
3020217,493.68234005432765
3020218,648.9820555146658
3020219,18.95297447070832
3020220,28.509401696784856
3020221,580.1869524225775
3020222,110.91154575085065
3020223,2798.86574722415
3020224,191.5211826297787
3020225,32.93154830948744
3020226,17.239812137766748
3020227,0.08478280229842496
3020228,11.077409497624656
3020229,5524.491495767696
3020230,0.2865146060690191
3020231,871.4302455141601
3020232,30.254133416538973
3020233,1816.4849176092766
3020234,1574.785315433422
3020235,515.7053272663321
3020236,209.65401286939235
3020237,186.47871231222302
3020238,6275.186930298873
3020239,42.61008130734935
3020240,1.7042696016051202
3020241,43.690695695662605
3020242,51.69719365147115
3020243,0.8022345689299802
3020244,428.60123933105945
3020245,12.107122631619845
3020246,31.611916327536484
3020247,6.777828907183019
3020248,200.3293205722848
3020249,15.29400664294223
3020250,459.7817510470424
3020251,586.6235394383061
3020252,22.94864198199243
3020253,20.158669159926674
3020254,540.3582008881875
3020255,103.24224565565638
3020256,3643.0253210677747
3020257,3.7403601310976726
3020258,36.04432951796867
3020259,5.001790148776841
3020260,0.6138641542104487
3020261,14.022478935466262
3020262,4417.769955373388
3020263,0.6600443637590032
3020264,856.7104024775145
3020265,5.515297896776605
3020266,1508.7420482906698
3020267,778.723112750992
3020268,401.3597030519777
3020269,52.23532057345888
3020270,19.470362524090163
3020271,6793.585646660213
3020272,8.027964287970555
3020273,2.394078494590395
3020274,7.75513092603707
3020275,38.32756465209121
3020276,1.221028734487192
3020277,375.74702438885623
3020278,5.523269433236544
3020279,8.146460669766654
3020280,5.877105143704203
3020281,169.22473092940393
3020282,4.61380826247529
3020283,58.781712712130485
3020284,387.821807346296
3020285,4.938269418401671
3020286,44.866040614639374
3020287,96.09172183452601
3020288,59.02001261411825
3020289,1942.7961018975868
3020290,3.2064369144380214
3020291,20.587758759822414
3020292,7.035307929349859
3020293,0.2902268450561198
3020294,9.004719660286494
3020295,3174.6331495004283
3020296,0.37292187335006444
3020297,529.4195979297643
3020298,9.548161165076095
3020299,1218.1175795702452
3020300,655.4669878451311
3020301,328.07362594943913
3020302,122.37216435508148
3020303,78.42193399039695
3020304,4072.560163330824
3020305,13.718250540537053
3020306,1.8365871844879946
3020307,29.122728703706528
3020308,32.90415510748014
3020309,0.37553048834066627
3020310,302.94248867519235
3020311,5.5886897485535165
3020312,10.125333346171336
3020313,5.75366246636231
3020314,132.86207277258114
3020315,5.068877341348637
3020316,152.70703525960147
3020317,334.64915578707905
3020318,7.013295125947996
3020319,8.077942159064666
3020320,141.31046442292796
3020321,77.90202305740098
3020322,1701.831998303896
3020323,1.296853681347283
3020324,5.280811536234452
3020325,5.9319317509543845
3020326,0.0181471105219783
3020327,0.9193431248518656
3020328,2065.6305175470866
3020329,0.0
3020330,229.1560852191832
3020331,4.89205035303238
3020332,1034.3603004167712
3020333,241.0539830475897
3020334,250.8069064428559
3020335,59.416175941980605
3020336,85.59331507056547
3020337,3427.903263640381
3020338,6.711702046865837
3020339,0.6612064478162235
3020340,24.490693089176403
3020341,9.157038758864235
3020342,0.03207994589755254
3020343,234.07608111048603
3020344,0.6880349556890044
3020345,0.648845205108948
3020346,2.8360906120739156
3020347,21.313583329774936
3020348,1.551019183076243
3020349,75.6342167891226
3020350,225.06687287930777
3020351,0.6170732639931094
3020352,4.0708072683053835
3020353,76.727747627246
3020354,57.65585213361162
3020355,537.4037217536861
3020356,0.4095841036333226
3020357,3.973089697037411
3020358,7.845040629122215
3020359,0.1958639825271433
3020360,9.090949521919061
3020361,4273.290419370803
3020362,0.17704623486762297
3020363,673.9729541293297
3020364,22.65898491254029
3020365,1217.7939779739745
3020366,1096.216979572909
3020367,378.73573497369114
3020368,186.32393013144502
3020369,138.61256394855155
3020370,5533.552514365028
3020371,32.08167678189187
3020372,1.5366330685882448
3020373,40.56846033987114
3020374,39.98176556902243
3020375,0.3452004616685896
3020376,350.8430307387171
3020377,23.398896608689018
3020378,21.249631159211912
3020379,27.47759831453358
3020380,161.10818795348115
3020381,12.430044757481955
3020382,400.81678442043824
3020383,412.1143043311432
3020384,10.972407007077994
3020385,16.280422568935442
3020386,555.6260539162861
3020387,119.39099622597827
3020388,2898.484600830905
3020389,0.7300756484023598
3020390,36.687451079872396
3020391,7.845040629122215
3020392,0.1958639825271433
3020393,7.745296469800217
3020394,4318.577848495315
3020395,0.18951740381212562
3020396,681.124501362191
3020397,22.90965917592885
3020398,1351.0075001639307
3020399,1233.3613438184218
3020400,364.5460202570791
3020401,204.15503773057628
3020402,140.0918022487985
3020403,5148.053719702415
3020404,32.43218738028039
3020405,1.9802391188367434
3020406,41.00889103520375
3020407,51.884664182992424
3020408,0.36650510201382996
3020409,353.9979753412392
3020410,23.398896608689018
3020411,24.507054411283164
3020412,8.613338133107353
3020413,162.82577434844768
3020414,14.380219608490746
3020415,405.07415754207096
3020416,375.824636623229
3020417,9.47486740130939
3020418,16.280422568935442
3020419,561.523679134112
3020420,120.66657607055431
3020421,3612.185289744093
3020422,0.7484063350473262
3020423,36.687451079872396
3020424,7.9896367498452445
3020425,0.27742522462305025
3020426,10.326840561965763
3020427,4746.464039017911
3020428,0.32864016670754054
3020429,777.9262705986087
3020430,28.06606871866622
3020431,1534.83325850039
3020432,1448.2584620501768
3020433,415.10937825061654
3020434,230.37387606824268
3020435,156.41353994415437
3020436,6066.277787210009
3020437,35.45145202076218
3020438,2.378986175027025
3020439,40.012854154133535
3020440,48.794850146110406
3020441,0.5263278710574606
3020442,402.91613154696967
3020443,27.58560884451397
3020444,27.00423222875279
3020445,17.626200221712946
3020446,190.53332949608847
3020447,17.0236368889438
3020448,457.96113426941366
3020449,494.8550591158009
3020450,15.889305628077162
3020451,21.9998040743448
3020452,627.3155838525756
3020453,135.45543127146286
3020454,4369.938565455839
3020455,0.8745296731222718
3020456,38.53363760890245
3020457,12.049827494271327
3020458,0.34494159291667104
3020459,8.683749117815191
3020460,4066.8559426095917
3020461,0.18404025415249128
3020462,547.1789306095013
3020463,19.27094630205575
3020464,1765.0066123595677
3020465,957.9870145249685
3020466,474.9573884448021
3020467,180.2872577389541
3020468,200.9165934880504
3020469,6092.405161718985
3020470,21.709431387134074
3020471,1.9254548559615734
3020472,32.19235017368716
3020473,34.27514868140433
3020474,0.3604531090735908
3020475,404.0622987931482
3020476,16.625101534063088
3020477,7.439372623141154
3020478,11.787337584022485
3020479,143.32599049811353
3020480,6.505663095400419
3020481,335.2340901006993
3020482,456.47038237053346
3020483,7.763536563316467
3020484,16.134712485718463
3020485,459.30285106613957
3020486,95.98679617552895
3020487,1583.6303245306315
3020488,62.571582327960705
3020489,35.53402838368628
3020490,2.7857735537008494
3020491,0.0
3020492,2.606237236019955
3020493,1485.599910207971
3020494,0.0
3020495,213.17762105636393
3020496,7.906244718535554
3020497,380.17873447156717
3020498,379.7079628318078
3020499,111.14862592784215
3020500,68.76131160097452
3020501,43.726476336525494
3020502,1696.753607764725
3020503,10.635269533004355
3020504,0.5006912241947917
3020505,8.947874209466285
3020506,8.538567445745997
3020507,0.0
3020508,113.91695496418357
3020509,7.523498749661449
3020510,7.0238413151716115
3020511,2.758591200636774
3020512,26.454511995117702
3020513,4.05044977881828
3020514,140.82181190740977
3020515,105.18330999645954
3020516,3.820124246031621
3020517,4.988446435415393
3020518,174.17977144138348
3020519,41.165567109144106
3020520,1168.9766089699203
3020521,0.0
3020522,10.062699324687463
3020523,3.062805568341758
3020524,0.0
3020525,1.2975531083585594
3020526,1740.5891460084458
3020527,0.0
3020528,228.58469097828396
3020529,4.344179681005794
3020530,674.9120981997751
3020531,402.73988278956443
3020532,232.2258440909746
3020533,63.72927348772951
3020534,38.73719663314888
3020535,3051.8001788218426
3020536,4.720865588013199
3020537,0.34460179554843723
3020538,9.093336334021423
3020539,6.967147020343621
3020540,0.0
3020541,189.85187074880167
3020542,3.8170029032676505
3020543,0.8214359855611298
3020544,2.1435441921357477
3020545,10.510022233739207
3020546,1.0613724816305803
3020547,162.0534103670537
3020548,197.13094322336426
3020549,1.2843008464130774
3020550,4.018042641796229
3020551,152.5978559010555
3020552,36.55737670974392
3020553,365.7448841260182
3020554,3.3458216630180786
3020555,3.3191332387327916
3020556,6.90078233776741
3020557,0.5930744454953222
3020558,8.822890094220291
3020559,4206.5485191295475
3020560,0.33267707288608206
3020561,834.636092882273
3020562,10.607215219192174
3020563,1693.6508935009797
3020564,835.9705502978543
3020565,436.21374427710555
3020566,129.38326446643882
3020567,76.2754039125024
3020568,6302.901846935973
3020569,24.56584682052312
3020570,0.962417648784579
3020571,18.628124480869648
3020572,28.951498891627654
3020573,0.5163421916450666
3020574,383.4302368459729
3020575,7.473584980650763
3020576,2.3607508930614642
3020577,5.801068745926124
3020578,52.73646079651595
3020579,3.7255377629843154
3020580,349.69042155175293
3020581,433.16888702972227
3020582,2.6798644408771732
3020583,8.758395278228667
3020584,285.64517609817995
3020585,72.03639161899017
3020586,950.9681818670392
3020587,49.10383068583362
3020588,7.399252938154301
3020589,3.8226595522791937
3020590,0.07442620315469503
3020591,1.2841369190414151
3020592,1997.989247718984
3020593,0.0
3020594,241.032028383003
3020595,5.937662985408743
3020596,799.0329738288267
3020597,490.9854014303924
3020598,230.33071683637462
3020599,68.24715623305478
3020600,44.830142767388395
3020601,2991.662267435895
3020602,6.298856752803782
3020603,0.6081764757918581
3020604,10.640958204927454
3020605,9.98411936946861
3020606,0.047280704921524135
3020607,212.24628768530675
3020608,3.172883475289435
3020609,0.6953994697011527
3020610,10.253013675609632
3020611,28.98391467983067
3020612,1.8026003018434906
3020613,174.53453693426925
3020614,217.34879377509347
3020615,1.397580879014738
3020616,4.787464395374991
3020617,160.77612848324156
3020618,42.316088763550844
3020619,345.49581115002957
3020620,3.9522553473967936
3020621,3.9813904787981214
3020622,4.138617664015245
3020623,0.037377658141720775
3020624,1.1737913439608303
3020625,1877.1377548247324
3020626,0.0
3020627,220.53404833068961
3020628,4.789802454060561
3020629,840.7898241103219
3020630,435.20546503831173
3020631,175.68486804904538
3020632,61.482532763328784
3020633,38.09863376457983
3020634,2810.7369807388195
3020635,7.218823184287331
3020636,0.5022075141206553
3020637,9.934966068614191
3020638,9.848112085595876
3020639,0.0
3020640,199.2407477259096
3020641,2.388468356331789
3020642,0.5925781492868208
3020643,2.828356031808187
3020644,15.894895532711164
3020645,1.632630292545361
3020646,149.83763812802545
3020647,204.14823367728914
3020648,1.303527515729054
3020649,4.436470578508764
3020650,134.34953526091468
3020651,38.17303943960361
3020652,281.449929325865
3020653,9.32364481926913
3020654,3.304204383932478
3020655,3.788062267834039
3020656,0.07112067554724402
3020657,3.4304440574623256
3020658,1940.7986662092676
3020659,0.0
3020660,233.14503824707347
3020661,5.119391250528633
3020662,845.4140358168173
3020663,446.9692161928171
3020664,232.1960672379438
3020665,62.29799985263204
3020666,41.9258355948129
3020667,2924.713315413102
3020668,6.247968554032909
3020669,0.5734905777854085
3020670,20.27813917448626
3020671,10.465648907380658
3020672,0.03997898213316084
3020673,201.72270101061622
3020674,1.4743396583518589
3020675,0.6832368409554234
3020676,2.9938316288749864
3020677,16.85664998448436
3020678,1.891602831772395
3020679,158.42418248893654
3020680,230.5768320626097
3020681,1.3792858731399371
3020682,4.745945696048939
3020683,142.05440788534628
3020684,43.52674434284926
3020685,405.9484469089496
3020686,3.9177278367170367
3020687,3.8171490009867637
3020688,3.788062267834039
3020689,0.35928775039640903
3020690,3.547817350497011
3020691,2058.465410391448
3020692,0.0
3020693,234.95772878759814
3020694,5.1667660004556275
3020695,809.7975744370684
3020696,463.60601244255554
3020697,185.01825337511514
3020698,78.88265186370649
3020699,42.258156350825345
3020700,3270.8254577074786
3020701,6.304080458578377
3020702,0.585672136307039
3020703,10.646921894679311
3020704,10.465648907380658
3020705,0.04803023138179053
3020706,212.39890554069422
3020707,21.55824724726891
3020708,0.6962680267619005
3020709,3.0247508440260247
3020710,29.005373814262605
3020711,1.9139888756507912
3020712,143.84900790620267
3020713,209.76321075537152
3020714,1.397705691162702
3020715,4.790429326740291
3020716,160.49182063041073
3020717,40.894035271259504
3020718,627.8191512822692
3020719,7.579095949695315
3020720,3.8544421270412723
3020721,3.6953863630664516
3020722,0.02221463812345875
3020723,3.164143817458749
3020724,1794.584179674846
3020725,0.0
3020726,249.77130343942878
3020727,4.51375650403482
3020728,806.501032763791
3020729,396.16314957940136
3020730,214.17567608018481
3020731,91.48667274029826
3020732,36.45775801878368
3020733,2676.6791070498575
3020734,6.826966489347935
3020735,0.43749756476502516
3020736,9.413609231164093
3020737,9.48465036777805
3020738,0.0
3020739,191.92851082751366
3020740,0.9301512214726485
3020741,0.5786935273481721
3020742,2.5985630299136564
3020743,25.828052987929652
3020744,1.6481265539128236
3020745,98.90548342311887
3020746,184.03372209167455
3020747,1.230268975213245
3020748,4.177270770304782
3020749,132.6187782932551
3020750,36.1897707821172
3020751,194.5112430978317
3020752,0.1346073458267604
3020753,2.4750948394348624
3020754,6.10039340065145
3020755,0.49486818556667345
3020756,6.446217959007433
3020757,3298.345896887426
3020758,0.2810842705442127
3020759,683.0969233862439
3020760,8.3397967243598
3020761,1333.9882342365431
3020762,793.452000615018
3020763,393.9888800216857
3020764,156.68899627788576
3020765,64.51608849069862
3020766,4934.8502530048045
3020767,22.388636032571927
3020768,1.2048054435124698
3020769,33.8592293657122
3020770,17.122059929124962
3020771,0.4423725792537448
3020772,320.9616050163322
3020773,2.178009871594669
3020774,0.8088648648877887
3020775,25.802718290951795
3020776,26.253933308925017
3020777,3.40002571412649
3020778,212.68267387440108
3020779,341.8852297255076
3020780,2.7455486696494305
3020781,7.7698208192965685
3020782,235.54257884505805
3020783,61.99605343042128
3020784,843.7943323616576
3020785,45.41146240472516
3020786,7.377311339547304
3020787,2.6512674464757526
3020788,0.0906715354894347
3020789,4.182917187228316
3020790,2022.5621979117877
3020791,0.0
3020792,452.06800535889323
3020793,3.8028459568489517
3020794,574.7247468872653
3020795,474.60606404700036
3020796,208.2642223972918
3020797,72.7063301091289
3020798,32.69063481814475
3020799,2959.1858715345497
3020800,13.001824047605147
3020801,0.3521387180585653
3020802,8.070941191454835
3020803,12.990698474137687
3020804,0.0
3020805,185.36074785347625
3020806,2.331976609736031
3020807,0.6046061035024493
3020808,7.531300596395403
3020809,25.771030253509952
3020810,1.4269359674545854
3020811,108.88300886566553
3020812,183.6591547402563
3020813,1.5029683714491808
3020814,3.5097446665398757
3020815,125.65425116591295
3020816,31.394745779274842
3020817,561.1555008595191
3020818,69.8449903123498
3020819,2.899018295637866
3020820,4.9491816414680905
3020821,0.28049610165177696
3020822,2.3157408023916664
3020823,2505.0961595445183
3020824,0.044739149199065964
3020825,314.72544049902467
3020826,6.449856654016881
3020827,935.1534882158662
3020828,583.9941367934493
3020829,277.4696338946317
3020830,100.57774966371194
3020831,51.25868208829199
3020832,3680.0908760047446
3020833,8.471329146557885
3020834,1.0664873422718426
3020835,13.070243393292488
3020836,11.79904152868727
3020837,0.20855261686359677
3020838,233.54809430885444
3020839,4.598112448616158
3020840,1.1068847437740819
3020841,3.8165628375290392
3020842,37.908494118054016
3020843,2.517664885079496
3020844,169.44324804836086
3020845,242.79594040060402
3020846,1.9770448568373005
3020847,5.725536246636301
3020848,173.15700170814003
3020849,49.2485848114211
3020850,632.646261402691
3020851,9.336036140456791
3020852,9.686037955965176
3020853,9.146982318540445
3020854,0.23184245771980785
3020855,9.17341547640116
3020856,4105.899171498012
3020857,0.22155301161219026
3020858,716.0120997041134
3020859,22.871345288264834
3020860,1271.99680424374
3020861,1113.8134106627233
3020862,349.8129712040251
3020863,182.75691048541506
3020864,118.88006100198047
3020865,5006.248349691166
3020866,31.144910610205123
3020867,1.7731356083494711
3020868,25.66321751121174
3020869,38.62587551101916
3020870,0.45949121352661293
3020871,349.22569680819254
3020872,24.542388138743576
3020873,20.50624563168317
3020874,8.326511501617556
3020875,71.34143683490554
3020876,12.536685139619188
3020877,409.96434998270837
3020878,379.1565222996622
3020879,10.704944152750155
3020880,14.353682188041557
3020881,502.95600510202917
3020882,121.19681379309598
3020883,2765.5013392393466
3020884,0.8139218973101318
3020885,40.661687679597556
3020886,6.180856428579133
3020887,0.5932390978548504
3020888,8.043607287018531
3020889,3437.5258994350347
3020890,0.3120747918724169
3020891,736.7306783479926
3020892,8.445637102810094
3020893,1367.4027087282384
3020894,729.8087423199541
3020895,387.2215060942475
3020896,134.0206978375794
3020897,65.2585294457948
3020898,4994.294848732059
3020899,35.37105619057294
3020900,1.1411094596454199
3020901,35.170191892323885
3020902,30.265260248710906
3020903,0.4639835640226888
3020904,311.6245362082283
3020905,5.337394212460861
3020906,2.7492729618938005
3020907,11.811197638685796
3020908,49.613568848224766
3020909,2.973674121672318
3020910,215.1041671615256
3020911,375.83383790444407
3020912,3.1623123857015956
3020913,7.397040864179525
3020914,265.0888383072223
3020915,62.70993686201265
3020916,1079.0981014897777
3020917,61.46210951824159
3020918,6.713855269008212
3020919,6.180856428579133
3020920,0.5932390978548504
3020921,3.321287200886441
3020922,3315.246883519132
3020923,0.3120747918724169
3020924,710.1973982516104
3020925,8.445637102810094
3020926,1345.7983361912054
3020927,718.2707175691303
3020928,358.9583474375369
3020929,152.8960091860217
3020930,65.2585294457948
3020931,4851.4769818633995
3020932,17.226489912861325
3020933,1.1411094596454199
3020934,16.839593325543103
3020935,30.265260248710906
3020936,0.4639835640226888
3020937,306.68881304619447
3020938,5.337394212460861
3020939,2.3932351001552314
3020940,6.461850760324912
3020941,77.48050139288473
3020942,2.973674121672318
3020943,215.1041671615256
3020944,362.74265969391274
3020945,3.0233593484813674
3020946,7.397040864179525
3020947,219.81281740657352
3020948,62.70993686201265
3020949,1079.0981014897777
3020950,0.9099509933967668
3020951,6.043436915838865
3020952,4.168303163770641
3020953,0.12622237350270424
3020954,4.132081211584429
3020955,1956.507336165175
3020956,0.0
3020957,251.64810185365403
3020958,5.676893538135579
3020959,646.2322049718068
3020960,441.94238949199314
3020961,184.84931180989827
3020962,78.6311892967899
3020963,45.836559809330225
3020964,2828.794111113023
3020965,6.9370104977757405
3020966,0.8226455337862116
3020967,20.38186457644798
3020968,18.825387380494824
3020969,0.06775483845111685
3020970,193.96280736946636
3020971,1.8137735535884838
3020972,1.3355345246538224
3020973,4.555445375908185
3020974,30.654971477881414
3020975,2.3764876733348173
3020976,151.75883474876358
3020977,185.51034689898324
3020978,1.8440158925310208
3020979,5.043631883785971
3020980,168.94860579965643
3020981,44.03502104928888
3020982,592.5001012647824
3020983,18.269407309502736
3020984,3.7210307335422117
3020985,4.497300212610538
3020986,0.12534201846284243
3020987,5.761567722460163
3020988,2550.7460936654998
3020989,0.18875897862844404
3020990,355.7047762631221
3020991,7.557885559867778
3020992,780.7146816465417
3020993,621.49812454261
3020994,212.12286590087655
3020995,104.56521496228015
3020996,59.03119812781573
3020997,3119.0329388541404
3020998,10.626379834451818
3020999,0.7626629520092632
3021000,14.133187567278403
3021001,24.051239633318076
3021002,0.2771653436240139
3021003,163.3519544924037
3021004,5.318398643289694
3021005,2.141081160603844
3021006,9.26394712593104
3021007,63.668176702761606
3021008,4.911925468763645
3021009,224.72766844334416
3021010,296.46619128474504
3021011,3.9448910293878203
3021012,6.157476288995701
3021013,199.05964668653672
3021014,56.722135919164
3021015,1102.5017922352238
3021016,0.4514175232585402
3021017,6.149791055714129
3021018,6.148275342859364
3021019,0.5319907572167747
3021020,9.915392674907476
3021021,4063.4038811003707
3021022,0.6545992956995097
3021023,708.3549437909526
3021024,13.579591691471741
3021025,1146.1564245343766
3021026,975.5030684828671
3021027,381.3137183509841
3021028,206.2138545956436
3021029,101.27179965548913
3021030,4538.265236919627
3021031,17.2917848166871
3021032,1.579044284797292
3021033,45.46959061289444
3021034,42.95272391532483
3021035,0.6202846468789509
3021036,322.14965495760856
3021037,9.764302901537773
3021038,21.99972417301723
3021039,8.150016958944331
3021040,41.543883058436165
3021041,10.084668145476991
3021042,346.5300482154237
3021043,376.56556593694154
3021044,11.904155324412809
3021045,11.193792626102844
3021046,339.8304472202914
3021047,97.3379793260585
3021048,1693.8487747849194
3021049,1.1337890852974262
3021050,11.600466258835581
3021051,2.146081288932197
3021052,0.0
3021053,2.759844407076677
3021054,1491.7347026204577
3021055,0.0
3021056,242.17673528380448
3021057,3.2498856313781417
3021058,443.74594412800036
3021059,343.67618337080626
3021060,99.50020607714225
3021061,53.94559967319082
3021062,28.81177121066349
3021063,1659.3013128596276
3021064,4.331973289085441
3021065,0.24658163348399026
3021066,6.721771152141456
3021067,11.66421157409924
3021068,0.0
3021069,83.75612187709078
3021070,0.8431186195446541
3021071,5.86592056847925
3021072,2.498286936437299
3021073,33.614255346993886
3021074,2.631423992668143
3021075,100.30345140233395
3021076,122.74591778006213
3021077,1.9411776157446348
3021078,2.554435897130942
3021079,98.3505477403038
3021080,26.61356405708028
3021081,45.41651898324178
3021082,0.0159251221580157
3021083,4.989231854192906
3021084,3.1514058130715488
3021085,0.0
3021086,1.409855617572221
3021087,1687.349946345448
3021088,0.0
3021089,266.3704639129328
3021090,4.358566193414721
3021091,362.8133988156575
3021092,347.42279850281506
3021093,98.09661787084134
3021094,58.275753641638765
3021095,36.58885843793231
3021096,2014.2362827511172
3021097,5.123223675635338
3021098,0.5717811672858764
3021099,8.736173026315619
3021100,7.499309149221119
3021101,0.0
3021102,97.1139877256517
3021103,1.6568920580973132
3021104,6.390155590959322
3021105,2.5791836648586237
3021106,44.637225593563244
3021107,1.1621736434768108
3021108,164.2857987898192
3021109,146.02776556247153
3021110,2.7226735255262393
3021111,3.0418885336959405
3021112,124.26842663429268
3021113,30.308793828721857
3021114,480.32877425572843
3021115,0.3232653402404147
3021116,3.145923066664699
3021117,8.363637895098783
3021118,0.508015513892945
3021119,9.670256806629691
3021120,4058.6708731511662
3021121,0.5632046050304634
3021122,783.5969380663726
3021123,11.648875376425696
3021124,1090.7333177305172
3021125,1084.842588120985
3021126,392.2718326013568
3021127,199.637544621136
3021128,87.7283591845548
3021129,5423.340111920595
3021130,14.869477791618115
3021131,2.201238789429971
3021132,21.982199866174682
3021133,50.6244097224895
3021134,0.8191365979733946
3021135,335.5032824188112
3021136,5.914128079081852
3021137,17.94262046000756
3021138,6.9577102893175695
3021139,130.55123576310137
3021140,4.687469274667183
3021141,300.5080506000351
3021142,456.9162716947279
3021143,8.312849221175846
3021144,9.57901802447419
3021145,337.2238587401116
3021146,84.31547875873865
3021147,1537.997070554076
3021148,1.6678798034344111
3021149,18.819184741964712
3021150,6.817148407507918
3021151,0.3038856384195915
3021152,8.223441906984661
3021153,3509.1406447386557
3021154,0.35160415501885034
3021155,892.6957296765643
3021156,9.559799205536123
3021157,1279.156396774424
3021158,937.8594103918608
3021159,351.6158382302378
3021160,190.5409065850347
3021161,73.07406816354823
3021162,5205.6471039521075
3021163,23.154213111488566
3021164,1.6205496888548665
3021165,39.30298224024955
3021166,31.376965370327724
3021167,0.6111863830044152
3021168,328.8812320524271
3021169,1.7776592449050455
3021170,3.5593806176980944
3021171,5.643422461702511
3021172,61.937639457645425
3021173,3.0152880146455265
3021174,250.71126906056057
3021175,349.3838529630027
3021176,6.485488339012651
3021177,7.831797516038339
3021178,245.85883953009642
3021179,70.22485580777703
3021180,1208.8013434308382
3021181,1.6275266825284
3021182,7.170117439135578
3021183,6.456233096610258
3021184,0.5108493506885338
3021185,2.7972663035225405
3021186,3077.6492687265613
3021187,0.19836118788316098
3021188,782.8363140111859
3021189,8.362544109356808
3021190,1221.0523463978743
3021191,822.4481548687763
3021192,308.26979924183263
3021193,182.703439011851
3021194,64.6756550993067
3021195,4565.609125228621
3021196,14.992500871121731
3021197,1.3563834432132016
3021198,35.16590778985446
3021199,29.205609471914624
3021200,0.4487696733967302
3021201,298.9098295433124
3021202,1.163697277713932
3021203,2.691518938232336
3021204,4.890200620687246
3021205,81.44368491410496
3021206,2.560040339515324
3021207,200.84562741596272
3021208,308.12738114288265
3021209,5.636794260002588
3021210,6.830460807007244
3021211,235.26540637161764
3021212,62.14948240997685
3021213,1219.7642481985515
3021214,1.3296214241258528
3021215,6.243801081220318
3021216,17.503279530011373
3021217,1.1280439327697165
3021218,18.969725914000367
3021219,9077.529640630952
3021220,0.7779987730968466
3021221,1535.8229102177397
3021222,50.165148191868504
3021223,2501.1628276300585
3021224,2492.2506394888355
3021225,688.4218030092802
3021226,406.7219330615071
3021227,263.3674469443411
3021228,10054.243476613363
3021229,69.9661794299992
3021230,4.09147290970616
3021231,57.1525355288035
3021232,107.45211367116494
3021233,2.0401791911071365
3021234,795.6660781684486
3021235,50.47192900688509
3021236,45.09586227788918
3021237,56.55093104516071
3021238,267.2343724767297
3021239,28.014137780318798
3021240,813.7467594260179
3021241,1018.416113007143
3021242,24.088037348587093
3021243,33.402799270653425
3021244,1105.2679127147467
3021245,279.02582185193796
3021246,6995.18341697635
3021247,2.2174318178294703
3021248,91.15564798311448
3021249,3.5001749848498083
3021250,0.0
3021251,1.291822507224724
3021252,1915.0136949944515
3021253,0.0
3021254,227.80883813385216
3021255,4.65072017593376
3021256,553.4661068604819
3021257,380.87632627761593
3021258,136.9573564273662
3021259,123.21901019146559
3021260,39.76418540282537
3021261,2529.0656002238766
3021262,4.362448977028336
3021263,0.4221843239695874
3021264,9.933454173439083
3021265,7.962699341108079
3021266,0.0
3021267,162.39825220707417
3021268,1.0330444728314647
3021269,0.9853053281667097
3021270,2.8319573167228995
3021271,16.772801349437856
3021272,1.148645874312391
3021273,105.07712058049194
3021274,156.0822219194424
3021275,2.174793932204521
3021276,3.7260383878772476
3021277,124.5200067075674
3021278,35.30017756627573
3021279,547.502906728433
3021280,0.37246275124895045
3021281,3.2865137832905416
3021282,5.520122238590638
3021283,0.38812545969148504
3021284,2.3205293008749908
3021285,2988.1325304767706
3021286,0.10026110813194028
3021287,675.5198171127743
3021288,7.1871008143449275
3021289,1208.583401587595
3021290,674.1332445408871
3021291,276.13826733111733
3021292,188.30562191325288
3021293,58.06158597783149
3021294,4514.492822312671
3021295,16.480247583406
3021296,0.7605426913768144
3021297,30.25918934345725
3021298,23.57166670030163
3021299,0.31675421212942484
3021300,283.53939977287484
3021301,1.8815353481615216
3021302,1.753654083639513
3021303,6.644350139054278
3021304,23.782557692189208
3021305,1.7555470783131464
3021306,204.78089879220667
3021307,294.75211498151936
3021308,3.5998310265706635
3021309,5.847366623958047
3021310,161.96513522305588
3021311,53.73206245909603
3021312,1068.276988863894
3021313,1.0579321110926019
3021314,5.056401241606409
3021315,2.4786723934911183
3021316,0.0
3021317,0.73701834944017
3021318,1356.8226390747227
3021319,0.0
3021320,163.16606406248874
3021321,3.368053319157788
3021322,431.9937526449165
3021323,275.6360200250505
3021324,94.01951556106411
3021325,146.14500055519198
3021326,30.51105165496028
3021327,1908.8631519514015
3021328,3.5348310770048283
3021329,0.21855971589358564
3021330,12.703769134261465
3021331,5.657816485872621
3021332,0.0
3021333,115.66655008112673
3021334,0.6078984248654018
3021335,0.5346573990999698
3021336,1.450601767690967
3021337,21.49741040529801
3021338,0.6609209889665112
3021339,106.07778036425003
3021340,118.98279635255061
3021341,1.1616147572129931
3021342,2.6532666675930483
3021343,104.01356057212362
3021344,21.95503126016849
3021345,308.2757373110101
3021346,0.14038118658832038
3021347,1.991415357058641
3021348,4.946381185773683
3021349,0.1813330510783069
3021350,1.7707047453089078
3021351,2375.9176118024807
3021352,0.010227424196799301
3021353,355.5744461307986
3021354,5.967448595493192
3021355,862.13425553254
3021356,541.909734403294
3021357,229.99595734007377
3021358,148.21620867745168
3021359,50.19223826427708
3021360,3773.254216440846
3021361,4.135064973874805
3021362,0.7213397034673139
3021363,13.350327118853064
3021364,20.112791862687537
3021365,0.20640792950451545
3021366,236.16483358458692
3021367,1.3509176931076021
3021368,1.2780444500101016
3021369,6.226958268996516
3021370,19.331318224482054
3021371,1.988782443763779
3021372,169.7989522781903
3021373,245.51068072776715
3021374,2.4479752429040724
3021375,4.827297849237587
3021376,171.00918072890968
3021377,45.57849467798282
3021378,810.5102416298321
3021379,0.5363114332340878
3021380,2.2688244890998335
3021381,4.6408952077475325
3021382,0.29197442391443934
3021383,2.0302036025234282
3021384,2848.854007253504
3021385,0.10484337436243567
3021386,596.2727779857194
3021387,6.620006379317918
3021388,1038.8231204222586
3021389,625.1873579350396
3021390,235.9430314361548
3021391,149.8620592514548
3021392,61.432708705136214
3021393,4126.743579629679
3021394,9.351333905228156
3021395,1.1593481874920106
3021396,14.10519637231518
3021397,14.272000372438857
3021398,0.30799326047260145
3021399,236.26554285096287
3021400,3.4647682103673905
3021401,3.4332599348248216
3021402,5.101654142267756
3021403,59.688126346524996
3021404,2.2687060371862375
3021405,185.79565239741814
3021406,268.59839516155375
3021407,2.904588711661132
3021408,5.373071315387694
3021409,187.1192285083174
3021410,49.940946563256375
3021411,763.395333091056
3021412,1.4180728927796646
3021413,2.7540680206846395
3021414,3.823268777559729
3021415,0.0
3021416,1.093099282925061
3021417,1857.9214630543518
3021418,0.0
3021419,198.3833907130124
3021420,4.019364519173832
3021421,617.1545957462909
3021422,308.0024348152513
3021423,111.47784124864317
3021424,131.52722874176308
3021425,40.124968577588966
3021426,2286.1058004584474
3021427,8.713371188648571
3021428,0.3622825617357569
3021429,8.492395689738572
3021430,13.135363157308916
3021431,0.0
3021432,141.58525897602195
3021433,1.1259582034363855
3021434,1.2806897085459552
3021435,1.4595969837256688
3021436,24.403432457359557
3021437,1.1531251143297003
3021438,147.30893557126456
3021439,153.68380680365573
3021440,1.697076798961402
3021441,3.0027430984874925
3021442,113.30093297779992
3021443,32.55524484162268
3021444,461.45416718330705
3021445,0.25102708238581983
3021446,1.4687332281237215
3021447,3.9658359656371194
3021448,0.02792308513410089
3021449,1.844333968252882
3021450,3100.6057387287797
3021451,0.011087969288703857
3021452,671.7687146865547
3021453,6.26859787341255
3021454,1080.0864444384283
3021455,684.6834074337035
3021456,253.36688770911698
3021457,132.24100690778704
3021458,59.18602628387725
3021459,4180.372957583279
3021460,6.89009352848646
3021461,0.7799975151473572
3021462,12.746044317056459
3021463,20.779026764802367
3021464,0.1312601683732953
3021465,253.23825301230087
3021466,1.54342820470593
3021467,6.810567763955204
3021468,2.46002830066135
3021469,41.20871465319587
3021470,2.0149842615208016
3021471,177.18127888498154
3021472,268.07467067799644
3021473,2.7525358574643612
3021474,5.079167169185501
3021475,173.74634288603198
3021476,49.05554066125096
3021477,1140.454608428674
3021478,0.7000334645672348
3021479,2.4306849383306077
3021480,8.728213918873005
3021481,0.2895350232441472
3021482,7.901626883506707
3021483,3739.445775333652
3021484,0.2661459937711068
3021485,580.5702892276863
3021486,13.974285445211198
3021487,1289.7292445406858
3021488,851.0812606090124
3021489,310.67514017053537
3021490,165.075183685794
3021491,87.6112896674739
3021492,4558.6627739859505
3021493,25.058256792249132
3021494,1.560273583537787
3021495,26.757884385417967
3021496,31.433941265054628
3021497,0.38184867261467503
3021498,312.00282159619974
3021499,16.883552840902848
3021500,16.927213026433705
3021501,4.899000350871965
3021502,58.09457575622832
3021503,9.687684222867714
3021504,244.5992406057654
3021505,394.19101592822926
3021506,8.977764888597259
3021507,11.52389883797518
3021508,253.96160280515699
3021509,77.01193648101017
3021510,1638.6123186016143
3021511,1.0250072951259992
3021512,11.177033664446967
3021513,8.728213918873005
3021514,0.2895350232441472
3021515,7.901626883506707
3021516,3482.9780877201356
3021517,0.2661459937711068
3021518,580.5702892276863
3021519,13.974285445211198
3021520,1095.0671776915963
3021521,858.4846272669973
3021522,293.38077032843034
3021523,158.108973465919
3021524,87.6112896674739
3021525,5039.368244240164
3021526,23.93708565081701
3021527,1.560273583537787
3021528,37.24716362082878
3021529,42.647783148484194
3021530,0.38184867261467503
3021531,319.83855643659524
3021532,16.883552840902848
3021533,13.205709271310088
3021534,6.801932986588414
3021535,81.45887727593738
3021536,9.687684222867714
3021537,244.5992406057654
3021538,394.19101592822926
3021539,7.6779766828673575
3021540,11.52389883797518
3021541,253.96160280515699
3021542,77.01193648101017
3021543,1638.6123186016143
3021544,1.0250072951259992
3021545,14.423263426275934
3021546,8.728213918873005
3021547,0.36548320934448225
3021548,7.574632040068219
3021549,3968.6611013700604
3021550,0.2661459937711068
3021551,865.7777932526694
3021552,13.974285445211198
3021553,1441.1643822405158
3021554,928.279848773881
3021555,310.67514017053537
3021556,191.03533640543662
3021557,87.6112896674739
3021558,5499.979167199729
3021559,64.25066069982371
3021560,1.5929272458184092
3021561,26.757884385417967
3021562,20.860917996862316
3021563,0.38184867261467503
3021564,331.5706724937309
3021565,8.013306653315707
3021566,12.43188769108676
3021567,11.116223600514548
3021568,58.09457575622832
3021569,5.317160396777884
3021570,244.5992406057654
3021571,348.3692196281431
3021572,7.6779766828673575
3021573,11.52389883797518
3021574,244.7698025124596
3021575,77.01193648101017
3021576,1571.0520139458263
3021577,29.885233647617156
3021578,11.177033664446967
3021579,6.73177547816138
3021580,0.04255219891415039
3021581,6.6323743982403744
3021582,3429.934298525655
3021583,0.0647399156979877
3021584,558.6540276084439
3021585,15.865024048919148
3021586,973.1085478187429
3021587,930.6473383884822
3021588,302.63122751967074
3021589,148.30070905216348
3021590,96.4013878527463
3021591,4448.449822684244
3021592,24.338267026188817
3021593,1.286793940598368
3021594,29.461417940099874
3021595,25.605379152050535
3021596,0.21459916984076396
3021597,291.5417462205584
3021598,20.90509648453274
3021599,16.71540111928985
3021600,3.9399630550974587
3021601,57.77671639544108
3021602,9.998425497153981
3021603,307.8470731214759
3021604,308.38125742725646
3021605,8.492648906466497
3021606,12.04111214804011
3021607,404.56043580918663
3021608,90.82446489026944
3021609,2731.550936033562
3021610,0.4884702650946725
3021611,29.976175909632808
3021612,6.788171711163267
3021613,0.14690060131663163
3021614,2.7885786462611866
3021615,3666.3622889932603
3021616,0.013645720902610726
3021617,548.5693466731358
3021618,10.988049118967993
3021619,1482.2881668843315
3021620,808.6908954869103
3021621,309.0250739106392
3021622,142.76451203584324
3021623,73.6196177391374
3021624,5402.6930701691645
3021625,13.542616027053597
3021626,1.0758345564143266
3021627,26.378836691909083
3021628,26.36010035771439
3021629,0.10627447452480486
3021630,329.4554658226473
3021631,1.8174833717356922
3021632,2.107254412903465
3021633,7.562603595013423
3021634,47.228218143047854
3021635,3.5975211617621463
3021636,207.12831251135412
3021637,329.6694035502711
3021638,4.99874169279922
3021639,9.026329134699829
3021640,203.11606477399607
3021641,61.454461003963615
3021642,1409.5894673481175
3021643,0.6211716418163028
3021644,6.6412561098496585
3021645,8.400666580063657
3021646,0.25817710417519824
3021647,8.118310156238342
3021648,3592.8473770172145
3021649,0.26290557426753386
3021650,576.9690763007571
3021651,13.935962086888026
3021652,1059.8949127855294
3021653,916.4958713795968
3021654,327.65414513952203
3021655,163.05438628806877
3021656,93.35131525950871
3021657,4786.56911479096
3021658,19.840716084867992
3021659,1.3360498701832109
3021660,36.4495484154857
3021661,29.695960604343583
3021662,0.37831213779818756
3021663,315.77007878559266
3021664,9.605511093275833
3021665,14.67057644663929
3021666,6.697241970836069
3021667,58.49012580527207
3021668,9.35390168046876
3021669,258.30796195679704
3021670,380.15607135073975
3021671,8.320586200214686
3021672,11.49184670002663
3021673,253.3090852009816
3021674,76.81228225335546
3021675,1640.8028773740757
3021676,1.0198247386386066
3021677,9.465105211403113
3021678,8.400666580063657
3021679,0.25817710417519824
3021680,7.8489677779931615
3021681,3592.8473770172145
3021682,0.26290557426753386
3021683,576.9690763007571
3021684,13.935962086888026
3021685,1248.3103681843988
3021686,847.5857065255088
3021687,327.65414513952203
3021688,163.05438628806877
3021689,93.35131525950871
3021690,4664.809140805223
3021691,19.840716084867992
3021692,1.3360498701832109
3021693,23.304320280966003
3021694,29.695960604343583
3021695,0.37831213779818756
3021696,327.35342266114407
3021697,9.605511093275833
3021698,14.67057644663929
3021699,5.305587484138869
3021700,82.0108164773479
3021701,9.35390168046876
3021702,258.30796195679704
3021703,343.4883875771851
3021704,8.320586200214686
3021705,11.49184670002663
3021706,253.3090852009816
3021707,76.81228225335546
3021708,1640.8028773740757
3021709,1.0198247386386066
3021710,14.182246723871376
3021711,6.00773029009497
3021712,0.03668139891826657
3021713,6.012062879774374
3021714,3999.626601883193
3021715,0.02360706869093012
3021716,733.5489783284952
3021717,8.964720229723302
3021718,1211.3649430186717
3021719,757.7133648948261
3021720,297.4385432482592
3021721,140.98211534676005
3021722,58.348293683384824
3021723,4999.888870556533
3021724,13.36150864349658
3021725,0.8373321006035059
3021726,29.76050818693862
3021727,24.213210503905884
3021728,0.10003552070394196
3021729,286.73537734158504
3021730,1.5065795755703262
3021731,6.162382703939797
3021732,3.1203421644758125
3021733,67.84605576448624
3021734,4.137963809598215
3021735,172.00065969688
3021736,322.9071464983858
3021737,4.229120110402919
3021738,7.334097046726845
3021739,168.66559443327043
3021740,52.54000857439021
3021741,1494.275100053919
3021742,1.223923326176632
3021743,2.01075255295207
3021744,29.28128062692017
3021745,0.4452039114025219
3021746,24.739770772782844
3021747,11653.943217952701
3021748,0.7458629669921644
3021749,2065.9751189472613
3021750,56.03539321001286
3021751,3140.5373880064794
3021752,2956.795270110493
3021753,1092.5799031760343
3021754,407.78228106774293
3021755,289.8745812286043
3021756,13535.333280817445
3021757,86.63924614242023
3021758,3.8270833989437487
3021759,112.13442278782182
3021760,139.6059999517242
3021761,1.6613999894327256
3021762,1033.5812016263221
3021763,78.37218105824343
3021764,45.79815239670914
3021765,92.21287155005201
3021766,339.00020754396655
3021767,29.978683575359707
3021768,804.089396655239
3021769,1424.304127188238
3021770,41.15304622643245
3021771,37.18089008051799
3021772,1121.2585515065907
3021773,270.71488009101836
3021774,6728.37130808742
3021775,318.20014675249774
3021776,91.0616206059104
3021777,26.822699644282203
3021778,0.3557420619370875
3021779,22.64992154549602
3021780,10964.476713929987
3021781,0.6218334877477761
3021782,1879.6961965194623
3021783,51.98348864929936
3021784,3318.475509853716
3021785,2716.647593028255
3021786,1003.7905687331089
3021787,374.5926562742967
3021788,266.258053164541
3021789,12333.488616891977
3021790,79.52368895865527
3021791,2.6450610217622694
3021792,77.64705895760929
3021793,125.86174110869563
3021794,1.4723289907397081
3021795,949.5820571168271
3021796,77.41300173006279
3021797,41.99854269979109
3021798,28.281592767909906
3021799,270.3059285501286
3021800,27.463479438391044
3021801,812.1710399210914
3021802,1452.052612886229
3021803,35.2807537875811
3021804,50.23132794763093
3021805,1030.1407561157293
3021806,251.41172989091913
3021807,6978.288661291371
3021808,332.96999834197084
3021809,88.51495459069555
3021810,23.230884028748108
3021811,0.23537041221296187
3021812,18.854762509926
3021813,8621.43434189328
3021814,0.3650057312521226
3021815,1667.282480763157
3021816,42.378881669059815
3021817,2861.5425673862096
3021818,2342.5575575434464
3021819,865.4789861436507
3021820,239.83341521343024
3021821,217.81072309271607
3021822,10933.377001742858
3021823,64.9267191334685
3021824,2.402294830725041
3021825,57.132744941317576
3021826,101.14142308558672
3021827,1.0808198051126388
3021828,818.7323927268204
3021829,65.05557082190174
3021830,34.203961522094275
3021831,40.06499012424726
3021832,286.2937996551849
3021833,20.46031457265337
3021834,762.828584959348
3021835,1066.657307684469
3021836,29.535463244730547
3021837,27.721616483482883
3021838,817.3880651132993
3021839,174.87557504484437
3021840,5048.680030599085
3021841,357.85591700877217
3021842,63.45238944615821
3021843,25.69190314514115
3021844,0.3608412863533932
3021845,20.502974704940154
3021846,9497.175223656677
3021847,0.503643066753872
3021848,1836.7222367304043
3021849,46.7846745781691
3021850,2809.8784405216234
3021851,2580.5818880895
3021852,953.4832597938582
3021853,314.5886779454635
3021854,240.03431888740826
3021855,11887.252897051847
3021856,71.62259188313986
3021857,2.676612868109488
3021858,70.61107110720476
3021859,111.51545626122264
3021860,1.2921590741246916
3021861,848.8586171278306
3021862,148.18523214120827
3021863,37.77946550188511
3021864,58.15672971145555
3021865,283.66734320085015
3021866,22.639939729723494
3021867,766.3263623988826
3021868,1474.3502466753391
3021869,32.63680938975939
3021870,42.52970795573937
3021871,962.7075547998752
3021872,192.73844590743687
3021873,4926.906987312796
3021874,317.58807561715986
3021875,69.9985213304104
3021876,20.194179312196056
3021877,0.1751454447149609
3021878,15.789981404157608
3021879,7228.257029938446
3021880,0.262874583596072
3021881,1218.9724446279697
3021882,37.18399609397383
3021883,2330.45447539302
3021884,1944.7980425451408
3021885,796.179249339413
3021886,202.63669240794945
3021887,175.83488708958757
3021888,9166.645548054112
3021889,52.27958232291026
3021890,1.8929065170635173
3021891,53.76234789944533
3021892,63.57321836559294
3021893,0.7517893016221165
3021894,686.2834199497581
3021895,54.38258463861812
3021896,28.23869543208972
3021897,45.518939165369886
3021898,272.4421443997524
3021899,13.771664412335374
3021900,660.9746231130437
3021901,953.6739278646578
3021902,23.677653447642786
3021903,32.897897503172146
3021904,689.5663886351829
3021905,130.1920481255287
3021906,3706.2935715858025
3021907,241.48395413611146
3021908,35.921348382370624
3021909,24.904519953333754
3021910,0.4363178763506346
3021911,18.300123670502224
3021912,8834.93699106131
3021913,0.5435445443503149
3021914,1607.2524557599722
3021915,45.6702708391813
3021916,2575.2850753978105
3021917,2515.232822200293
3021918,886.9341288162125
3021919,351.1297422628955
3021920,225.13168395428752
3021921,11204.126347496815
3021922,64.12080430474113
3021923,2.4672087416356074
3021924,81.67026391694495
3021925,99.89280509618962
3021926,1.0438334081347844
3021927,839.030029161778
3021928,56.528229877569096
3021929,34.736904839441806
3021930,62.444543296916954
3021931,263.8195730976602
3021932,21.99220950697285
3021933,687.0628821958567
3021934,1099.1543618880323
3021935,29.162185415127556
3021936,38.03316474561608
3021937,807.3837590292537
3021938,200.5301478469554
3021939,5992.764538182317
3021940,344.9431579772663
3021941,55.96382387065353
3021942,6.871485857409456
3021943,0.05331724005846675
3021944,6.411491669853593
3021945,3083.601332183821
3021946,0.01658842757537872
3021947,526.6132536787859
3021948,20.18526462667042
3021949,905.7959500490774
3021950,795.332095666951
3021951,285.24802461391266
3021952,128.2096892973518
3021953,91.99653583098033
3021954,3997.440187141428
3021955,23.19237661128951
3021956,1.1833766368548593
3021957,31.107954818264655
3021958,29.352406057085762
3021959,0.1823381236771215
3021960,265.2370312463044
3021961,18.14915288387889
3021962,14.2394959480394
3021963,10.23075105623777
3021964,94.85865702068051
3021965,9.50103590286378
3021966,293.8798629569518
3021967,294.426177347864
3021968,5.886737424538078
3021969,11.451344687044427
3021970,361.85891752157187
3021971,86.67182200974938
3021972,1883.0689831746613
3021973,0.4211561189507493
3021974,23.220215994709605
3021975,17.624036959534024
3021976,0.14024633693140104
3021977,12.854301486005118
3021978,5630.06712930888
3021979,0.3522924256088874
3021980,925.8384579278348
3021981,32.55355940145559
3021982,1902.7337752156125
3021983,1630.1490891572
3021984,563.0439311966451
3021985,184.12594786196277
3021986,154.39075254479718
3021987,7379.995382718993
3021988,45.818557857506406
3021989,1.7138754812417747
3021990,57.88138567967499
3021991,55.213428559283734
3021992,0.553597108617114
3021993,511.84023917917244
3021994,42.06895723045007
3021995,22.3671557940374
3021996,7.1754991892421485
3021997,194.38713991748403
3021998,16.12709802292721
3021999,493.68234005432765
3022000,697.8529566148738
3022001,18.95297447070832
3022002,27.06286718223395
3022003,580.1869524225775
3022004,110.91154575085065
3022005,3166.881976955631
3022006,231.1685716171556
3022007,33.7675584822549
3022008,17.239812137766748
3022009,0.08478280229842496
3022010,11.182541867763355
3022011,5765.111421584292
3022012,0.2865146060690191
3022013,933.4461351580997
3022014,30.254133416538973
3022015,1875.4550548115024
3022016,1614.8294851793894
3022017,535.6078683923257
3022018,209.65401286939235
3022019,143.74182168347838
3022020,7079.147989433929
3022021,42.61008130734935
3022022,1.7042696016051202
3022023,53.846243337850254
3022024,52.479111122117786
3022025,0.8022345689299802
3022026,455.73950627431407
3022027,12.107122631619845
3022028,31.611916327536484
3022029,6.777828907183019
3022030,159.03919887385513
3022031,15.29400664294223
3022032,459.7817510470424
3022033,649.2997182455852
3022034,22.94864198199243
3022035,20.158669159926674
3022036,540.3582008881875
3022037,103.24224565565638
3022038,4075.017729242381
3022039,3.970822110183981
3022040,42.97783043507965
3022041,5.001790148776841
3022042,0.6138641542104487
3022043,14.022478935466262
3022044,4610.19520834445
3022045,0.6600443637590032
3022046,871.4381812185725
3022047,5.515297896776605
3022048,1393.6512349886398
3022049,850.2461953156821
3022050,416.8578605410854
3022051,52.23532057345888
3022052,17.988945351187628
3022053,7055.300618677601
3022054,8.027964287970555
3022055,2.394078494590395
3022056,42.45089514842071
3022057,46.981403116701046
3022058,1.221028734487192
3022059,340.21154494885707
3022060,5.523269433236544
3022061,8.146460669766654
3022062,5.877105143704203
3022063,170.37694885479672
3022064,4.61380826247529
3022065,58.781712712130485
3022066,402.79850993292143
3022067,4.938269418401671
3022068,9.857132731434582
3022069,96.09172183452601
3022070,59.02001261411825
3022071,1971.638019770881
3022072,3.410941160822908
3022073,24.079684621578167
3022074,7.035307929349859
3022075,0.2902268450561198
3022076,9.004719660286494
3022077,3312.9232207889045
3022078,0.37292187335006444
3022079,583.645755710919
3022080,9.548161165076095
3022081,1213.8568281586395
3022082,747.4344298610063
3022083,352.67764510358177
3022084,122.37216435508148
3022085,72.67425772037274
3022086,4229.46622642259
3022087,13.718250540537053
3022088,1.8365871844879946
3022089,16.532601839423208
3022090,33.407222716381476
3022091,0.37553048834066627
3022092,311.78168173443055
3022093,5.5886897485535165
3022094,10.125333346171336
3022095,5.75366246636231
3022096,105.40863846965529
3022097,5.068877341348637
3022098,152.70703525960147
3022099,361.9608977924913
3022100,7.013295125947996
3022101,8.077942159064666
3022102,141.31046442292796
3022103,77.90202305740098
3022104,1701.831998303896
3022105,1.2775666070176976
3022106,5.710418929530752
3022107,5.9319317509543845
3022108,0.0181471105219783
3022109,0.9193431248518656
3022110,2208.44880319259
3022111,0.0
3022112,301.30706477663443
3022113,4.89205035303238
3022114,1151.3266125682972
3022115,254.72192934388625
3022116,251.03341593064664
3022117,59.416175941980605
3022118,37.75753573897323
3022119,3559.9783258091948
3022120,13.473054774159346
3022121,0.6612064478162235
3022122,12.712508335129233
3022123,9.157038758864235
3022124,0.03207994589755254
3022125,240.40568752838192
3022126,0.6880349556890044
3022127,0.648845205108948
3022128,2.8360906120739156
3022129,20.21602253182251
3022130,1.551019183076243
3022131,75.70278968778852
3022132,233.77455402227025
3022133,0.6170732639931094
3022134,4.0708072683053835
3022135,76.727747627246
3022136,57.65585213361162
3022137,537.4037217536861
3022138,0.3977475841365167
3022139,2.267079061888199
3022140,7.845040629122215
3022141,0.1958639825271433
3022142,9.090949521919061
3022143,4394.20817877225
3022144,0.17704623486762297
3022145,711.3824922711656
3022146,22.65898491254029
3022147,1154.7782140357638
3022148,1127.8586531829715
3022149,387.59648973602185
3022150,186.32393013144502
3022151,127.37485990348421
3022152,5846.862635841659
3022153,32.08167678189187
3022154,1.5366330685882448
3022155,32.51744093030168
3022156,39.98176556902243
3022157,0.3452004616685896
3022158,359.05293705798135
3022159,23.398896608689018
3022160,21.249631159211912
3022161,27.877298538615584
3022162,128.42819104338383
3022163,12.430044757481955
3022164,400.81678442043824
3022165,502.8184023639782
3022166,10.972407007077994
3022167,16.280422568935442
3022168,555.6260539162861
3022169,119.39099622597827
3022170,2898.484600830905
3022171,0.7529493599292076
3022172,43.741323562545396
3022173,7.845040629122215
3022174,0.1958639825271433
3022175,7.745296469800217
3022176,4440.776768960121
3022177,0.18951740381212562
3022178,718.930405132226
3022179,22.90965917592885
3022180,1167.0240417208909
3022181,1320.3440412033572
3022182,373.07567217426924
3022183,204.15503773057628
3022184,128.73503125330666
3022185,5648.251452236169
3022186,32.43218738028039
3022187,1.9802391188367434
3022188,41.00889103520375
3022189,51.884664182992424
3022190,0.36650510201382996
3022191,362.86780929833964
3022192,23.398896608689018
3022193,24.507054411283164
3022194,10.608331252786865
3022195,150.80467555611358
3022196,14.380219608490746
3022197,405.07415754207096
3022198,450.89936024061205
3022199,9.47486740130939
3022200,16.280422568935442
3022201,561.523679134112
3022202,120.66657607055431
3022203,3386.0701269804576
3022204,0.7715224006231391
3022205,43.741323562545396
3022206,7.9896367498452445
3022207,0.27742522462305025
3022208,10.326840561965763
3022209,4880.767667951364
3022210,0.32864016670754054
3022211,821.0972922689871
3022212,28.06606871866622
3022213,1325.83448115893
3022214,1437.5152313384606
3022215,424.81887571268726
3022216,230.37387606824268
3022217,143.742998521889
3022218,6207.851665030945
3022219,35.45145202076218
3022220,2.378986175027025
3022221,49.86430091355052
3022222,48.794850146110406
3022223,0.5263278710574606
3022224,452.68526523620096
3022225,27.58560884451397
3022226,27.00423222875279
3022227,17.626200221712946
3022228,151.92140806798017
3022229,17.0236368889438
3022230,457.96113426941366
3022231,530.340590738964
3022232,15.889305628077162
3022233,21.9998040743448
3022234,627.3155838525756
3022235,135.45543127146286
3022236,4369.938565455839
3022237,0.8993132431535075
3022238,45.933056526313294
3022239,12.049827494271327
3022240,0.34494159291667104
3022241,8.683749117815191
3022242,4181.93376322727
3022243,0.18404025415249128
3022244,965.189854051164
3022245,19.27094630205575
3022246,1789.8134598180511
3022247,1026.900984860811
3022248,486.0633795536477
3022249,180.2872577389541
3022250,87.68437889679691
3022251,6437.351841052016
3022252,16.54547849220593
3022253,1.9254548559615734
3022254,32.93378561561562
3022255,36.521882420935526
3022256,0.3604531090735908
3022257,413.51402367050446
3022258,16.625101534063088
3022259,7.439372623141154
3022260,11.787337584022485
3022261,65.60985982088029
3022262,6.505663095400419
3022263,335.2340901006993
3022264,477.0301813431405
3022265,7.763536563316467
3022266,16.134712485718463
3022267,459.30285106613957
3022268,95.98679617552895
3022269,1583.6303245306315
3022270,68.58620901400853
3022271,17.231096212314867
3022272,4.847280629531103
3022273,0.029422185368385433
3022274,3.960132129545988
3022275,2495.9568289144804
3022276,0.10077649619640629
3022277,415.8785391508135
3022278,12.291557730259921
3022279,809.5262830628494
3022280,718.5201322844763
3022281,201.67716698890675
3022282,122.88456894714774
3022283,81.48243576355901
3022284,2988.10448613475
3022285,20.961372103669593
3022286,1.2229545807047804
3022287,17.72392982232203
3022288,20.50247968636
3022289,0.19705758798141387
3022290,201.8330840209777
3022291,12.924446383867078
3022292,12.09926590821765
3022293,4.904914636248943
3022294,48.35416395277697
3022295,6.807700044994177
3022296,261.80865882499916
3022297,179.84540025629968
3022298,6.123531396655757
3022299,8.783048459520659
3022300,321.28456107307727
3022301,79.18385917130112
3022302,2252.4673752610793
3022303,0.2301544198732618
3022304,22.92097905510839
3022305,1.8495357665466627
3022306,0.0
3022307,0.6408626022794051
3022308,1366.877158009348
3022309,0.0
3022310,139.33780899988707
3022311,2.4241308087109434
3022312,629.8753187489784
3022313,297.7224666880383
3022314,162.39688046425692
3022315,77.08126163025699
3022316,30.4616906244018
3022317,2499.9623811066554
3022318,4.054512329744046
3022319,0.07405320447565734
3022320,7.1562307297357926
3022321,5.155603357571976
3022322,0.0
3022323,151.51983734288564
3022324,2.1182859224387354
3022325,0.21984741531339447
3022326,1.3738139130750624
3022327,8.17847459137145
3022328,0.4206499660147498
3022329,128.72227757741157
3022330,159.72883791011165
3022331,0.5762319573614738
3022332,2.5195117623339414
3022333,113.11889872039664
3022334,29.662834366608532
3022335,285.071336783851
3022336,7.708414062140659
3022337,2.2816173220361056
3022338,4.989459139836079
3022339,0.5737512573167727
3022340,5.934416252998079
3022341,3570.9054659607386
3022342,0.310219218566168
3022343,389.06410492543455
3022344,7.493734905914074
3022345,1612.876838339782
3022346,742.5645316779685
3022347,389.98885676038316
3022348,246.2459181297956
3022349,65.12954737303976
3022350,5341.3171636719935
3022351,10.572182859250674
3022352,0.6943104324453752
3022353,16.143638365357567
3022354,22.264944255585885
3022355,0.41488691545993406
3022356,331.0602472720201
3022357,4.928920827199735
3022358,1.4327492991964799
3022359,4.551031621166668
3022360,38.88620406859084
3022361,2.520069877960958
3022362,300.5629742980951
3022363,387.72687047409914
3022364,1.7445306406902512
3022365,6.397686367073853
3022366,229.19002057538302
3022367,63.45042582249544
3022368,854.5309904578319
3022369,58.25700122835549
3022370,5.897654380640914
3022371,2.782706796251407
3022372,0.043422807626587206
3022373,0.8019947277088151
3022374,1704.9801271325782
3022375,0.0
3022376,181.01538434390133
3022377,4.0323274205237105
3022378,834.6385461733238
3022379,380.19407474983205
3022380,194.14476277590967
3022381,77.1332250557312
3022382,37.87679928194096
3022383,2712.5715581986196
3022384,5.8031530253059245
3022385,0.3379756662862203
3022386,9.078547550499486
3022387,8.092587767645515
3022388,0.0
3022389,173.92770670375205
3022390,2.081843988027303
3022391,0.2995068468880208
3022392,12.32675732102938
3022393,14.366522983147288
3022394,1.069408540359779
3022395,148.62415740117171
3022396,189.1034212644224
3022397,0.7725339231479275
3022398,3.3490146155262037
3022399,135.3818820935703
3022400,36.88966306093754
3022401,286.10194333595996
3022402,3.413603797003778
3022403,3.055051569605987
3022404,3.030532064371335
3022405,0.007443326911752355
3022406,2.069296987894973
3022407,1582.1660537842984
3022408,0.0
3022409,144.734305766845
3022410,3.1997113019562198
3022411,708.987161807172
3022412,357.1484915539607
3022413,153.7875581887016
3022414,77.22616222899111
3022415,32.166593976776916
3022416,2508.9834837969793
3022417,5.3905604832273255
3022418,0.24981127995674543
3022419,8.467311328287119
3022420,11.43828191995241
3022421,0.0
3022422,168.4881918612343
3022423,1.5025215524038944
3022424,0.22069532649274576
3022425,2.0973756662587095
3022426,13.434585577514571
3022427,0.9439045972483694
3022428,127.57272935262787
3022429,177.61047186995924
3022430,0.7030001783348891
3022431,3.0852588262499148
3022432,113.10351163945549
3022433,33.26563449764541
3022434,233.0343548033495
3022435,9.337236306150253
3022436,2.503794937830592
3022437,2.6374619148995397
3022438,0.040212663563898965
3022439,0.8086844302931762
3022440,1674.3433970772141
3022441,0.0
3022442,181.72824683844254
3022443,3.4874543377419727
3022444,837.9113210582996
3022445,343.7855539810562
3022446,194.90904642638537
3022447,79.11604760704171
3022448,35.81240406562048
3022449,2723.199249902079
3022450,5.828409454645854
3022451,0.32347208921569476
3022452,9.11596374900501
3022453,12.88243506382375
3022454,0.0
3022455,167.9675857273789
3022456,0.8474378552979915
3022457,0.3043312132859392
3022458,2.266686400963799
3022459,14.423570575709237
3022460,1.1585387238261529
3022461,136.3818842690511
3022462,213.72108487932417
3022463,0.7782959745334026
3022464,3.3651601556789505
3022465,120.92130873842734
3022466,38.375726565361326
3022467,343.4161000033258
3022468,10.045491598598778
3022469,2.964350140623006
3022470,6.0775488962475475
3022471,0.3200644555453391
3022472,0.8226867990050293
3022473,1754.0506660461028
3022474,0.0
3022475,183.14288183139587
3022476,3.5221950526849777
3022477,844.4059562955271
3022478,372.5282025942927
3022479,184.56191338286044
3022480,100.10718118407226
3022481,36.097396210332526
3022482,2815.9309672811896
3022483,5.881273240775728
3022484,0.3337180690354253
3022485,9.194278933189102
3022486,9.02262949861797
3022487,0.0
3022488,183.6638195899886
3022489,3.567177379073679
3022490,0.31442900937734897
3022491,2.291976245165574
3022492,22.778255615847126
3022493,1.1752495743115121
3022494,123.82190173399678
3022495,184.51117320235807
3022496,0.7920630836527003
3022497,3.398954100582981
3022498,121.86519208822237
3022499,36.04757897543513
3022500,531.1937983473788
3022501,10.131002947829659
3022502,2.995041117690184
3022503,2.499230560350136
3022504,0.0
3022505,0.6371833281228609
3022506,1479.831893036093
3022507,0.0
3022508,167.05051742625045
3022509,2.9664498117010214
3022510,709.5722842152368
3022511,308.8195722701489
3022512,176.3327725200444
3022513,124.72290020644796
3022514,30.51227525611863
3022515,2339.0623086468026
3022516,5.03561426080741
3022517,0.18609729917973153
3022518,7.941475386155212
3022519,10.922267840448633
3022520,0.0
3022521,155.9539408580455
3022522,0.41372330560239867
3022523,0.2000602392811893
3022524,1.8874160458887281
3022525,12.632855958276489
3022526,0.9391995342712562
3022527,79.57417192525664
3022528,158.76759958692412
3022529,0.6352238832261958
3022530,2.85835428606274
3022531,98.72599749556306
3022532,31.262179207059198
3022533,164.15645792467467
3022534,0.0
3022535,1.8055056405746757
3022536,4.068899357380836
3022537,0.3906462393820487
3022538,4.01928162582705
3022539,2426.258762484742
3022540,0.1860704493046854
3022541,260.78437589834544
3022542,5.436085975820384
3022543,1015.7958486391956
3022544,597.0340460638955
3022545,306.8960413219927
3022546,286.59788131520236
3022547,51.797818030209186
3022548,3791.9663373837648
3022549,8.79357716435722
3022550,0.8323805406026756
3022551,13.508718644620165
3022552,20.06496342326473
3022553,0.26740587588156706
3022554,232.12034257974565
3022555,1.178212625908524
3022556,0.49259065452531126
3022557,8.010589951259783
3022558,21.12110002869652
3022559,2.08651938548409
3022560,164.08433598394083
3022561,259.7029110226584
3022562,1.744907684347289
3022563,5.2606867826786665
3022564,206.94663508028347
3022565,51.349624727738586
3022566,664.0164304000359
3022567,38.279363497283356
3022568,6.030230025203805
3022569,1.6498378819484774
3022570,0.03145942389277919
3022571,0.9788733111217428
3022572,1607.0303370457086
3022573,0.0
3022574,130.43598085722405
3022575,2.3645537675497446
3022576,491.9474001334362
3022577,362.9569625484511
3022578,181.11484741515227
3022579,166.68712376856158
3022580,26.600796235370836
3022581,2281.4123434841385
3022582,4.119729144377546
3022583,0.12497310742484981
3022584,6.584635158925727
3022585,8.903426235253646
3022586,0.0
3022587,141.27954478632898
3022588,1.3190808115342887
3022589,0.1878130524917877
3022590,3.645366991101316
3022591,18.121233468771916
3022592,0.7306789642320052
3022593,85.30014059552975
3022594,154.2735999628283
3022595,0.8647132751579408
3022596,2.272861391418158
3022597,90.4128073037694
3022598,26.366496931402033
3022599,453.5189836075702
3022600,35.9880126042991
3022601,2.3263240406980996
3022602,3.2919957866768126
3022603,0.2038235314168338
3022604,1.4654997912590209
3022605,2052.408153774394
3022606,0.0
3022607,246.62147252448017
3022608,4.188037783446845
3022609,788.6573937830365
3022610,443.5936407367817
3022611,227.55411196217057
3022612,154.2509624725673
3022613,41.55957360628033
3022614,3063.8585202294908
3022615,6.894463895397386
3022616,0.6664565749496136
3022617,10.695272685989018
3022618,9.171833180301654
3022619,0.07318507190585048
3022620,167.29614918162795
3022621,2.9961482833741093
3022622,0.5504109621721772
3022623,2.7412636622824835
3022624,16.83150554412162
3022625,1.4936704505887508
3022626,132.072145983996
3022627,185.48415498214013
3022628,1.204796333108664
3022629,3.85209142590272
3022630,153.7227978930746
3022631,41.19829133064871
3022632,503.0795301791068
3022633,3.8376670539950295
3022634,3.859030099901122
3022635,5.403854661121411
3022636,0.1274078460916556
3022637,5.164311386665476
3022638,3087.976511521633
3022639,0.12291923141563751
3022640,562.5664750414263
3022641,13.556716073214185
3022642,1029.9099822639057
3022643,886.3041958614775
3022644,256.7854894924251
3022645,134.67653488127976
3022646,89.33353522618103
3022647,3800.847906944659
3022648,23.79136865033376
3022649,1.1535927809652853
3022650,26.031377274917165
3022651,23.21339228238976
3022652,0.3109996424167262
3022653,231.30392006271603
3022654,16.05009465388637
3022655,13.34612093354159
3022656,5.466974566927727
3022657,49.34233998538065
3022658,7.550876808145138
3022659,286.82412910024743
3022660,286.0825260319335
3022661,6.98978833949424
3022662,9.248913812202158
3022663,376.3962890469322
3022664,93.94982085128454
3022665,2103.4345170045103
3022666,0.3472467997890851
3022667,23.107943709927557
3022668,3.827168569426291
3022669,0.3956601764498552
3022670,1.993999278166965
3022671,2449.4158857501297
3022672,0.1438691392119709
3022673,312.6289654110362
3022674,5.1291554126769565
3022675,1073.054443058912
3022676,571.6347742543649
3022677,292.20534775255976
3022678,211.53207301655232
3022679,49.279942401816704
3022680,3750.039166418653
3022681,8.326531173123126
3022682,0.6754525943208807
3022683,12.816812228078662
3022684,17.677211341091258
3022685,0.18604750506568385
3022686,237.0663181878919
3022687,3.0774028610113877
3022688,5.948914082862861
3022689,7.379190844332563
3022690,33.396883834466415
3022691,1.5442369962900553
3022692,156.21162757077371
3022693,285.2745013477414
3022694,1.8723141275187525
3022695,4.644721091266254
3022696,165.525293213526
3022697,48.85312299385923
3022698,782.9320869019912
3022699,48.343556239097616
3022700,5.095668345719995
3022701,3.827168569426291
3022702,0.3956601764498552
3022703,1.993999278166965
3022704,2422.5567852033128
3022705,0.1438691392119709
3022706,312.6289654110362
3022707,5.1291554126769565
3022708,1056.0972475163323
3022709,530.8488995298892
3022710,270.85952035134716
3022711,252.02997285933478
3022712,49.279942401816704
3022713,3642.795164110223
3022714,8.326531173123126
3022715,0.6754525943208807
3022716,22.171201949049678
3022717,18.93309939989118
3022718,0.18604750506568385
3022719,233.3077218376763
3022720,3.0774028610113877
3022721,1.1780793443526092
3022722,4.513529884101549
3022723,33.396883834466415
3022724,1.5442369962900553
3022725,156.21162757077371
3022726,251.3802809530057
3022727,1.7764258964382722
3022728,4.644721091266254
3022729,165.525293213526
3022730,48.85312299385923
3022731,782.9320869019912
3022732,0.5176403063029685
3022733,4.17819589358016
3022734,2.9354613349928305
3022735,0.11751749230439923
3022736,2.623601344464481
3022737,1620.8932019102556
3022738,0.0
3022739,182.57568510245568
3022740,3.9076691463258797
3022741,557.7658280181139
3022742,343.54339761788736
3022743,137.7531037060778
3022744,85.21919981004683
3022745,39.25959620701883
3022746,2286.116978410682
3022747,6.467836300236968
3022748,0.515303015912601
3022749,18.499047803979167
3022750,13.257876642402492
3022751,0.00412257733003881
3022752,149.61613774982985
3022753,1.1014126612031498
3022754,0.6981556134525357
3022755,3.5545510928591955
3022756,16.47540873759012
3022757,1.5263608082942979
3022758,124.8807457348814
3022759,152.81832484060686
3022760,1.223108861104752
3022761,3.601990024172096
3022762,132.33828049074546
3022763,38.917838118269174
3022764,493.43935263506864
3022765,6.930685435433029
3022766,2.9315347824821623
3022767,2.8836998187363467
3022768,0.03600832387878956
3022769,1.5866862113722728
3022770,2032.8487598400832
3022771,0.08915964121053557
3022772,301.1842850478399
3022773,4.836007355521272
3022774,625.2079513436433
3022775,505.958293439341
3022776,138.38165199304697
3022777,77.92424145971977
3022778,46.87513024800732
3022779,2606.81074092985
3022780,8.510218584495252
3022781,0.40682165864693653
3022782,19.180150870918496
3022783,16.118284891979513
3022784,0.11432234696954233
3022785,136.31545909855504
3022786,4.318934718621936
3022787,1.1189410875149064
3022788,6.731851936576563
3022789,30.709103592805373
3022790,3.1040031735596627
3022791,196.96874402165776
3022792,191.54033544986265
3022793,2.5861955476811103
3022794,4.0565710969206705
3022795,157.56064508731595
3022796,46.46872495451987
3022797,872.5004483577975
3022798,0.24204354423691113
3022799,5.127182432740567
3022800,4.440007697571705
3022801,0.5192767666945329
3022802,6.88834969794431
3022803,3488.6357335421585
3022804,0.6330241478592933
3022805,642.9629145771955
3022806,9.710179736366326
3022807,1045.6928385586118
3022808,976.6698280104472
3022809,329.19564666536195
3022810,165.8823517692988
3022811,86.85993893119544
3022812,4191.309552172978
3022813,15.117738933571147
3022814,1.2173314167153744
3022815,33.97385369177218
3022816,40.5981279319757
3022817,0.4468301325105267
3022818,233.48097114684566
3022819,8.273977981074635
3022820,15.713384081600196
3022821,6.497201233656221
3022822,38.54446878118901
3022823,7.289025485593575
3022824,293.0794328982454
3022825,333.82334232490985
3022826,9.081121873633695
3022827,8.279766456514027
3022828,289.98883955187534
3022829,86.11410818186594
3022830,1798.3053860216774
3022831,0.8687812258900725
3022832,18.361766484165255
3022833,0.8998116791602153
3022834,0.0
3022835,0.1895497728920706
3022836,1015.9702280656213
3022837,0.0
3022838,175.08784877900206
3022839,1.4772567038323312
3022840,322.159461130431
3022841,239.64425561055623
3022842,85.62713464310391
3022843,34.11291710764562
3022844,19.321939320641697
3022845,1231.602472132152
3022846,2.7280211729999295
3022847,0.0
3022848,4.3723490789312365
3022849,6.894350393847031
3022850,0.0
3022851,59.21787642195077
3022852,0.024724379949645946
3022853,2.9589763963551063
3022854,1.2744430611315314
3022855,13.50750587263655
3022856,1.1547659775869197
3022857,67.02035675766834
3022858,86.07562503208001
3022859,0.8970283291637074
3022860,1.1464031631832432
3022861,66.30550478743312
3022862,18.41029120380264
3022863,30.77135808869517
3022864,0.0
3022865,1.249460833893439
3022866,1.7906453803201448
3022867,0.0
3022868,0.6696399401089633
3022869,1253.7084907954238
3022870,0.0
3022871,197.702916021995
3022872,2.4770522670650887
3022873,284.31579858435543
3022874,251.51184180321928
3022875,75.4096716987855
3022876,41.16770139050815
3022877,27.52366695655087
3022878,1548.5591000571626
3022879,3.765839132715624
3022880,0.19364480816682467
3022881,6.540574424711382
3022882,5.293798179194616
3022883,0.0
3022884,74.75956415198729
3022885,0.6364877196290721
3022886,5.0107206040360985
3022887,1.590433663397007
3022888,16.02657971994791
3022889,0.4281787599665614
3022890,122.54325916271382
3022891,96.21170225174758
3022892,1.5688896884416954
3022893,1.7170260081083337
3022894,93.4693206986048
3022895,23.49879779730076
3022896,357.8189755182798
3022897,0.09377936974808342
3022898,2.157320305184121
3022899,5.511052972095368
3022900,0.410583391451541
3022901,5.728964092938947
3022902,3151.752267781414
3022903,0.3909934044494575
3022904,637.8584111005621
3022905,8.06197049309497
3022906,911.6586014860133
3022907,789.4158023397972
3022908,271.6898575195694
3022909,156.73242632957604
3022910,68.64754710366591
3022911,4044.895353873916
3022912,11.776710241735813
3022913,1.514769926362938
3022914,17.412166753797024
3022915,26.225143171742783
3022916,0.5047848220645079
3022917,228.40362285640273
3022918,2.8081054201307
3022919,12.61125070069424
3022920,4.957633316637571
3022921,47.486232500532964
3022922,2.8860485244107092
3022923,232.12002494151153
3022924,332.104550607772
3022925,5.647681923796231
3022926,6.356173692508698
3022927,229.6700773511979
3022928,68.05631880465732
3022929,1173.832444239835
3022930,1.135783327261162
3022931,14.083506477959533
3022932,4.268140392851953
3022933,0.18204721331071455
3022934,1.9748437542918194
3022935,2587.8793605412807
3022936,0.1656311051352338
3022937,435.13444101338524
3022938,6.332106342569448
3022939,1032.819092555219
3022940,661.3563003609952
3022941,244.7131625320472
3022942,318.6632235909548
3022943,55.35233774511935
3022944,3861.0360939114107
3022945,8.925315864691356
3022946,0.9951472381931477
3022947,14.505951617804694
3022948,19.640180189802376
3022949,0.3327689725791096
3022950,236.95765207076778
3022951,0.5298558407965863
3022952,1.9037767574611393
3022953,3.8203645179496206
3022954,24.363360000215888
3022955,1.6589380763852548
3022956,187.6191104634496
3022957,261.7824421140307
3022958,4.178573717210728
3022959,4.951933724456934
3022960,199.64996569241447
3022961,54.87397062128323
3022962,894.0649807898519
3022963,1.0046790186401582
3022964,5.009986700830344
3022965,4.346084701958049
3022966,0.3929038146333801
3022967,1.8061427038107762
3022968,2405.356610001888
3022969,0.09952908158324178
3022970,405.9709937218938
3022971,5.4798267100858995
3022972,1005.9052491736741
3022973,582.2525493489995
3022974,220.10380353612464
3022975,320.1304360016346
3022976,52.15664097585249
3022977,3602.789380350071
3022978,7.763924777502448
3022979,0.9086921651701322
3022980,18.952025490004136
3022981,10.729107996371614
3022982,0.2750165237164949
3022983,229.16938489377978
3022984,0.267872016910418
3022985,1.5273476407664854
3022986,3.5470054359116348
3022987,38.18222312258957
3022988,1.5081517885329634
3022989,159.91990022138026
3022990,233.78957509584293
3022991,3.884900873107041
3022992,4.614404242358649
3022993,177.62350897415388
3022994,51.70540167551664
3022995,969.8440128068955
3022996,0.8909952475735293
3022997,4.669165080083227
3022998,11.23413484128368
3022999,0.9680670731798973
3023000,11.03706792609242
3023001,6270.503052925213
3023002,0.568237769897983
3023003,1024.9067240689617
3023004,31.687427482717975
3023005,1888.0606727055895
3023006,1608.4190644221176
3023007,452.84787737619666
3023008,314.38797260681713
3023009,207.70363745444837
3023010,7194.017286605351
3023011,56.34026501603209
3023012,3.063185113351898
3023013,45.855505071023366
3023014,71.14508202251821
3023015,1.5957122878656242
3023016,496.48256526028774
3023017,34.99612312511195
3023018,31.214531444790317
3023019,20.720339009714987
3023020,106.33999223013645
3023021,17.232188857603703
3023022,645.3154395827539
3023023,703.374260948779
3023024,16.035835412712252
3023025,23.05908273282908
3023026,723.348250114427
3023027,226.95668774035968
3023028,4799.119979978416
3023029,1.190824776074885
3023030,65.919135420671
3023031,2.3098523037988494
3023032,0.0
3023033,0.7373308525386164
3023034,1461.0417280749539
3023035,0.0
3023036,172.04277502562826
3023037,3.011771335523338
3023038,492.2146826286919
3023039,302.82935060978417
3023040,106.88553155637854
3023041,167.38314151204924
3023042,32.84501717672108
3023043,1956.4048156672131
3023044,3.9882641646498036
3023045,0.18170390338509598
3023046,8.264954409546874
3023047,6.261690992115671
3023048,0.0
3023049,121.9560266983066
3023050,0.3414144943556873
3023051,0.3942801543459209
3023052,2.034442439241237
3023053,14.965608595535022
3023054,0.5528395897866136
3023055,85.75109911350954
3023056,120.25593518352446
3023057,1.3884528291704628
3023058,2.475973511834311
3023059,96.34514299206761
3023060,30.07827720956458
3023061,438.12498753426104
3023062,0.17006093768355535
3023063,2.4412772752666427
3023064,4.277559480766461
3023065,0.4389691467359326
3023066,1.7701740351132238
3023067,2509.1779796290525
3023068,0.1351089412968359
3023069,337.5951698679067
3023070,5.3967693731100805
3023071,1102.7444744786017
3023072,583.6411091759841
3023073,184.1826922895172
3023074,354.17357110168945
3023075,52.96587970789514
3023076,3735.984529769457
3023077,7.314753776710286
3023078,0.6098949161198352
3023079,13.772969756642288
3023080,18.237420724223092
3023081,0.30822433332548294
3023082,240.84281889492797
3023083,1.0923688828531468
3023084,1.1282875573346693
3023085,5.661882942229387
3023086,15.9207341257009
3023087,1.1916327007965175
3023088,184.20662111788823
3023089,282.2320249027278
3023090,2.8083880233823577
3023091,4.542439746093615
3023092,146.9829929747493
3023093,50.56893779905825
3023094,950.8475555674959
3023095,0.855522588712741
3023096,4.350917650144375
3023097,1.4503216278696647
3023098,0.0
3023099,1.0103273707012554
3023100,1057.6438241004319
3023101,0.0
3023102,142.53436576832866
3023103,1.969960338779455
3023104,428.4513447860596
3023105,210.79828401900156
3023106,71.66219572929253
3023107,180.41130681623133
3023108,24.05585445264625
3023109,1575.9074948947
3023110,2.492454102873009
3023111,0.0
3023112,5.858952027824013
3023113,4.166079746239344
3023114,0.0
3023115,85.83705089213619
3023116,0.016026592355776657
3023117,0.03220159207167101
3023118,0.8584947239926588
3023119,9.50323897125886
3023120,0.14958496096617058
3023121,82.8654289753776
3023122,96.34048685911361
3023123,0.5996311981611896
3023124,1.5733030637572805
3023125,81.98405507504279
3023126,17.82159501899431
3023127,236.12940811818928
3023128,0.0
3023129,1.063516779837364
3023130,3.639415604336567
3023131,0.20564993587570976
3023132,1.2280407020723898
3023133,1943.3505941325502
3023134,0.026093760773837238
3023135,255.1431634601482
3023136,4.247318944886413
3023137,765.4473451716058
3023138,403.2801180458548
3023139,165.72968312880454
3023140,215.61871614336206
3023141,44.087007246214206
3023142,3000.3506876269503
3023143,3.7263580561175997
3023144,0.5172274401283697
3023145,11.89968241987382
3023146,16.004106934351935
3023147,0.15532673689692397
3023148,183.384642110351
3023149,0.6454506443653527
3023150,0.6971344583967312
3023151,5.686450538442046
3023152,29.0489879512278
3023153,1.291328591673902
3023154,151.10066120026266
3023155,210.98276506142685
3023156,1.8262246405593698
3023157,3.54650580382398
3023158,145.61603343084388
3023159,41.3023949273793
3023160,688.1829775136125
3023161,0.363768247789956
3023162,1.6475702758413797
3023163,3.500385027182874
3023164,0.318568781194837
3023165,1.4917002060239164
3023166,2371.1896817859333
3023167,0.12219572139110799
3023168,438.2509155906042
3023169,4.868270576872913
3023170,943.1794572367182
3023171,521.3259484202673
3023172,168.16238507598928
3023173,261.53853711357175
3023174,55.22773304318064
3023175,3443.1138370256735
3023176,5.339410791310409
3023177,0.9462466819268557
3023178,12.884642406910531
3023179,21.5148604994194
3023180,0.2808764868292284
3023181,199.3533433303152
3023182,2.1954899719633265
3023183,2.3772900427754178
3023184,4.2411700877336616
3023185,32.60489303415421
3023186,1.5624773903959226
3023187,169.099786999652
3023188,255.91777632915617
3023189,2.272720675511117
3023190,4.084525357880591
3023191,157.25482081906648
3023192,46.30833061434415
3023193,677.4973484617365
3023194,1.14649905004778
3023195,2.109203423859751
3023196,2.212351939888179
3023197,0.0
3023198,1.420856727969798
3023199,1346.6984004834824
3023200,0.0
3023201,110.86098766388821
3023202,2.0833720459787854
3023203,445.3904813169974
3023204,218.34051278447316
3023205,75.57794013918081
3023206,158.8557858890796
3023207,29.91889699658671
3023208,1778.9704712118303
3023209,3.0515602291263444
3023210,0.024996595240395086
3023211,9.714630318952665
3023212,4.8409722360523455
3023213,0.0
3023214,86.18315324918146
3023215,0.3032654206212287
3023216,0.4974426142338823
3023217,0.7636996764398039
3023218,10.563295421560149
3023219,0.40907289342234315
3023220,111.74163805160073
3023221,97.37375870795711
3023222,0.8871524082742683
3023223,1.6658724923485955
3023224,72.09017833366737
3023225,25.01423394078619
3023226,352.1897080167817
3023227,0.0
3023228,0.6306477347993465
3023229,3.0304447110514108
3023230,0.07496469238295898
3023231,1.3793784553347912
3023232,2491.965269375853
3023233,0.05230478078346155
3023234,345.6576023212017
3023235,4.44135147508103
3023236,966.3250329661981
3023237,586.9990063871497
3023238,191.78553416487426
3023239,237.1588937753567
3023240,54.143334740389584
3023241,3305.939457410226
3023242,6.415406609523556
3023243,0.6321255511854849
3023244,16.862867130313546
3023245,16.279951318016657
3023246,0.11415940301471893
3023247,221.05117557167216
3023248,0.8308008760786866
3023249,5.854345561993833
3023250,2.0235647729203046
3023251,32.89090552963608
3023252,1.4045188469195449
3023253,164.066155581673
3023254,234.71671635207167
3023255,2.199760373264148
3023256,3.934062932039982
3023257,158.11400249075086
3023258,46.29135180613998
3023259,1007.1221274082557
3023260,0.5287188405488266
3023261,1.7615045756818624
3023262,5.5602444045545205
3023263,0.19340856384999766
3023264,5.09439927765394
3023265,2903.990525397827
3023266,0.16559266002735504
3023267,497.60990199116304
3023268,9.012553060391022
3023269,1056.9820716927698
3023270,719.3299995539803
3023271,223.10417469098644
3023272,131.47171908543564
3023273,71.51519170954707
3023274,3808.2425402149274
3023275,20.82586833937982
3023276,1.0243572071756233
3023277,22.184419777766806
3023278,28.552979957788946
3023279,0.2049328505466161
3023280,233.44527714641163
3023281,12.651613406564444
3023282,13.608973694774031
3023283,6.611976734455923
3023284,42.96121997903629
3023285,6.6132367644064765
3023286,202.21959003451207
3023287,271.50043112084
3023288,6.66150434928423
3023289,8.079098664477137
3023290,206.35650871804265
3023291,64.83141901925028
3023292,1602.6860233162156
3023293,0.6781697407832518
3023294,9.140483611182086
3023295,5.5602444045545205
3023296,0.19340856384999766
3023297,5.09439927765394
3023298,2704.8067255681135
3023299,0.16559266002735504
3023300,497.60990199116304
3023301,9.012553060391022
3023302,962.8440824166846
3023303,665.2283293808257
3023304,231.39416942236682
3023305,125.9150439527842
3023306,71.51519170954707
3023307,3907.6493651846017
3023308,19.886798089443214
3023309,1.0243572071756233
3023310,26.713248652960097
3023311,28.552979957788946
3023312,0.2049328505466161
3023313,233.44527714641163
3023314,12.651613406564444
3023315,10.576302058450025
3023316,4.826240395694311
3023317,42.96121997903629
3023318,6.6132367644064765
3023319,193.49620233937472
3023320,316.85930004139425
3023321,5.663451869341705
3023322,8.079098664477137
3023323,206.35650871804265
3023324,64.83141901925028
3023325,1551.4105346933284
3023326,0.6781697407832518
3023327,12.131243495016054
3023328,5.5602444045545205
3023329,0.26369530602237595
3023330,4.870525915657552
3023331,3082.0089730392215
3023332,0.16559266002735504
3023333,527.8255688407314
3023334,9.012553060391022
3023335,1177.2712732211078
3023336,719.3299995539803
3023337,231.39416942236682
3023338,364.5187623957486
3023339,71.51519170954707
3023340,4209.349582636063
3023341,19.886798089443214
3023342,1.0501758060173594
3023343,22.184419777766806
3023344,20.608797170525733
3023345,0.2049328505466161
3023346,265.08922149992225
3023347,4.962099663647114
3023348,9.94571106289137
3023349,8.056407968567106
3023350,30.98778534565694
3023351,3.4999493600773137
3023352,193.49620233937472
3023353,316.85930004139425
3023354,5.663451869341705
3023355,8.079098664477137
3023356,188.87266432776119
3023357,64.83141901925028
3023358,1487.4433837486542
3023359,38.78267623809895
3023360,9.140483611182086
3023361,4.1307196302752835
3023362,0.0
3023363,4.348241527065477
3023364,2661.4984156686232
3023365,0.014810380645218942
3023366,463.03002169201335
3023367,9.813541894497813
3023368,828.5004862963182
3023369,721.0070947424878
3023370,223.32129943713824
3023371,114.90906939535863
3023372,76.17234238345937
3023373,3240.551858655179
3023374,19.547532471679503
3023375,0.8483408999711459
3023376,15.147119746482858
3023377,17.182620348071193
3023378,0.13324729138082386
3023379,200.1767752527237
3023380,13.357800860631224
3023381,10.871028788390246
3023382,2.6530504427804833
3023383,32.18253844049578
3023384,6.295010948560876
3023385,244.88943830804118
3023386,245.05795955302113
3023387,5.816329450305557
3023388,8.153230724615163
3023389,300.5363727052147
3023390,74.02174464552621
3023391,2162.2880206822892
3023392,0.1989026174609955
3023393,22.01223066135161
3023394,4.378542398597996
3023395,0.10580983168899494
3023396,3.6401823432864546
3023397,2927.277568964439
3023398,0.0
3023399,463.6840413968327
3023400,7.20898396958157
3023401,1094.1825681030282
3023402,598.0229643972058
3023403,215.02439489179397
3023404,177.984293598921
3023405,61.53672484594182
3023406,4013.306647294612
3023407,13.06928380175474
3023408,0.6808760188246348
3023409,24.46615245328369
3023410,14.055578103412804
3023411,0.0
3023412,249.7234627311922
3023413,0.6484810664117251
3023414,0.979563720283902
3023415,5.548384833984144
3023416,25.225800306985754
3023417,2.3539117434156
3023418,167.7941690915823
3023419,293.51392599667525
3023420,3.7171872777751167
3023421,6.443673451257756
3023422,169.0052170298648
3023423,52.97315351682418
3023424,1366.754701128335
3023425,0.3997064070798596
3023426,4.834973461943627
3023427,5.16864657544107
3023428,0.16061802102963046
3023429,5.074635296325177
3023430,2714.972187010283
3023431,0.1402346376961402
3023432,478.66705036968347
3023433,8.717985733107696
3023434,972.7459043777375
3023435,704.6236070285657
3023436,226.08421414093544
3023437,126.33582570260036
3023438,74.13325984803076
3023439,3588.842677950706
3023440,15.985687912518847
3023441,0.7973274797470542
3023442,25.40457133765576
3023443,21.590975894935646
3023444,0.16948396481281747
3023445,214.718280647635
3023446,5.826388777172604
3023447,10.947771552666083
3023448,4.593268337858864
3023449,42.06369945745844
3023450,6.176853657296762
3023451,198.8224546596814
3023452,273.6470621716014
3023453,5.9641536620001006
3023454,9.629546060591501
3023455,200.25612131440369
3023456,62.894671714661
3023457,1490.5485903231593
3023458,0.6416603604296107
3023459,6.593113449386488
3023460,5.16864657544107
3023461,0.16061802102963046
3023462,3.024664902007762
3023463,2714.972187010283
3023464,0.1402346376961402
3023465,481.1782556718827
3023466,8.717985733107696
3023467,1015.0088786949703
3023468,670.0034249427273
3023469,242.13427103981493
3023470,126.33582570260036
3023471,74.13325984803076
3023472,3682.5239962149867
3023473,15.985687912518847
3023474,0.7973274797470542
3023475,18.753209972682953
3023476,21.590975894935646
3023477,0.16948396481281747
3023478,214.718280647635
3023479,5.826388777172604
3023480,10.947771552666083
3023481,7.58439692066398
3023482,40.51574646153563
3023483,6.176853657296762
3023484,198.8224546596814
3023485,268.00951199697346
3023486,5.9641536620001006
3023487,7.811993380579423
3023488,200.25612131440369
3023489,62.894671714661
3023490,1490.5485903231593
3023491,0.6416603604296107
3023492,7.767890009977432
3023493,3.59674130949855
3023494,0.0
3023495,1.8802558396330629
3023496,3219.519283916372
3023497,0.0
3023498,448.2624995302062
3023499,5.481113253271138
3023500,1019.4354130579572
3023501,614.2732042564248
3023502,218.68740637142133
3023503,278.16082723377554
3023504,71.8234784438317
3023505,3981.17777153317
3023506,5.987020896655889
3023507,0.41310428493722456
3023508,11.468694144917633
3023509,9.961242727537599
3023510,0.0
3023511,205.10038651402635
3023512,0.6128068474606945
3023513,4.08377147502461
3023514,1.9929898527375267
3023515,34.438341569752545
3023516,2.560102818430387
3023517,132.26547236881802
3023518,233.56463583868518
3023519,2.905666721495339
3023520,4.876889373488231
3023521,133.2216124797299
3023522,42.947722346333336
3023523,1499.8579826444288
3023524,0.7610014089096759
3023525,1.3923477650093519
3023526,10.652929869030487
3023527,0.25918087802302936
3023528,12.884115454734191
3023529,8703.587364236311
3023530,0.5393604677466434
3023531,1663.4485795447172
3023532,32.49795768860981
3023533,2402.791944398633
3023534,2158.732788384507
3023535,726.3310746929719
3023536,285.4083399885008
3023537,208.08403837728122
3023538,9313.924305537706
3023539,63.47627981241551
3023540,2.4662198818092627
3023541,70.05612180293487
3023542,87.16720497638124
3023543,1.0346648590847558
3023544,706.0821442718598
3023545,31.038727093743518
3023546,26.381700824781085
3023547,67.47115715008938
3023548,124.46770084206238
3023549,16.694474737857007
3023550,632.7743672926063
3023551,905.8467385525552
3023552,24.95366800936139
3023553,33.310036560757624
3023554,868.0715265720141
3023555,231.11919449247176
3023556,6459.196228984857
3023557,321.6529146097562
3023558,69.08030060737298
3023559,14.966160348936153
3023560,0.14439303729483327
3023561,11.756844034534971
3023562,7933.228221520262
3023563,0.3854012811587113
3023564,1480.6122404525177
3023565,29.147658375256192
3023566,2606.7586527040844
3023567,1921.4904720411428
3023568,646.4352145029063
3023569,253.94695811553524
3023570,185.11657599405055
3023571,8975.552956279118
3023572,56.39368975582713
3023573,1.5358015028652459
3023574,54.89933833306086
3023575,76.06781257010569
3023576,0.8901183352851751
3023577,628.4105884876062
3023578,16.063295545755842
3023579,24.158540921159265
3023580,38.15822337106809
3023581,142.76188869560144
3023582,15.25783473493756
3023583,619.1712252037464
3023584,851.5143232114863
3023585,21.338092337958013
3023586,28.775232938468573
3023587,772.6057619455335
3023588,207.9037858053697
3023589,5093.461035619092
3023590,245.05770616348158
3023591,65.01643698299905
3023592,12.822028817411379
3023593,0.03656525617000636
3023594,9.963250876471902
3023595,6200.666148160096
3023596,0.15905784852855298
3023597,1081.1162179112032
3023598,23.535375107546667
3023599,1887.253345480778
3023600,1608.8554509384167
3023601,541.1494277110161
3023602,161.4990411198028
3023603,150.46914393504483
3023604,7445.00789162571
3023605,45.70928963826741
3023606,1.3527929646662291
3023607,40.07204495739499
3023608,60.68017328933562
3023609,0.5813154794600135
3023610,526.0559628206287
3023611,22.451136725119746
3023612,20.08552241094459
3023613,30.033006909328495
3023614,84.55666363485062
3023615,11.547925003140804
3023616,578.0644872972266
3023617,603.0359640870062
3023618,18.245775139697116
3023619,16.076818827501636
3023620,637.897784833813
3023621,143.6917014109205
3023622,3308.636642987213
3023623,269.6516894258037
3023624,35.23971226193301
3023625,14.225868524894901
3023626,0.1418444076775065
3023627,10.873348077713516
3023628,6830.540771223843
3023629,0.2767780075970342
3023630,1309.628430516798
3023631,26.02731997822937
3023632,2022.3734819592796
3023633,1772.361043003837
3023634,596.2130442078549
3023635,211.93912852149867
3023636,165.85316617400127
3023637,8201.264565561449
3023638,50.4533367220029
3023639,1.542492441210898
3023640,52.49777073374861
3023641,50.90462992945598
3023642,0.7419223982741263
3023643,563.1131112588816
3023644,14.043391117737096
3023645,22.227081657025032
3023646,38.209011831958406
3023647,90.60607559389942
3023648,12.822359863509833
3023649,580.7161800193729
3023650,785.3839698414263
3023651,20.20047974198907
3023652,25.693441262914213
3023653,671.3147313779989
3023654,158.3873700762997
3023655,4554.899976899709
3023656,279.4677583543454
3023657,51.04836662367346
3023658,10.702494789991785
3023659,0.0
3023660,7.973961208050825
3023661,5032.052613690159
3023662,0.03798284796795596
3023663,877.2071992847166
3023664,19.905234550049514
3023665,1771.7436008018522
3023666,1292.8035470045077
3023667,481.81001650081674
3023668,131.99931667653442
3023669,117.49031010391171
3023670,6041.916304293922
3023671,35.539443415255334
3023672,0.9364464180632815
3023673,38.600155618275174
3023674,33.871946179727715
3023675,0.33126930674208266
3023676,414.6033117738052
3023677,18.661998956189716
3023678,15.951578156402427
3023679,28.844950236872766
3023680,89.00673079148342
3023681,7.360352330534278
3023682,484.77110977269916
3023683,631.3450322366872
3023684,14.055461496968626
3023685,12.358744268910034
3023686,520.8393789227105
3023687,103.47320601413287
3023688,3316.63018577849
3023689,159.603236705331
3023690,34.339980655685025
3023691,14.076641970571831
3023692,0.22963596208104942
3023693,9.873297869470647
3023694,6483.218419866606
3023695,0.33726150288833845
3023696,1219.305070204523
3023697,26.49378561571746
3023698,1891.1451330655518
3023699,1775.632912146264
3023700,565.85013696309
3023701,241.41712988168388
3023702,158.71419776307624
3023703,7784.253248383176
3023704,46.07475765312088
3023705,1.4463483251398173
3023706,50.01795633750352
3023707,61.162778155786214
3023708,0.553207729847659
3023709,534.4330376422246
3023710,12.426869923751395
3023711,20.839178678277783
3023712,20.765534174995032
3023713,114.95811657573856
3023714,12.716492700491902
3023715,531.2132623830595
3023716,745.4034239262987
3023717,18.39636007235383
3023718,23.42188123131286
3023719,614.1020528996783
3023720,168.1627180092246
3023721,5652.7668430193735
3023722,222.52833359959664
3023723,52.24152992888022
3023724,4.279007500592013
3023725,0.011542487428615607
3023726,4.248720915172914
3023727,2392.734605596477
3023728,0.0
3023729,438.8158921434667
3023730,12.583600350762918
3023731,806.9456184208202
3023732,610.8918083713214
3023733,212.72881879061865
3023734,99.31147834727885
3023735,73.4663074427887
3023736,3106.418363549552
3023737,18.82703677211077
3023738,0.7835291435424003
3023739,17.239329566824566
3023740,18.960271779673533
3023741,0.11488459251117018
3023742,197.98939275610522
3023743,11.684952113871109
3023744,9.211933328607817
3023745,7.305021649182633
3023746,39.920531903418734
3023747,6.039212641684402
3023748,236.26736735550705
3023749,236.45914708827613
3023750,3.9451182263174998
3023751,7.832274260215593
3023752,268.7875634118179
3023753,71.39112004543142
3023754,1491.002717216591
3023755,0.15686330294608083
3023756,16.993221589521312
3023757,10.374739993623367
3023758,0.007933926614971196
3023759,7.190763913016957
3023760,4226.24823013312
3023761,0.1813118604945466
3023762,772.4317824481994
3023763,19.74299193611128
3023764,1541.2629158471634
3023765,1182.8048887855252
3023766,391.6756257865604
3023767,132.7415868363593
3023768,114.17172136222328
3023769,5530.7308056012425
3023770,34.516073779045406
3023771,0.930745345313153
3023772,35.05622825744302
3023773,30.856260956862496
3023774,0.27818117535584425
3023775,344.1436812253296
3023776,16.202188227435588
3023777,13.186849603307929
3023778,4.262102675355013
3023779,66.33188537880046
3023780,9.722220453944633
3023781,370.4415851185846
3023782,436.4996782656088
3023783,12.464916347810693
3023784,17.425359553112614
3023785,427.0943471037715
3023786,90.80294787066225
3023787,2554.0007875499873
3023788,167.7703511566009
3023789,25.548603974178295
3023790,10.709649849118048
3023791,0.007933926614971196
3023792,7.202978999282965
3023793,4327.626127501712
3023794,0.1813118604945466
3023795,758.9462519420597
3023796,19.30935622183707
3023797,1541.2629158471634
3023798,1346.5057625125478
3023799,357.6911887561164
3023800,158.96494004097354
3023801,111.76403727253546
3023802,5305.25894077442
3023803,33.773604319054904
3023804,1.0222784771791273
3023805,36.33490877997418
3023806,34.49342637971363
3023807,0.5585517344434792
3023808,177.11071110736628
3023809,7.345722352713479
3023810,22.50305986661953
3023811,4.262102675355013
3023812,80.44568006155785
3023813,9.722220453944633
3023814,362.67653668342433
3023815,476.2233827077131
3023816,15.987630211228499
3023817,13.111085344719045
3023818,418.14496320800276
3023819,88.88379189764808
3023820,2951.0951283260947
3023821,2.7388741269814427
3023822,35.28378745833327
3023823,6.9171430606374935
3023824,0.9264662266761425
3023825,13.656403938978878
3023826,3978.3451684436995
3023827,1.0066841309061645
3023828,795.542138112378
3023829,7.092278751098527
3023830,1285.4657471829648
3023831,724.1246050366899
3023832,297.2684610807846
3023833,61.89557132027662
3023834,26.38841816604073
3023835,5720.451226203325
3023836,12.023100258429505
3023837,2.657665468439087
3023838,46.607280064989816
3023839,41.492950893733884
3023840,1.5025604287391428
3023841,133.56538572319664
3023842,6.939072129988488
3023843,11.369476116237339
3023844,8.057589981276031
3023845,98.29029630093605
3023846,5.932095966142654
3023847,97.27895452247131
3023848,468.53075985093807
3023849,6.104044474675886
3023850,13.321972433610544
3023851,138.17180429791435
3023852,89.49750227815402
3023853,2423.8444873101143
3023854,4.861499436175846
3023855,30.844689848949923
3023856,5.275423482951933
3023857,0.333066284978858
3023858,6.154191571141629
3023859,2479.08173362106
3023860,0.40250389399734526
3023861,466.30545278300144
3023862,6.756506151711258
3023863,1015.7463836368071
3023864,523.2868212506979
3023865,253.36886981982275
3023866,85.29590832842875
3023867,61.91217533711282
3023868,3429.5476290016964
3023869,11.56995059545695
3023870,1.4833861945009268
3023871,14.775879069858265
3023872,23.457867652801134
3023873,0.3325025654316036
3023874,241.55400724338557
3023875,3.7474053684691384
3023876,7.773281789223735
3023877,4.727696245787797
3023878,43.19333018567734
3023879,3.63861495583752
3023880,134.8331395064485
3023881,257.32782708478334
3023882,5.453728491672151
3023883,6.08970109207539
3023884,119.7699032817751
3023885,69.43385793956942
3023886,1359.8303938025188
3023887,1.0299976461387261
3023888,3.8647281634244117
3023889,4.290530811228479
3023890,0.02801785976251239
3023891,0.5011671842652049
3023892,1712.1525555323615
3023893,0.0
3023894,221.69304521829815
3023895,3.234091996144693
3023896,941.2892384552463
3023897,199.36636924034127
3023898,160.59781932241637
3023899,92.34970907949585
3023900,31.550971130579928
3023901,2656.723675600484
3023902,5.436237727065489
3023903,0.42126869359980845
3023904,11.057813398619496
3023905,7.539487408568504
3023906,0.0
3023907,181.6965885140696
3023908,0.1886203195411078
3023909,0.27067178780420115
3023910,2.1793177833906174
3023911,12.36910002043525
3023912,0.9054525750996182
3023913,60.51993859500432
3023914,175.4842648412635
3023915,0.2727224512268437
3023916,2.8700989932679866
3023917,62.960478116980525
3023918,50.169260733901375
3023919,604.1151533082739
3023920,0.21746827661526522
3023921,1.3233924953508778
3023922,4.85135983224615
3023923,0.18888883437847337
3023924,5.932890018665318
3023925,3616.9501698007643
3023926,0.17372383655388526
3023927,625.5357511993159
3023928,15.091009228786666
3023929,1193.6513934538223
3023930,909.3945500914651
3023931,303.52932803694614
3023932,153.2605885143872
3023933,106.89037292844628
3023934,4549.164826128397
3023935,27.456170558781665
3023936,1.2288295583388296
3023937,29.81049699310644
3023938,37.975675156845114
3023939,0.28496061723629024
3023940,270.62992934642403
3023941,15.963642681219536
3023942,14.814896648716848
3023943,19.67386738792363
3023944,66.87704026189121
3023945,8.448852402285656
3023946,338.3365444735758
3023947,326.8324632256051
3023948,8.119075283714958
3023949,11.865311697874033
3023950,437.98919393400246
3023951,103.33473945626625
3023952,2065.9110307625347
3023953,0.42576870295783625
3023954,34.25704567942104
3023955,5.167602193230421
3023956,0.22900713776997994
3023957,5.784152780627994
3023958,3852.89082214637
3023959,0.22618601763282445
3023960,662.9187730287923
3023961,16.140366747867297
3023962,1271.5592738469445
3023963,1108.938795621155
3023964,307.99344336900015
3023965,177.0752066425261
3023966,113.92632527047444
3023967,4661.18581226457
3023968,29.31190851253772
3023969,1.760132100426562
3023970,31.819769763175277
3023971,30.751753745122162
3023972,0.37585800545839776
3023973,278.26134873802346
3023974,16.880459039502384
3023975,18.110119329412
3023976,6.948257138672648
3023977,60.77109517484465
3023978,10.40574584121831
3023979,360.466005054902
3023980,400.8378735238433
3023981,7.40964011445503
3023982,12.726623149836172
3023983,466.6173927560929
3023984,110.13881506103853
3023985,2966.332508109718
3023986,0.4894965864187978
3023987,36.16254656923906
3023988,5.2684283384905894
3023989,0.31282883502473446
3023990,7.081041860785321
3023991,4234.647262339392
3023992,0.3695974431824654
3023993,757.1369278232845
3023994,19.836895837403667
3023995,1444.5828506500648
3023996,1225.3204127009835
3023997,350.7342891966605
3023998,199.83323933114315
3023999,127.22119644979416
3024000,5256.727140040773
3024001,32.04938041398459
3024002,2.1294294976672807
3024003,38.738126953855144
3024004,48.91682572244908
3024005,0.5367746649857927
3024006,333.2508857556494
3024007,19.948644369497693
3024008,19.98102787530413
3024009,13.485637755512334
3024010,71.21832811419193
3024011,12.366065421862494
3024012,407.5432293549575
3024013,384.0315001907196
3024014,12.559406212379763
3024015,17.0488542917396
3024016,521.3092041235046
3024017,123.64799643378564
3024018,4206.992615930376
3024019,0.5969431666356849
3024020,37.98301972130172
3024021,7.397517241067779
3024022,0.22373479587850661
3024023,5.116821964273739
3024024,3292.2743603291465
3024025,0.0805958406159285
3024026,471.67906088164864
3024027,11.603817611340803
3024028,1618.3596760685778
3024029,839.9858878996221
3024030,411.23631259268524
3024031,300.78094869718046
3024032,67.13821471968895
3024033,4888.703868657069
3024034,16.858135398550374
3024035,1.3499223923656025
3024036,25.61006040629556
3024037,20.00336792091629
3024038,0.21720066256652687
3024039,341.8793123827864
3024040,10.072085849414538
3024041,4.274893120854608
3024042,8.107332075277792
3024043,43.389629733018154
3024044,3.8276033679884973
3024045,258.5883589031078
3024046,356.10525395594914
3024047,4.848269187276795
3024048,10.66228595465584
3024049,330.87525675675147
3024050,75.84019370658064
3024051,996.5768878402239
3024052,66.44461211020626
3024053,12.441969567615025
3024054,4.7169209049186325
3024055,0.006472167899264668
3024056,3.8495505619052133
3024057,2357.449865360557
3024058,0.0762357002271951
3024059,369.34896757185953
3024060,13.474348772112274
3024061,725.2954167826749
3024062,660.1975117340123
3024063,177.73559565734735
3024064,116.23158374676083
3024065,81.91517014193167
3024066,2844.2323618426935
3024067,20.471763582900515
3024068,1.180774452456047
3024069,17.30649708906584
3024070,21.234987726972072
3024071,0.1746994085510444
3024072,198.60785043404002
3024073,12.614013703962058
3024074,11.80722986537807
3024075,4.773270014652715
3024076,68.81002589962671
3024077,6.39100746180724
3024078,255.94958234811935
3024079,167.00230002422546
3024080,5.964718839165965
3024081,8.546640729139593
3024082,314.0995242516604
3024083,77.39623404054448
3024084,1866.716118762242
3024085,0.20272926251112014
3024086,19.07620840399875
3024087,1.7860079967446854
3024088,0.0
3024089,0.6042810850729693
3024090,1264.3090420471829
3024091,0.0
3024092,134.78846010481783
3024093,2.7288378512461904
3024094,584.0181528080598
3024095,292.0204251900291
3024096,157.10002266880406
3024097,45.14682499804836
3024098,30.626750676385882
3024099,2294.251616658954
3024100,3.941826642652506
3024101,0.05367325505879506
3024102,6.974395093793448
3024103,5.018369862318808
3024104,0.0
3024105,135.93241003383693
3024106,2.048766615966753
3024107,0.19265204310458012
3024108,1.320891922906356
3024109,8.860966050315014
3024110,0.37284892659281393
3024111,125.83023913210602
3024112,146.17219401485232
3024113,0.5410913207295871
3024114,2.441047496091772
3024115,110.57472320483518
3024116,28.979234776111458
3024117,466.851161576525
3024118,7.426112277798028
3024119,2.208456692764505
3024120,4.855929676566707
3024121,0.5386659256027032
3024122,5.779819843083414
3024123,3303.071755971956
3024124,0.28100909041674305
3024125,376.4193464145608
3024126,7.958191403891081
3024127,1476.7546970199073
3024128,651.6593934788984
3024129,357.0109744647406
3024130,99.46906937896301
3024131,65.47648824972012
3024132,4979.124618288199
3024133,10.314191723494622
3024134,0.6621612234808563
3024135,25.809777781118996
3024136,13.002717999584615
3024137,0.3884602039573738
3024138,297.1239078636514
3024139,4.796741009733905
3024140,1.378513398991385
3024141,4.427276494758713
3024142,48.12971968730113
3024143,2.4016290212899807
3024144,293.8399061278625
3024145,354.9397749904428
3024146,1.6833438632498203
3024147,6.232761777562837
3024148,224.05814653137065
3024149,62.013563066337454
3024150,1917.5108676696582
3024151,49.46344481784482
3024152,5.74387754273935
3024153,2.6983748396562954
3024154,0.020160659206753105
3024155,0.7618209184904121
3024156,1577.05989212878
3024157,0.0
3024158,149.0835116889694
3024159,4.307506384348292
3024160,690.9352730765199
3024161,350.85395240543
3024162,176.4721353942546
3024163,51.98350375993702
3024164,44.09784324695797
3024165,2528.599817166771
3024166,5.65148300789708
3024167,0.3125878397928225
3024168,8.853855635331021
3024169,11.943497891696701
3024170,0.0
3024171,164.70246100732263
3024172,2.013137120847224
3024173,0.27053554117767237
3024174,11.894742106274766
3024175,15.509144296226605
3024176,0.999778524814626
3024177,145.28842491457232
3024178,159.5715188292709
3024179,0.733016915374973
3024180,3.2520573488008213
3024181,132.3413739123725
3024182,36.04494799504216
3024183,538.5021216659125
3024184,16.32761488671615
3024185,2.9646479376623645
3024186,2.940675072165487
3024187,0.0
3024188,0.6767081825510022
3024189,1451.7400186760526
3024190,0.0
3024191,164.4677088226231
3024192,3.4293609467153106
3024193,717.8982217866796
3024194,319.1915282291766
3024195,167.27327538786244
3024196,46.807645680848296
3024197,39.79059656827401
3024198,2338.814383195905
3024199,5.248088835722413
3024200,0.22609635544462386
3024201,8.256246360523631
3024202,7.77980090764356
3024203,0.0
3024204,155.44285717599917
3024205,1.446730144213126
3024206,0.19348105088680714
3024207,2.0283225346481557
3024208,14.50791004684468
3024209,0.8784974508657774
3024210,124.70631902396423
3024211,154.67561013235408
3024212,0.6650333612230982
3024213,2.994181751400625
3024214,110.55967916466139
3024215,32.50171380360086
3024216,404.11914581693907
3024217,9.002132780574403
3024218,2.4256810636841424
3024219,2.5563680588735664
3024220,0.017022082342988937
3024221,2.16490531609873
3024222,1548.720409061291
3024223,0.0
3024224,175.8047216403751
3024225,3.732838417846493
3024226,693.6452346910527
3024227,341.12943675222897
3024228,187.51723548084317
3024229,47.96264252534091
3024230,36.0055360050725
3024231,2538.5069843128704
3024232,5.6761763684564865
3024233,0.2983594652595913
3024234,8.890437674225904
3024235,8.799184224804007
3024236,0.0
3024237,161.59229845808582
3024238,0.806250933493862
3024239,0.2752523527796252
3024240,2.1938586427963083
3024241,15.57043382401311
3024242,1.0533007057140622
3024243,133.31908196235003
3024244,186.14936222332375
3024245,0.7386505071431656
3024246,3.2678429390381494
3024247,118.20318569311551
3024248,37.49788108526708
3024249,549.8911805475642
3024250,0.08012413533260199
3024251,2.875968613321405
3024252,2.5563680588735664
3024253,0.2906348369245886
3024254,0.7820516791557984
3024255,1583.6384286730583
3024256,0.0
3024257,150.83777161146773
3024258,3.7694788330954743
3024259,808.5471114164044
3024260,354.9666179496415
3024261,190.1008270262744
3024262,60.79130045633302
3024263,36.2920233274844
3024264,2659.559871473304
3024265,5.727861605267716
3024266,0.3084110296168641
3024267,11.62624798575785
3024268,12.572938987522772
3024269,0.0
3024270,166.63928393432678
3024271,3.4653563748985987
3024272,0.2851250278274134
3024273,2.218584673264057
3024274,15.698717852024334
3024275,1.0691968305859152
3024276,121.0391126450876
3024277,168.8642678529732
3024278,0.75211069127165
3024279,3.3008834791322568
3024280,119.12602603482844
3024281,35.22163739698487
3024282,821.5060643886391
3024283,6.169471433315409
3024284,2.9059753633825522
3024285,2.421218444786706
3024286,0.0
3024287,0.6006838369377867
3024288,1387.5227506138458
3024289,0.0
3024290,161.60280207984982
3024291,3.183344194366708
3024292,617.4727362385496
3024293,284.97307318418564
3024294,170.65159048098417
3024295,69.18051916732222
3024296,37.755999721309095
3024297,2180.4133370565537
3024298,4.901055811717025
3024299,0.16359133498723996
3024300,7.742133445376519
3024301,7.415562428990287
3024302,0.0
3024303,147.67658620267082
3024304,0.3822056493664709
3024305,0.17330600389850753
3024306,1.823043770222207
3024307,23.46712489056533
3024308,0.8446552421267747
3024309,77.7778451319081
3024310,133.94826108203415
3024311,0.598768076056531
3024312,2.772335838504696
3024313,96.50269842820353
3024314,30.54292369953489
3024315,733.8802505968258
3024316,0.0
3024317,1.7429594817915668
3024318,3.955892924787317
3024319,0.3596430650374388
3024320,3.907381374761501
3024321,2378.181436215277
3024322,0.15962810337699435
3024323,252.29807794537908
3024324,5.788025609694181
3024325,1014.9946104815008
3024326,583.9520945117794
3024327,292.033653060236
3024328,113.62605892997462
3024329,69.40558653576001
3024330,3534.8149758671047
3024331,8.575238400920957
3024332,0.7976114783492312
3024333,22.9254270903443
3024334,19.595339506642684
3024335,0.24373375829209573
3024336,238.87157470017786
3024337,1.1296513858977788
3024338,0.4593147235394797
3024339,11.746235290915026
3024340,22.76597703758583
3024341,1.9360383311451017
3024342,160.4039330855382
3024343,237.71397255246174
3024344,1.683712501066534
3024345,5.121110549454441
3024346,202.31065678530462
3024347,50.18253816298423
3024348,1658.4457230099886
3024349,31.06728949493984
3024350,5.8734975356736445
3024351,1.5907621921630544
3024352,0.008463988071122135
3024353,2.472423912089725
3024354,1492.2710655724002
3024355,0.0
3024356,126.17520367574737
3024357,2.548535122918327
3024358,522.690858176539
3024359,354.9954302871168
3024360,165.75440453167025
3024361,53.4667124374411
3024362,26.745600559963577
3024363,2210.9689516079034
3024364,4.00558950859868
3024365,0.1036269628119844
3024366,6.415542718653536
3024367,8.682638488172122
3024368,0.0
3024369,130.3284321440972
3024370,1.2673790453459401
3024371,2.120750791919286
3024372,3.5418028216948594
3024373,20.396503655741558
3024374,0.6463009439659531
3024375,83.3761586157298
3024376,134.33535944779015
3024377,0.8231412138131955
3024378,2.1998959675379854
3024379,93.22188980142005
3024380,25.756386141513072
3024381,1285.5743020555633
3024382,37.04131875463687
3024383,2.2521667163981
3024384,3.1963097021124156
3024385,0.1769853969094953
3024386,3.5045851998600535
3024387,1875.118702372548
3024388,0.0
3024389,196.60749938734276
3024390,4.471731339575416
3024391,672.9756579302464
3024392,422.6908848001623
3024393,215.5007450169842
3024394,73.61933260511515
3024395,55.75294650903113
3024396,2856.0706119728293
3024397,6.71846410941659
3024398,0.6348358874814812
3024399,18.285948042977626
3024400,8.945061548119112
3024401,0.053140535502111834
3024402,166.80629052751243
3024403,2.907057845829465
3024404,0.5158459807953336
3024405,2.657855642107317
3024406,18.15741761293189
3024407,1.37209332382798
3024408,129.1054253144844
3024409,185.5999858907988
3024410,1.1556424338825753
3024411,3.743918526028418
3024412,136.81324214973517
3024413,40.25751937433141
3024414,876.639640753139
3024415,19.02913124767724
3024416,3.7507025086944017
3024417,5.2610866321908345
3024418,0.10227332875718774
3024419,5.006188404340183
3024420,2856.354469159884
3024421,0.09788478360239353
3024422,515.0325656771596
3024423,6.8734123474252184
3024424,942.9580718330232
3024425,818.0092894404838
3024426,235.04262039778038
3024427,127.39028457362421
3024428,89.80745947260314
3024429,3543.094402539864
3024430,23.23866796863534
3024431,1.1127287792960021
3024432,19.049002970808466
3024433,24.038250847357773
3024434,0.28651329728797476
3024435,218.55589540620605
3024436,15.669978530765484
3024437,13.026287408755953
3024438,5.322799337956691
3024439,56.41988362389662
3024440,7.094521296897793
3024441,298.08433256582526
3024442,261.8686038473969
3024443,6.811663383016491
3024444,9.020423738476596
3024445,367.982587118302
3024446,91.83300223381212
3024447,2611.526516683709
3024448,0.3172111758926446
3024449,27.232769298693995
3024450,3.7195513016334076
3024451,0.36454522100616793
3024452,1.9272508277128133
3024453,2276.7920251803826
3024454,0.11836763254111093
3024455,355.0964321605891
3024456,5.464311394122367
3024457,979.2697963252948
3024458,527.5596549170344
3024459,267.4749973104686
3024460,91.4202810431292
3024461,49.543730193950275
3024462,3450.2454866387143
3024463,8.118604768979356
3024464,0.6436612091452465
3024465,21.654621388547262
3024466,17.260820153253086
3024467,0.16389496771289228
3024468,206.11713101420187
3024469,2.986500927656058
3024470,9.666270977105405
3024471,7.192384518426818
3024472,39.35240039615261
3024473,1.4855819148523723
3024474,152.7067394399558
3024475,254.43711847832134
3024476,1.8082785351832642
3024477,4.518877244597536
3024478,176.69629489577002
3024479,47.74169363099789
3024480,1445.7674582521697
3024481,47.57995872656233
3024482,4.95977104623623
3024483,3.7195513016334076
3024484,0.36454522100616793
3024485,1.9272508277128133
3024486,2229.888986574603
3024487,0.11836763254111093
3024488,302.46201469816344
3024489,5.464311394122367
3024490,966.936577075523
3024491,519.2147432765963
3024492,247.92957974541585
3024493,104.34023781670527
3024494,65.66597426174911
3024495,3440.5238804580945
3024496,8.118604768979356
3024497,0.6436612091452465
3024498,21.654621388547262
3024499,18.286925539999512
3024500,0.16389496771289228
3024501,217.18544409035246
3024502,2.986500927656058
3024503,4.884496999070057
3024504,4.390610824307467
3024505,22.4477757946133
3024506,1.4855819148523723
3024507,152.7067394399558
3024508,230.0933131658134
3024509,1.7145280437101666
3024510,4.518877244597536
3024511,161.8127655036891
3024512,47.74169363099789
3024513,1445.7674582521697
3024514,0.4838059164515094
3024515,4.06275279559246
3024516,2.8477238569484715
3024517,0.0926034712788506
3024518,2.5428164970630913
3024519,1538.692441104597
3024520,0.0
3024521,207.43306488208682
3024522,4.176031515787779
3024523,504.20536350821214
3024524,325.3730485291034
3024525,132.80545627896552
3024526,59.632607599379405
3024527,47.84359794107765
3024528,2131.0575361083643
3024529,6.30134778271426
3024530,0.4865504376540647
3024531,14.370155624479539
3024532,12.940010442638581
3024533,0.0
3024534,138.67240814369612
3024535,1.0545636055193681
3024536,0.6602968014432777
3024537,3.4530115800812418
3024538,28.715462877108305
3024539,1.3649323698770282
3024540,122.0743506962824
3024541,139.8445468830034
3024542,1.1735467009694
3024543,3.4993929042065166
3024544,129.36562659804724
3024545,38.02790676147023
3024546,761.2213511818843
3024547,28.27601268206796
3024548,2.8438848433018316
3024549,2.7971163159211976
3024550,0.012911474530565865
3024551,3.4350691743682824
3024552,1880.3438114042401
3024553,0.06487783230091113
3024554,275.6966078120464
3024555,5.155133342915363
3024556,495.8710713892299
3024557,466.93822639663813
3024558,141.99896124382389
3024559,77.06209870400514
3024560,62.42218265741838
3024561,2392.3114165480865
3024562,8.29819703905788
3024563,0.380127492918184
3024564,11.043190200476968
3024565,15.736648530439732
3024566,0.0935094644257475
3024567,126.08174046702494
3024568,4.200353978431453
3024569,1.07170125174519
3024570,9.937353109087288
3024571,38.05759917316598
3024572,2.84176714559715
3024573,192.55521359826685
3024574,175.30055672000378
3024575,2.5062446279935635
3024576,3.9438395115151623
3024577,154.02568185610593
3024578,45.41045354515318
3024579,844.1840714106398
3024580,0.21435332982070915
3024581,9.041571740593692
3024582,4.318727747065543
3024583,0.4854058934690916
3024584,3.473981972606274
3024585,3226.970889964717
3024586,0.5966173817592841
3024587,591.7349719788849
3024588,10.29583641486631
3024589,1051.0169454773613
3024590,910.0377083183482
3024591,301.34535635149433
3024592,164.05938321143245
3024593,113.41260666460727
3024594,3856.784079742335
3024595,14.758408820673084
3024596,1.17525798690317
3024597,19.702107420579026
3024598,49.493994434358335
3024599,0.41980679793354525
3024600,252.3954341944669
3024601,8.06722320184114
3024602,15.340774609905566
3024603,6.330058052046682
3024604,72.47910113659853
3024605,6.54601426841912
3024606,286.5232033762356
3024607,281.80970568027
3024608,8.856372566307048
3024609,8.072882628563356
3024610,283.5015119559142
3024611,84.17197954601833
3024612,1739.9770707364041
3024613,0.8271184733384611
3024614,10.372720467273782
3024615,0.8574571312939633
3024616,0.0
3024617,0.1630298586564043
3024618,939.7143159966582
3024619,0.0
3024620,160.23575197286303
3024621,1.6127186632644417
3024622,294.9026365749071
3024623,228.57804681544962
3024624,78.32058510729495
3024625,33.729355016246714
3024626,26.82430848563793
3024627,1133.2469191421596
3024628,2.644908381900539
3024629,0.0
3024630,4.252577514878957
3024631,6.232057086395222
3024632,0.0
3024633,54.73001461865452
3024634,0.0018790957162752226
3024635,2.870714671722009
3024636,1.223736452387899
3024637,16.8695795583561
3024638,0.9616171816861818
3024639,65.50390568634649
3024640,82.76196576776132
3024641,0.8547358335166038
3024642,1.098551085783917
3024643,64.80499068098139
3024644,17.977556677055883
3024645,30.063044984978312
3024646,0.0
3024647,3.0523945659494527
3024648,1.728430517323433
3024649,0.0
3024650,0.6324168587170171
3024651,1183.4219360275624
3024652,0.0
3024653,155.28478104236532
3024654,2.6671852930110265
3024655,283.86639643506817
3024656,232.07626076282955
3024657,72.93268949425534
3024658,40.707075129088636
3024659,27.673313013618547
3024660,1443.5037958740272
3024661,3.6595891481073144
3024662,0.17099563146797006
3024663,9.885586907517371
3024664,5.15348375794679
3024665,0.0
3024666,72.30365656783762
3024667,0.6000037363933223
3024668,3.6378298950721595
3024669,1.5326823358342687
3024670,12.792695846239493
3024671,0.39828271387294534
3024672,119.78897622974803
3024673,78.87642202178735
3024674,1.5116186639155598
3024675,1.6564524210646212
3024676,92.60437591562368
3024677,22.95261971272867
3024678,349.8194376479648
3024679,0.06939456825471024
3024680,2.0869307631774516
3024681,5.365895055765359
3024682,0.37913573670347456
3024683,5.578948049301056
3024684,2915.348100705218
3024685,0.3599824903801023
3024686,546.432732521444
3024687,8.557499388994852
3024688,878.1439153405363
3024689,716.0709138486161
3024690,267.48765631104686
3024691,149.04755558466258
3024692,95.9785438752229
3024693,3770.5961889832943
3024694,11.491865279762507
3024695,1.4670526590238928
3024696,17.0016844903972
3024697,25.342582186295413
3024698,0.47667903217302166
3024699,204.07629706230824
3024700,2.7232072246590544
3024701,12.307800429466866
3024702,4.8248133807212685
3024703,58.72278052200878
3024704,2.634453693378976
3024705,226.9228291545418
3024706,323.4650557982096
3024707,5.499477991096173
3024708,6.192174589761026
3024709,241.46062733520785
3024710,66.51677191568768
3024711,1104.33124928328
3024712,1.0881680093016408
3024713,6.870003297144288
3024714,4.150692065271499
3024715,0.15569456171607404
3024716,4.5115908033661745
3024717,2442.8549088085006
3024718,0.13964443552034583
3024719,420.99621446228184
3024720,6.733042382178328
3024721,948.7059132258145
3024722,610.3754059152175
3024723,223.9885316062152
3024724,136.15444148262952
3024725,77.4660463397536
3024726,3599.202016981315
3024727,8.704040108525584
3024728,0.9572897096981607
3024729,14.160260738433742
3024730,19.180026423296695
3024731,0.3078760283069785
3024732,233.11747893571533
3024733,0.49574911687849443
3024734,7.351823923297422
3024735,3.7128989402042905
3024736,26.249324426868146
3024737,1.600079602691482
3024738,183.41402149055435
3024739,259.764962848769
3024740,4.063122195993915
3024741,4.819240855687592
3024742,195.17665990663363
3024743,53.62831201779355
3024744,1960.7471746449764
3024745,0.9599865502324488
3024746,4.875999594535484
3024747,4.226898677948444
3024748,0.36185030973227733
3024749,1.7435823422908285
3024750,2279.4391655906843
3024751,0.07501609557147106
3024752,392.77816241144194
3024753,5.8341581855324485
3024754,877.7454025289683
3024755,569.4939419696186
3024756,208.94399357926645
3024757,135.20281517957483
3024758,72.21917704577162
3024759,3402.7388640216323
3024760,7.568541163664975
3024761,0.8724751047708579
3024762,22.9452043517096
3024763,17.83062797732839
3024764,0.25120225738532337
3024765,217.46250626010166
3024766,0.2396059805355648
3024767,10.28932547303407
3024768,3.4456341465907077
3024769,44.96627890663254
3024770,1.4526311326077797
3024771,156.3323395745419
3024772,224.8546676473445
3024773,3.775996516890343
3024774,4.489236281853964
3024775,173.64126271055153
3024776,50.53038339209263
3024777,1949.1129527402134
3024778,0.8488372539119622
3024779,4.542776277245564
3024780,10.961386097067946
3024781,0.9241908343035058
3024782,10.768712606858687
3024783,5800.244266437685
3024784,0.5332753562969836
3024785,938.3768125185964
3024786,34.596220958424524
3024787,1656.7766078949544
3024788,1592.7195067711616
3024789,382.09872812687047
3024790,297.4506612696126
3024791,232.3870002167443
3024792,6706.217415261733
3024793,55.061916732396575
3024794,2.9860869707865247
3024795,44.810904832959075
3024796,68.80634557278435
3024797,1.5472305759877694
3024798,485.68938416187984
3024799,34.19362278435397
3024800,30.496338200147047
3024801,20.016227972364735
3024802,127.93761701349119
3024803,16.259147138730576
3024804,630.9064334045177
3024805,643.963945109817
3024806,15.656037186212105
3024807,22.522707689763656
3024808,847.5814868901862
3024809,221.8746037905443
3024810,5201.352169520192
3024811,1.1419823598171581
3024812,64.42723506263337
3024813,2.236062201669653
3024814,0.0
3024815,0.6985986647325653
3024816,1352.7520858712692
3024817,0.0
3024818,166.43322501930606
3024819,3.2311440008845254
3024820,491.82602798952684
3024821,265.96097985055985
3024822,95.91539507653519
3024823,97.92397186697403
3024824,40.61162612624441
3024825,1876.6064286874084
3024826,3.8770554192521756
3024827,0.1592813030182415
3024828,12.232562753912031
3024829,6.099798293966008
3024830,0.0
3024831,115.4716362176745
3024832,0.3115088963256835
3024833,0.3631959652212843
3024834,1.966792345839853
3024835,16.15277661510247
3024836,0.5184658038914728
3024837,83.81706342978462
3024838,107.74506336602394
3024839,1.3352044778790852
3024840,2.3984798907013536
3024841,108.59441442921596
3024842,29.385415704336328
3024843,1019.406924958985
3024844,0.143975509040725
3024845,2.3645571747034366
3024846,4.159901163314744
3024847,0.4068886577737705
3024848,1.70841556186291
3024849,2265.4442493220904
3024850,0.10980273515285688
3024851,326.6188864779075
3024852,5.746559086859285
3024853,1009.649352368438
3024854,521.6802140096547
3024855,206.68933324273968
3024856,164.91099885728474
3024857,75.93261283244951
3024858,3482.628561295518
3024859,7.129384015751958
3024860,0.5793474750617325
3024861,13.443620031325839
3024862,17.808540185259616
3024863,0.2837898243483582
3024864,228.542205889701
3024865,1.0457214498602971
3024866,1.080839350647086
3024867,12.486494582692815
3024868,21.79086170734466
3024869,1.143118537637965
3024870,180.07761044523457
3024871,238.30588719999267
3024872,2.723483527532059
3024873,4.418876167610138
3024874,143.68384873424702
3024875,49.41925592880705
3024876,1996.6124948611573
3024877,0.8141554252393145
3024878,4.231623880015753
3024879,1.395693968816009
3024880,0.0
3024881,0.23294741309731826
3024882,911.7943181356848
3024883,0.0
3024884,137.881393679295
3024885,2.1323644393736063
3024886,394.54123886566754
3024887,203.9323916679233
3024888,70.04225914250213
3024889,123.21386169807779
3024890,24.187307040106752
3024891,1450.0781117959104
3024892,2.414593062174381
3024893,0.0
3024894,5.706038023156344
3024895,4.05090676657344
3024896,0.0
3024897,83.0220429884035
3024898,0.0
3024899,0.009189610295484664
3024900,0.817061299506439
3024901,10.284237035563166
3024902,0.1241376529657643
3024903,80.99572664391724
3024904,82.08020184789156
3024905,0.5639688970531045
3024906,1.5159336471020184
3024907,80.13400216118487
3024908,17.401984930323
3024909,441.8603551020325
3024910,0.0
3024911,1.0175125778508458
3024912,3.5359841156049217
3024913,0.1787710833667266
3024914,1.1783685910947395
3024915,1795.7772275629336
3024916,0.0032179474589256814
3024917,246.8397374200003
3024918,4.534254128042813
3024919,700.8014866059557
3024920,388.0262935995226
3024921,165.208524439181
3024922,125.05521046052716
3024923,61.9516151651808
3024924,2796.8684135805706
3024925,3.6209882656711248
3024926,0.4884383462968522
3024927,19.922578866617684
3024928,8.286398195958016
3024929,0.13374799019034023
3024930,178.61569591516076
3024931,0.6087668409953606
3024932,0.6592984120969191
3024933,5.537382295261779
3024934,19.20154051337607
3024935,1.1848327041007365
3024936,147.7097173472683
3024937,183.76266225032862
3024938,1.7632165707951775
3024939,3.4451456533392886
3024940,142.34736429167333
3024941,40.3593020774602
3024942,1546.0993518527991
3024943,0.3333642934595842
3024944,1.5885451402411195
3024945,3.4000530968440525
3024946,0.2891725072532277
3024947,1.436150049762618
3024948,2191.143954158793
3024949,0.097177403566063
3024950,424.01166188028105
3024951,5.189160789660007
3024952,863.5428167843321
3024953,483.20547974187826
3024954,184.87713150968418
3024955,129.32146047197202
3024956,69.40111625012992
3024957,3251.927094773834
3024958,5.1980794789757665
3024959,0.9093170319196475
3024960,21.52013005729575
3024961,21.012912465735248
3024962,0.25695277036963726
3024963,194.32946856343938
3024964,2.124249472466305
3024965,6.170205850710892
3024966,4.124323038212305
3024967,21.59212886567106
3024968,1.443379106078253
3024969,165.30756925010073
3024970,234.2480943396422
3024971,2.1997583887622114
3024972,3.971170558028684
3024973,153.7266756576422
3024974,45.25363504874818
3024975,1542.4960847192817
3024976,1.098644834939312
3024977,2.0398866033104675
3024978,2.1407355183798185
3024979,0.0
3024980,0.4047597974761469
3024981,1230.33930760773
3024982,0.0
3024983,107.23477556711482
3024984,2.3259324935160786
3024985,428.99811197395036
3024986,202.17436012071303
3024987,78.80874068888754
3024988,106.57628383995295
3024989,33.32717247456363
3024990,1684.4300781467405
3024991,2.961234433396218
3024992,0.005547485385866596
3024993,6.121515435212778
3024994,4.710753151249854
3024995,0.0
3024996,90.30482333447722
3024997,0.27421032097865083
3024998,0.46405851328469255
3024999,0.7243796200432231
3025000,11.423116983835326
3025001,0.34358230032906856
3025002,109.2281672914425
3025003,92.18577499020853
3025004,0.8450800871679488
3025005,3.279367979754264
3025006,82.4986365873033
3025007,24.434270606138227
3025008,656.3847055639867
3025009,0.0
3025010,0.5942939486350869
3025011,2.9405896663072038
3025012,0.05099934675554905
3025013,1.3263324088324595
3025014,2302.7528512794865
3025015,0.028844616970130223
3025016,419.1359937656124
3025017,4.869407716534171
3025018,884.7361832401358
3025019,574.1365706029716
3025020,188.57647641550022
3025021,110.92621700138695
3025022,70.75437496544056
3025023,3081.739211933551
3025024,6.250086963562848
3025025,0.6011562881764257
3025026,11.56762659204376
3025027,8.74348952494292
3025028,0.09334956387519772
3025029,194.14671675268556
3025030,0.789984860370368
3025031,17.07044327176213
3025032,1.9561571870494916
3025033,23.199377639267144
3025034,1.2927621265086886
3025035,160.38615799855847
3025036,214.8352338172947
3025037,2.128424669111693
3025038,3.824062553095811
3025039,154.56670266697856
3025040,45.237034767401525
3025041,2383.244732135039
3025042,0.49463746500181077
3025043,1.699939380027685
3025044,5.413989810641382
3025045,0.1668026214315772
3025046,3.105637364347423
3025047,2686.164382652954
3025048,0.13960684751066235
3025049,453.1769857482232
3025050,9.800213230848453
3025051,907.20836402135
3025052,631.2654195899237
3025053,211.79292648949928
3025054,125.01757352882747
3025055,84.94978414522947
3025056,3549.9877025937994
3025057,20.339280749966008
3025058,0.9859454252341128
3025059,21.667544537973157
3025060,21.314212460613053
3025061,0.18242758000278458
3025062,224.59946222692193
3025063,12.347263286064347
3025064,13.283280110289061
3025065,3.3069799746284194
3025066,50.649717329614326
3025067,6.259390349939217
3025068,197.6889968457799
3025069,269.40834321291726
3025070,6.4906981813630535
3025071,7.87668853973414
3025072,201.73368674562502
3025073,63.36376829442332
3025074,1516.8009746927241
3025075,0.6407564953582534
3025076,8.914410888707504
3025077,5.413989810641382
3025078,0.1668026214315772
3025079,3.105637364347423
3025080,2501.9160665829445
3025081,0.13960684751066235
3025082,453.1769857482232
3025083,9.800213230848453
3025084,881.5488328163393
3025085,652.4885683253234
3025086,204.20214981959555
3025087,119.73162478490651
3025088,71.89563411666708
3025089,3690.675718523806
3025090,19.42114620449264
3025091,0.9859454252341128
3025092,26.095407353489826
3025093,27.59495718634128
3025094,0.18242758000278458
3025095,215.00699670355723
3025096,12.347263286064347
3025097,10.318219088949844
3025098,4.696349743675157
3025099,50.649717329614326
3025100,6.259390349939217
3025101,189.16008902764435
3025102,255.72331834160693
3025103,5.514896360261325
3025104,7.87668853973414
3025105,201.73368674562502
3025106,63.36376829442332
3025107,1516.8009746927241
3025108,0.6407564953582534
3025109,8.914410888707504
3025110,5.413989810641382
3025111,0.2355223855616798
3025112,4.7396479588462235
3025113,2779.900545451944
3025114,0.13960684751066235
3025115,510.68256201716133
3025116,9.800213230848453
3025117,1077.8902021527936
3025118,663.8869281234315
3025119,211.79292648949928
3025120,143.08463019607575
3025121,84.94978414522947
3025122,3923.9009307551273
3025123,19.42114620449264
3025124,1.011274121214225
3025125,26.095407353489826
3025126,16.068664776142633
3025127,0.18242758000278458
3025128,242.64597567580563
3025129,4.82918015464666
3025130,16.057517305001515
3025131,4.696349743675157
3025132,48.718901627768965
3025133,3.290801661717018
3025134,189.16008902764435
3025135,255.72331834160693
3025136,5.514896360261325
3025137,7.87668853973414
3025138,184.63962852848766
3025139,63.36376829442332
3025140,2641.7335711190904
3025141,5.9759741275476
3025142,8.914410888707504
3025143,4.016334971757514
3025144,0.0
3025145,4.229007418630845
3025146,2461.8551621437236
3025147,0.0
3025148,421.6786425763691
3025149,10.775818908454479
3025150,809.1648097910766
3025151,647.1831190258707
3025152,200.1116691982042
3025153,108.68439323244661
3025154,76.57721798272752
3025155,3020.7846897076624
3025156,19.089444200535798
3025157,0.8132689930213228
3025158,15.778130452007824
3025159,16.777255609916363
3025160,0.1120809360324576
3025161,191.3366310891139
3025162,13.037706942651663
3025163,10.606375158477947
3025164,2.571609054913567
3025165,48.05406289642763
3025166,5.9056802956137595
3025167,239.40756023619588
3025168,244.1063999362303
3025169,5.66436567666314
3025170,7.949167894015059
3025171,293.8138975929421
3025172,72.34920409350512
3025173,2275.6222802330776
3025174,0.1721741901883133
3025175,21.49919421897839
3025176,4.258632760200162
3025177,0.08115682215073033
3025178,3.536733760817619
3025179,2707.7052839062962
3025180,0.0
3025181,448.62031875964453
3025182,7.854762291430524
3025183,1158.7070592796133
3025184,599.590553767522
3025185,206.40211501336586
3025186,109.46644326548102
3025187,77.98064690208915
3025188,3838.8050386766577
3025189,12.755622105302429
3025190,0.6489817252301321
3025191,23.898408089521986
3025192,25.276368686379413
3025193,0.0
3025194,236.97522490260985
3025195,0.6117297025792794
3025196,0.9354311742716988
3025197,5.402394638250524
3025198,27.175893923881937
3025199,2.1980293399685333
3025200,164.0310588882099
3025201,281.1099638595693
3025202,3.612021941367186
3025203,6.277723622150803
3025204,165.21510763050213
3025205,51.76987187622977
3025206,2286.3655878854956
3025207,0.3685012446589352
3025208,4.704888114273038
3025209,5.031122293684366
3025210,0.13474311349781487
3025211,3.054709264290751
3025212,2511.319286897024
3025213,0.11481415888194135
3025214,438.20962235177007
3025215,9.482473097406722
3025216,835.8817443765305
3025217,639.1468230105176
3025218,221.62715623653625
3025219,120.1319056558964
3025220,85.64109701188707
3025221,3345.4624709693862
3025222,15.607007678249516
3025223,0.7632235424652289
3025224,18.31283038849703
3025225,27.011157171223008
3025226,0.14764079486949236
3025227,222.9000871479352
3025228,5.674200740122422
3025229,10.681407013657605
3025230,4.468571582836622
3025231,47.703831196545565
3025232,5.843289364949593
3025233,194.3675974685851
3025234,238.3804155321411
3025235,5.808894283999276
3025236,7.61553812160353
3025237,195.76930184851048
3025238,61.47019898337777
3025239,1457.2958911968915
3025240,0.6050610579415449
3025241,9.264819642050988
3025242,5.031122293684366
3025243,0.13474311349781487
3025244,4.763770881489165
3025245,2511.319286897024
3025246,0.11481415888194135
3025247,438.20962235177007
3025248,9.482473097406722
3025249,890.615487448457
3025250,645.2602472540136
3025251,221.62715623653625
3025252,120.1319056558964
3025253,85.64109701188707
3025254,3345.4624709693862
3025255,15.607007678249516
3025256,0.7632235424652289
3025257,18.31283038849703
3025258,19.695715183467534
3025259,0.14764079486949236
3025260,222.9000871479352
3025261,5.674200740122422
3025262,10.681407013657605
3025263,3.4798587155636174
3025264,47.703831196545565
3025265,5.843289364949593
3025266,194.3675974685851
3025267,245.319954814833
3025268,5.808894283999276
3025269,7.61553812160353
3025270,195.76930184851048
3025271,61.47019898337777
3025272,1457.2958911968915
3025273,0.6050610579415449
3025274,7.572417994941827
3025275,3.494261204782068
3025276,0.0
3025277,3.5428821916202216
3025278,2978.0337137853357
3025279,0.0
3025280,433.6986990091689
3025281,5.990964710640206
3025282,930.3326908015734
3025283,566.9162480918701
3025284,192.9821820304585
3025285,102.10650296800821
3025286,72.20553824097033
3025287,3760.1224779994905
3025288,5.8312517147648
3025289,0.38629090760380685
3025290,20.09142224434657
3025291,15.908260787618856
3025292,0.0
3025293,191.69682518960911
3025294,0.5768508074125633
3025295,15.147442638439795
3025296,1.926263906491627
3025297,40.57417733769712
3025298,2.3946371096367387
3025299,129.29444166599652
3025300,213.78032532021672
3025301,2.818593486858565
3025302,4.745869549258019
3025303,130.22926551565013
3025304,41.96794844024106
3025305,2332.6260815197093
3025306,0.7217415078971864
3025307,1.3390125797184607
3025308,16.536566172292034
3025309,0.23110860256777485
3025310,12.57458191566886
3025311,8050.887579792908
3025312,0.5050418469434428
3025313,1328.28775676653
3025314,35.133150421556564
3025315,2178.652214008781
3025316,2107.432662428554
3025317,664.9844706748229
3025318,271.4542588633051
3025319,240.12809681728527
3025320,8682.40130888336
3025321,62.038840665415364
3025322,2.4004490377164114
3025323,68.47199115193106
3025324,84.30907729575765
3025325,0.9966621744546902
3025326,668.7924168102572
3025327,39.67069822722991
3025328,25.77125107812239
3025329,69.98351073637689
3025330,217.84168003382734
3025331,15.872074668658534
3025332,618.6449527457053
3025333,829.3589193037799
3025334,24.37505493625236
3025335,31.70387690648838
3025336,848.6963790375686
3025337,225.9443112965998
3025338,4966.495105754729
3025339,221.2723358759911
3025340,67.51792498924412
3025341,14.610209540675939
3025342,0.11887985079977256
3025343,11.472441971314758
3025344,7338.2926050212955
3025345,0.3545150383166096
3025346,1355.645932005087
3025347,31.519292222439933
3025348,2063.7597998893516
3025349,1773.5183250641671
3025350,591.8274119306303
3025351,241.5257048227405
3025352,213.6406588656718
3025353,8168.721041935331
3025354,55.114150416928815
3025355,1.4876851654768883
3025356,53.65311417985132
3025357,55.96543739909939
3025358,0.8548154348155332
3025359,634.5518398955273
3025360,28.01577558123367
3025361,23.597654472581723
3025362,29.817505608654773
3025363,120.8966355549235
3025364,14.502206517140047
3025365,605.3450801540562
3025366,779.6091614143882
3025367,20.84008518727715
3025368,28.111421602558355
3025369,755.3589355188137
3025370,203.24646871842236
3025371,5563.140089006463
3025372,224.3040147692329
3025373,63.54466145344119
3025374,12.513879442619375
3025375,0.013455990530396915
3025376,9.718835317229463
3025377,5601.28981749176
3025378,0.13321772360261414
3025379,989.8453270726144
3025380,25.46550597655525
3025381,1711.1846150941806
3025382,1620.544438664479
3025383,495.42193521457153
3025384,153.58193646201497
3025385,170.78472558474036
3025386,6763.659601368594
3025387,44.66794913832
3025388,1.3081491784846528
3025389,41.868095825851235
3025390,44.59151133403508
3025391,0.5517802794990763
3025392,491.77933171598346
3025393,29.31576201774125
3025394,19.61544015066811
3025395,29.02700591287757
3025396,128.38970090698402
3025397,10.964725188296793
3025398,565.1547790277633
3025399,552.0886632072676
3025400,17.81670834675175
3025401,15.52323738414127
3025402,595.7199974493418
3025403,140.4659334779813
3025404,3544.1974759662585
3025405,232.13346672163277
3025406,34.431781326201666
3025407,13.886421839564496
3025408,0.1163880405273863
3025409,10.608642741386452
3025410,6318.288437803173
3025411,0.2483134203800263
3025412,1187.4198909042725
3025413,28.153485336121427
3025414,2020.7790576280008
3025415,1785.237227293219
3025416,545.8412212344474
3025417,201.56453581851815
3025418,188.2321077383094
3025419,7745.947373510778
3025420,49.306232071065196
3025421,1.4942491445765105
3025422,40.72425779138606
3025423,64.74217041845245
3025424,0.7093874442957908
3025425,549.0042896145499
3025426,25.764994051528706
3025427,21.709255310010114
3025428,29.857476106384137
3025429,175.45296770282005
3025430,12.179927133708812
3025431,567.7473547081739
3025432,719.0565603815096
3025433,19.727834614122237
3025434,25.098335627925774
3025435,656.3260949864573
3025436,154.83397577452507
3025437,4407.210778431674
3025438,255.81175751747065
3025439,49.887996330288864
3025440,10.441598470017393
3025441,0.0
3025442,7.7738950258572865
3025443,4654.657084346065
3025444,0.014841978427644157
3025445,803.1349766409234
3025446,21.549792187829603
3025447,1486.4836671115995
3025448,1204.9415588669399
3025449,441.08749558999966
3025450,125.51946607380941
3025451,133.38265297373127
3025452,5632.225308656914
3025453,34.724830250111644
3025454,0.8997027261454684
3025455,37.71730669959357
3025456,34.66503497499432
3025457,0.3064043726494169
3025458,354.1404213134681
3025459,17.920135414169927
3025460,15.573658367662507
3025461,11.19867040408087
3025462,81.15340058772223
3025463,6.97178163617821
3025464,473.9412912456305
3025465,578.010008276872
3025466,13.71981387904065
3025467,11.925692129131187
3025468,486.38937628453925
3025469,101.1440723145114
3025470,2550.0543529029014
3025471,166.45788269885668
3025472,33.55210840566534
3025473,13.740522153534386
3025474,0.2022223632568503
3025475,9.630887729492938
3025476,5997.009506355151
3025477,0.30744849196990043
3025478,1034.988937093803
3025479,28.65664654978479
3025480,1714.7135159399343
3025481,1733.4325563148516
3025482,518.0392677456741
3025483,229.6063414924843
3025484,180.1356354300301
3025485,7256.437208245412
3025486,45.02526938110822
3025487,1.3999293442973226
3025488,48.8805580903834
3025489,59.147639340859385
3025490,0.5241975155812505
3025491,521.0070149842068
3025492,22.01782098371684
3025493,20.352294347143644
3025494,20.059958040129757
3025495,104.84045791546338
3025496,12.078980442390757
3025497,519.348058929514
3025498,686.2339664126887
3025499,17.96393612732433
3025500,22.877417930585707
3025501,628.5416368284621
3025502,164.39139134790292
3025503,5469.487952436946
3025504,237.90615350371283
3025505,51.05455916089228
3025506,4.1613169008748025
3025507,0.0
3025508,4.131705526923192
3025509,2213.2441833960143
3025510,0.0
3025511,401.71970264323977
3025512,13.792379723131537
3025513,702.2252009498754
3025514,559.4140046220805
3025515,194.70190138007135
3025516,93.9244411517255
3025517,73.85698614865687
3025518,2778.2958799682547
3025519,18.385011287573526
3025520,0.7496870269904194
3025521,21.1689942392813
3025522,19.352223255864544
3025523,0.09406120856223832
3025524,182.25447060083116
3025525,11.402152814666062
3025526,8.984267700631108
3025527,7.119868857024801
3025528,47.07723504481712
3025529,5.663533801262478
3025530,230.97771039740223
3025531,253.8037971528776
3025532,3.8348713797914105
3025533,7.635366857747407
3025534,262.7728986986835
3025535,69.77722684081063
3025536,1457.739893750392
3025537,0.1310721033883442
3025538,16.592079321873847
3025539,10.121150664317287
3025540,0.0
3025541,7.0081583916273855
3025542,3909.274674335083
3025543,0.1549756029122141
3025544,655.61185041113
3025545,21.374786391096805
3025546,1411.1810374807117
3025547,1102.4128916106204
3025548,358.5554732715922
3025549,126.22557213999295
3025550,128.40070844963512
3025551,5024.548784118571
3025552,33.72427569537384
3025553,0.8941098301353603
3025554,28.74015795151943
3025555,33.342831388716625
3025556,0.25430780088326166
3025557,346.2165117824276
3025558,19.350199438603696
3025559,12.87056688582288
3025560,4.144788953113357
3025561,94.68993660557368
3025562,9.223875350519805
3025563,362.16063781786255
3025564,380.3215912463106
3025565,12.16472846591467
3025566,17.01458316842896
3025567,417.5503787649234
3025568,88.75628588173825
3025569,2216.6572045918365
3025570,134.70903770177446
3025571,29.913409337131043
3025572,10.448594013704533
3025573,0.0
3025574,6.401876371352567
3025575,4003.0509096155133
3025576,0.1549756029122141
3025577,694.8487268739251
3025578,20.90703774093486
3025579,1411.1810374807117
3025580,1180.9250824056376
3025581,358.5554732715922
3025582,151.17129914836397
3025583,125.6955650060579
3025584,4757.001834828929
3025585,32.99835890669669
3025586,0.9839061387325969
3025587,35.50256144873629
3025588,33.342831388716625
3025589,0.5294417069226126
3025590,301.60584979566806
3025591,7.159662175937061
3025592,21.979080840148782
3025593,4.144788953113357
3025594,70.95171313573773
3025595,9.223875350519805
3025596,354.56870397044725
3025597,355.87496412034966
3025598,15.608906675202173
3025599,12.796491721449046
3025600,408.80051312285565
3025601,86.87991571976708
3025602,2885.280892215235
3025603,2.655519379290279
3025604,34.474873906779465
3025605,6.740637663600479
3025606,0.8835174402750924
3025607,13.329652940977324
3025608,3679.9602335827494
3025609,0.9619469603711971
3025610,728.3579398417662
3025611,7.728876192533734
3025612,1291.8574480907678
3025613,668.3124976720226
3025614,318.50262832813576
3025615,61.093081131447846
3025616,159.48002742516906
3025617,5332.554566491818
3025618,11.73276225845128
3025619,2.588261981796184
3025620,45.54591969732117
3025621,48.59424631731082
3025622,1.455818571319029
3025623,203.99342310169038
3025624,6.7620778445907535
3025625,24.05022418087821
3025626,7.855659372772555
3025627,108.85391613282161
3025628,5.609907470202221
3025629,95.08791594258042
3025630,381.4915935104658
3025631,5.9456663601252675
3025632,13.002677277341888
3025633,135.06909737626071
3025634,87.4799439937926
3025635,2210.876121575574
3025636,4.730822716393147
3025637,30.1347418813232
3025638,5.135518708597047
3025639,0.30334680257153773
3025640,3.4564451919411354
3025641,2293.116707916644
3025642,0.3712363641876679
3025643,426.8906614109951
3025644,7.366689280905325
3025645,929.9890992939346
3025646,487.7430326791023
3025647,228.78037229326875
3025648,84.19485115833027
3025649,86.89969869154257
3025650,3196.9671326100342
3025651,11.289715148958882
3025652,1.4362644273337488
3025653,14.424170407086027
3025654,23.4167592584142
3025655,0.30761459700931076
3025656,233.6911026369142
3025657,3.6415663476203934
3025658,7.577689569446434
3025659,4.600002544634846
3025660,50.845014887799806
3025661,3.423022387129948
3025662,131.80486503474265
3025663,254.43457089490877
3025664,5.309848571722849
3025665,5.9316427500009485
3025666,117.07744975837548
3025667,67.86360008705162
3025668,1329.4919362151654
3025669,0.9847407222999554
3025670,8.318442280166403
3025671,4.172583309936611
3025672,0.00509915043658607
3025673,1.4478101044570466
3025674,1545.8085487195394
3025675,0.0
3025676,175.96842594321765
3025677,3.5671764355779203
3025678,828.4333384825036
3025679,192.8710667483855
3025680,164.9698613794513
3025681,43.274880687936566
3025682,37.74995070720567
3025683,2476.5382479103555
3025684,5.292747747569168
3025685,0.39430039820938145
3025686,17.320994297127058
3025687,7.3491074187163745
3025688,0.0
3025689,168.2686502732616
3025690,0.1621211266100186
3025691,0.24234333312145162
3025692,2.1084378279109424
3025693,19.503460709605292
3025694,0.8168913517328881
3025695,59.14840834675211
3025696,160.59873239619174
3025697,0.2443482788958422
3025698,2.7838187083031323
3025699,61.5345382926967
3025700,49.02848929491706
3025701,871.7633355571261
3025702,0.1903259451077877
3025703,1.27159460415151
3025704,4.720909165574236
3025705,0.16238365515692327
3025706,5.778327634736391
3025707,3345.6638701585507
3025708,0.14755674696158586
3025709,569.7029038269025
3025710,16.52291826130306
3025711,1092.8887441955344
3025712,900.5138352793729
3025713,277.8438585870375
3025714,144.97631694520544
3025715,107.45640705473491
3025716,4185.502759082407
3025717,26.821766501135848
3025718,1.186537953538927
3025719,21.532407044388208
3025720,26.307147627635928
3025721,0.26096061896588646
3025722,261.8244668146491
3025723,15.58545392503434
3025724,14.46231812503707
3025725,19.003679956408767
3025726,65.23305111622851
3025727,7.944572435974091
3025728,330.7713494211756
3025729,367.35773146343126
3025730,7.915773917144356
3025731,11.578491448215017
3025732,428.2023350409861
3025733,101.00869274074819
3025734,2019.8311570845208
3025735,0.393982505705735
3025736,33.47102238814842
3025737,5.030101195011137
3025738,0.20160755800339314
3025739,5.632906356137073
3025740,3563.912884005597
3025741,0.19884933213580994
3025742,606.9206677829719
3025743,17.66565615749655
3025744,1047.2011006513007
3025745,1068.0099242879046
3025746,281.931448942921
3025747,167.51201629188603
3025748,127.51865270754612
3025749,4458.520944979392
3025750,28.636132490053615
3025751,1.7077591338396674
3025752,31.08808328885681
3025753,39.17155513612879
3025754,0.3501602608673271
3025755,275.6295748896167
3025756,16.481830708828088
3025757,17.684076857547023
3025758,9.085131863240623
3025759,69.55236690383794
3025760,9.797027566904223
3025761,352.40745410426854
3025762,312.97696996511473
3025763,7.222154950176491
3025764,12.25830809720702
3025765,456.1922945940818
3025766,107.66107776005396
3025767,2900.178568680637
3025768,0.45628963482558493
3025769,35.3340418943997
3025770,5.1286795144249675
3025771,0.2835605278850344
3025772,7.2444717411361905
3025773,1253.5765436269146
3025774,0.33906353232114794
3025775,596.7108556073919
3025776,21.69113250677331
3025777,503.20033803152796
3025778,690.2584964938245
3025779,208.28520573523187
3025780,189.04787211090536
3025781,127.89389384562462
3025782,855.7073536738789
3025783,31.31257498213629
3025784,2.070049185220625
3025785,33.872355397455756
3025786,34.457138449505905
3025787,0.5080713811598753
3025788,232.06166455074847
3025789,19.48161367881724
3025790,19.513275224251604
3025791,11.93280161419337
3025792,58.738885754411676
3025793,11.65272598827958
3025794,398.4351351406946
3025795,145.60298411017584
3025796,12.257111766167041
3025797,16.646471744345003
3025798,509.66480250743905
3025799,120.86908440303057
3025800,3464.8951321267277
3025801,0.561340792709416
3025802,28.59655221254299
3025803,7.210302345062032
3025804,0.19645275810803395
3025805,4.980453064389044
3025806,3033.467770615519
3025807,0.05650495373619779
3025808,456.35616266434766
3025809,12.725407937047738
3025810,1481.7750858217325
3025811,775.2560547901127
3025812,376.4663175925393
3025813,124.42010613789633
3025814,67.49569383287457
3025815,4557.197101817228
3025816,16.46000475284645
3025817,1.3053330747318048
3025818,20.679413753034574
3025819,22.802897958186055
3025820,0.19446625856653352
3025821,313.5991601312759
3025822,9.825243914904705
3025823,6.280893862322658
3025824,7.8120985141372925
3025825,51.0753019675828
3025826,3.764209425287945
3025827,252.80107604065915
3025828,325.98527782749375
3025829,4.71788742368182
3025830,10.402286053552622
3025831,323.4764042272511
3025832,74.1271125111665
3025833,2233.2877379857446
3025834,50.54733424289291
3025835,12.142293263003655
3025836,4.630331880929227
3025837,0.0
3025838,3.483637341164086
3025839,2269.541154441543
3025840,0.05993493266103048
3025841,378.3735323231044
3025842,13.25511891850678
3025843,728.5715533708899
3025844,641.6311718561752
3025845,164.99051090374175
3025846,114.45598310680272
3025847,88.51716623619083
3025848,2846.7040039596195
3025849,20.146550223664587
3025850,1.1607637173032725
3025851,22.114320965522534
3025852,20.40620220259567
3025853,0.15690730035870382
3025854,186.70711742162962
3025855,12.407814566557464
3025856,19.328432363370467
3025857,4.685827521725095
3025858,74.30253187269354
3025859,6.1917242364601135
3025860,252.0577997049722
3025861,166.05609308355898
3025862,5.859230549809864
3025863,8.402046406975273
3025864,309.32699709617697
3025865,76.20883727523768
3025866,3639.2542916854704
3025867,0.18451261150327888
3025868,22.03345085180515
3025869,2.9260582451215305
3025870,0.0
3025871,1.8459768643730845
3025872,2049.204942776585
3025873,0.0
3025874,207.88418557816854
3025875,2.331254210962088
3025876,1099.9124701882565
3025877,307.3891805502253
3025878,205.76082303626092
3025879,40.75331093620707
3025880,59.44058820804672
3025881,3645.0945173936157
3025882,5.726787609689364
3025883,0.04400477401950321
3025884,18.913953597725286
3025885,17.048096874689126
3025886,0.0
3025887,255.7413186840791
3025888,4.8717488447995105
3025889,0.17458802261366443
3025890,3.707711978909981
3025891,27.961316123258896
3025892,1.378649301145227
3025893,143.990102949733
3025894,223.55182370110353
3025895,2.337276564003731
3025896,2.389089819194814
3025897,108.50830543043664
3025898,35.197146744715084
3025899,443.5536206867201
3025900,0.0
3025901,4.1675515746452545
3025902,4.767235212592534
3025903,0.5153611461664407
3025904,5.6771320513856995
3025905,3179.9159945892616
3025906,0.26160680574190925
3025907,362.35144159856054
3025908,7.822509790786056
3025909,1410.6343532758422
3025910,712.4494212809611
3025911,338.34586520257153
3025912,97.94735536483998
3025913,81.46788953021209
3025914,4910.988323255384
3025915,10.142825907024507
3025916,0.6469092711357491
3025917,25.403714354661098
3025918,19.990330393006154
3025919,0.36743045456808976
3025920,291.2078638442116
3025921,14.732555824472536
3025922,1.3424882103995337
3025923,4.345074452362521
3025924,44.867078426074755
3025925,2.309911132179468
3025926,289.3742330620042
3025927,302.7124113828145
3025928,1.6427016836550572
3025929,6.123213684545106
3025930,220.64939458725192
3025931,61.059153688500025
3025932,795.941873886401
3025933,51.03646120587133
3025934,5.6417341365174
3025935,2.642358905023145
3025936,0.004709209508174888
3025937,0.7351362124548693
3025938,1522.6407074735769
3025939,0.0
3025940,141.95335151826814
3025941,4.2271183913566714
3025942,652.9491358281364
3025943,405.82001067704834
3025944,176.1416068007923
3025945,50.62631363979254
3025946,37.99786113378936
3025947,2565.2676119861835
3025948,5.550739018026519
3025949,0.300543564605508
3025950,8.70460820718106
3025951,7.75523000038173
3025952,0.0
3025953,156.05656819631324
3025954,1.967499861423898
3025955,0.2512918898688407
3025956,5.369057072654842
3025957,16.709039691769078
3025958,0.945858634127964
3025959,143.07272661386625
3025960,162.24005939772604
3025961,0.7067684774911563
3025962,3.1876552865888237
3025963,130.32177286899542
3025964,35.48386171381176
3025965,272.51101383864346
3025966,5.829541711787289
3025967,2.904599005537305
3025968,2.880989235325482
3025969,0.0
3025970,0.6513126020529003
3025971,1411.218270418589
3025972,0.0
3025973,156.60667696304563
3025974,3.3622734274629646
3025975,613.4137909372538
3025976,338.0555639503948
3025977,141.6545340148199
3025978,45.5830368916788
3025979,40.334384264463324
3025980,2334.187099311932
3025981,5.153454692084213
3025982,0.21484572408613942
3025983,8.116050378894135
3025984,7.646821213843694
3025985,0.0
3025986,145.7102951164872
3025987,1.4096717383550719
3025988,0.175404474165722
3025989,1.9824552755131375
3025990,15.635035082873886
3025991,0.8278476534262108
3025992,122.80235924305836
3025993,152.37116945703596
3025994,0.6398146086715164
3025995,2.9336854973432156
3025996,108.86998572721545
3025997,31.994293682092703
3025998,221.95555687142377
3025999,0.0
3026000,2.373795374737809
3026001,2.5025029723547005
3026002,0.0016181698260280448
3026003,2.083835210851179
3026004,1475.0963672724035
3026005,0.0
3026006,167.40509152747725
3026007,3.66115440015293
3026008,655.5103248943789
3026009,361.2859410541008
3026010,170.2604625093287
3026011,46.7084481067792
3026012,35.92703741737496
3026013,2575.318388397942
3026014,5.575058370614603
3026015,0.2864457493027912
3026016,14.142545702867995
3026017,12.225263628440164
3026018,0.0
3026019,133.33158319137203
3026020,0.7788932862546601
3026021,0.25593726019676716
3026022,2.1454841581323834
3026023,16.77478378248546
3026024,0.9979377001486279
3026025,131.28467246050343
3026026,169.0819110243775
3026027,0.7123167423463348
3026028,3.203201786785467
3026029,116.39772298385999
3026030,36.914788542222524
3026031,316.4190408332339
3026032,9.299697807978188
3026033,2.8172628266185815
3026034,2.5025029723547005
3026035,0.2710867597839943
3026036,0.7550605561084212
3026037,1545.3241249819223
3026038,0.0
3026039,143.62427014572552
3026040,3.697239856211861
3026041,764.1042727870529
3026042,410.57515021482845
3026043,179.05718505744164
3026044,59.208495686188236
3026045,45.23320776449367
3026046,2595.2635813731645
3026047,5.625960777947416
3026048,0.2964050807416172
3026049,14.25977538905116
3026050,12.225263628440164
3026051,0.0
3026052,156.21017413695546
3026053,3.3977236654912195
3026054,0.2656604027758067
3026055,2.1698356858072927
3026056,27.26565358090402
3026057,1.013405218899955
3026058,119.19069671836404
3026059,158.2967382232072
3026060,0.725573057254694
3026061,3.2357418917386283
3026062,117.30658589859502
3026063,41.045213824236036
3026064,459.1355026554567
3026065,5.9093692103525335
3026066,2.846815091609163
3026067,6.0896366726013715
3026068,0.0
3026069,0.5764397283588466
3026070,2154.3611214556936
3026071,0.0
3026072,208.81457414958066
3026073,2.7963192650905597
3026074,1129.2333424949725
3026075,301.82113377369586
3026076,197.13132496124848
3026077,64.3233887918734
3026078,60.08403588334601
3026079,3407.9894722700683
3026080,11.117469382174242
3026081,0.1529142482283276
3026082,21.250294114854714
3026083,25.169209757353066
3026084,0.0
3026085,268.5653997017907
3026086,0.3612706320517633
3026087,0.15553500034464124
3026088,1.7802856826417754
3026089,79.05916496631596
3026090,1.8811916787618022
3026091,80.5260320353168
3026092,227.3176163551974
3026093,0.5745529837728423
3026094,3.9345879354005655
3026095,90.01239468469944
3026096,36.469767840910364
3026097,698.967595408564
3026098,0.0
3026099,3.7966421417845133
3026100,3.880830502464117
3026101,0.33904978275601627
3026102,1.5863067450636716
3026103,2336.092416029904
3026104,0.1420642665963055
3026105,240.2644051830828
3026106,5.685213532680344
3026107,878.9220965932675
3026108,627.4364286414011
3026109,273.8035576412694
3026110,110.68987419980414
3026111,51.96222975500001
3026112,3586.0683548302704
3026113,8.430210935718794
3026114,0.7811166376469652
3026115,22.312569295692224
3026116,19.06778301611527
3026117,0.22489604931827858
3026118,224.40728829926624
3026119,1.0973954848612755
3026120,0.43721180490439016
3026121,7.584043577752647
3026122,24.4933037788322
3026123,1.856874131758638
3026124,157.9592938704141
3026125,222.86319192701114
3026126,1.6430647380485797
3026127,5.028399630933162
3026128,181.4149163131168
3026129,49.40732260577397
3026130,632.5356563059794
3026131,20.416770187266916
3026132,5.769390892796096
3026133,1.5515222633029158
3026134,0.0
3026135,2.3834766154406632
3026136,1450.4901732519086
3026137,0.0
3026138,120.13337028748786
3026139,2.4947886747872596
3026140,425.5903626732143
3026141,488.2614079318333
3026142,147.31447883573784
3026143,52.071529432334984
3026144,26.686744759078017
3026145,2157.513512047984
3026146,3.929774377123228
3026147,0.09350010772368329
3026148,10.704710799360887
3026149,8.740871198586046
3026150,0.0
3026151,126.20122801903612
3026152,1.2330371081710492
3026153,0.14374221484298264
3026154,3.4254630276114435
3026155,12.32698034156183
3026156,0.6019118449559899
3026157,82.09818934800296
3026158,132.33201218706554
3026159,0.7955277447929886
3026160,2.151430040983297
3026161,90.80836466878216
3026162,25.35113138987149
3026163,417.8915088923493
3026164,19.167428774267012
3026165,2.2029090921442007
3026166,3.1327519990225285
3026167,0.15915866492156586
3026168,3.3891987475729537
3026169,1834.7508516006003
3026170,0.0
3026171,227.21166112058782
3026172,4.3888559799008675
3026173,682.3593886696758
3026174,481.3566509244981
3026175,202.03188504571776
3026176,71.70793351300733
3026177,56.50953152201194
3026178,2897.4852571959445
3026179,6.601559523005979
3026180,0.619834671777675
3026181,10.261348793065387
3026182,8.794432706599661
3026183,0.037189569482212956
3026184,156.366790981054
3026185,2.8478811786746947
3026186,0.4928868343984675
3026187,2.6024534150672847
3026188,19.54979124367756
3026189,1.3081347348481218
3026190,127.13483625420646
3026191,165.570526058662
3026192,1.1229928699784386
3026193,3.672066687969815
3026194,134.72590976766682
3026195,39.63262908911268
3026196,479.21724183615436
3026197,18.004518330601122
3026198,3.6787479197935906
3026199,5.166255622699682
3026200,0.08557819281005218
3026201,4.9152181074832075
3026202,2749.849619634864
3026203,0.08125611697467089
3026204,491.9433136554852
3026205,14.611993936135073
3026206,900.7218114337481
3026207,767.951410757656
3026208,224.4811792936342
3026209,125.44567319700249
3026210,99.80299080388083
3026211,3633.099163168939
3026212,22.871546814238794
3026213,1.093342429641858
3026214,25.028445511532848
3026215,30.518785239741085
3026216,0.26702764537599616
3026217,218.0036979799805
3026218,15.41749346145807
3026219,21.933377782237592
3026220,5.2270336219952345
3026221,62.80039840218852
3026222,6.87626927644965
3026223,276.14513341285726
3026224,250.10686661119428
3026225,6.693347191605263
3026226,8.868653454104026
3026227,362.39394200338205
3026228,90.42694481389651
3026229,4074.6749154375993
3026230,0.2972605710119035
3026231,26.805153108309277
3026232,3.648068531856977
3026233,0.34387769020743414
3026234,4.299687728726402
3026235,2213.0606735680394
3026236,0.10142873074875618
3026237,338.17902018809946
3026238,5.366402323192408
3026239,873.2184803077663
3026240,725.424608125176
3026241,237.78667204239176
3026242,89.05290471971676
3026243,49.43651349435575
3026244,3411.2267743505067
3026245,7.980493519895648
3026246,0.6285790124971461
3026247,21.074315705792458
3026248,16.79306315458378
3026249,0.14626650460196636
3026250,206.89401157626685
3026251,2.926121008080538
3026252,1.3173245534761893
3026253,6.982533856620615
3026254,39.88821393944745
3026255,1.4185633408060248
3026256,150.37868264678804
3026257,219.1930386455867
3026258,1.7657440832473104
3026259,4.435287808592589
3026260,159.34678797969536
3026261,47.00344733560701
3026262,620.8544844529449
3026263,69.64621518476403
3026264,4.869503791069217
3026265,3.648068531856977
3026266,0.34387769020743414
3026267,1.882914410197266
3026268,2134.325434032267
3026269,0.10142873074875618
3026270,288.04515606944415
3026271,5.366402323192408
3026272,913.7984106961148
3026273,557.8866138930703
3026274,232.44326974664799
3026275,101.64191249140654
3026276,66.55471185344713
3026277,3357.3544618041306
3026278,7.980493519895648
3026279,0.6285790124971461
3026280,21.074315705792458
3026281,16.79306315458378
3026282,0.14626650460196636
3026283,191.05797304509528
3026284,2.926121008080538
3026285,1.0972671483847227
3026286,4.308964123619005
3026287,46.2425278822157
3026288,1.4185633408060248
3026289,150.37868264678804
3026290,215.7166260320939
3026291,1.6734135455728028
3026292,4.435287808592589
3026293,159.34678797969536
3026294,47.00344733560701
3026295,721.4835630518508
3026296,0.46133205189538107
3026297,3.9860718635731236
3026298,2.7894458679933907
3026299,0.07605479590640062
3026300,1.0945139243625546
3026301,1445.7637219294736
3026302,0.0
3026303,168.1861033353626
3026304,4.097634853573183
3026305,507.6979198205038
3026306,372.65365317179544
3026307,125.22370712551425
3026308,58.07948313321875
3026309,48.494741827966344
3026310,2093.844529710529
3026311,6.190760879584553
3026312,0.47290988575488296
3026313,17.575995243312285
3026314,12.582932425805598
3026315,0.0
3026316,129.374498517717
3026317,1.0234449910965222
3026318,0.6351497892734896
3026319,3.385565846102132
3026320,29.1100353758573
3026321,1.3011668612055418
3026322,120.21025495625716
3026323,137.75964801889748
3026324,1.1406259573449071
3026325,3.4312446743114866
3026326,127.39109650455245
3026327,37.43678639947294
3026328,454.68271942604616
3026329,26.77836506152982
3026330,2.785665000410037
3026331,2.7396048335624013
3026332,0.0
3026333,1.490713677789949
3026334,1790.9650211526543
3026335,0.04874909207510928
3026336,260.5064076163292
3026337,5.06190711195087
3026338,540.9123358805115
3026339,437.8270358275495
3026340,154.62565048158814
3026341,75.87976278406467
3026342,47.02421278649699
3026343,2387.5783354000037
3026344,8.157365668489069
3026345,0.3674634754601909
3026346,10.860782904220532
3026347,15.307933696238441
3026348,0.0769470667955235
3026349,122.82649929999926
3026350,4.121588925900399
3026351,4.768901092311274
3026352,6.365838898375914
3026353,36.693199702921305
3026354,2.738181842542946
3026355,189.6236080518065
3026356,164.33261519568356
3026357,2.4531387156929676
3026358,3.8689596513278284
3026359,151.677648236529
3026360,44.70751643228826
3026361,1816.3944707793007
3026362,0.195960619591503
3026363,8.784353531341145
3026364,4.238169794254349
3026365,0.46290779550993705
3026366,3.406218619081326
3026367,3073.6166059877714
3026368,0.5724348640945542
3026369,556.2772535228409
3026370,10.124748609634345
3026371,993.2629016621836
3026372,853.3605854709385
3026373,282.5359648764605
3026374,161.55937820344406
3026375,114.93786427365026
3026376,3899.355219766974
3026377,14.519730472292542
3026378,1.1552978707087358
3026379,32.31824950375684
3026380,47.095128203658724
3026381,0.3983022700712109
3026382,222.3810311384635
3026383,7.929890182826304
3026384,57.418485118737344
3026385,6.219036300465981
3026386,44.57274069117806
3026387,6.342551605217023
3026388,282.16834978131635
3026389,286.50972457691563
3026390,8.70708701648281
3026391,7.935463891336846
3026392,279.19242518464614
3026393,82.88195669931594
3026394,3571.3849778405015
3026395,0.7994447643698318
3026396,10.20046816892236
3026397,0.8293239101464523
3026398,0.0
3026399,1.0539871544008101
3026400,895.0229060446559
3026401,0.0
3026402,151.38416766707178
3026403,1.5731461796192114
3026404,278.6580561893514
3026405,236.18582821301084
3026406,78.62634450865336
3026407,33.203340924981106
3026408,19.385221577739706
3026409,1130.8465820098647
3026410,2.5897022552864666
3026411,0.0
3026412,4.173021479732349
3026413,6.275551665535345
3026414,0.0
3026415,53.30247170683339
3026416,0.0
3026417,15.801311378471738
3026418,1.1900555300479965
3026419,18.925387834193373
3026420,0.9087262326670138
3026421,64.49663124952345
3026422,77.55099899831448
3026423,0.8266438294022553
3026424,1.0667662328303638
3026425,63.80830207684217
3026426,17.690120811193868
3026427,1183.385131132793
3026428,0.0
3026429,2.9485911275669427
3026430,1.6871054510076318
3026431,0.0
3026432,0.6076921187930224
3026433,1127.1524763212217
3026434,0.0
3026435,146.70499710374202
3026436,2.61164175819722
3026437,359.7817491741614
3026438,230.6226321383663
3026439,66.509601264463
3026440,40.075375829947866
3026441,33.50929213311632
3026442,1382.0031075369268
3026443,3.589014570771619
3026444,0.16025060305846567
3026445,6.260800237558733
3026446,5.060282511752034
3026447,0.0
3026448,68.82115001835119
3026449,0.5757699286814644
3026450,7.987002118044078
3026451,1.4943220899637308
3026452,19.23981118745105
3026453,0.3605809133257736
3026454,117.95949498724667
3026455,102.89365822394149
3026456,1.4735774504093673
3026457,1.6162175417930928
3026458,89.96427241969658
3026459,22.58983107223336
3026460,1102.6150864608728
3026461,0.053197417119546196
3026462,2.0401758182775787
3026463,5.269476607991583
3026464,0.3582472165759145
3026465,5.41042610077324
3026466,2776.798377037758
3026467,0.3393840671303811
3026468,519.0881950102237
3026469,8.412740600542769
3026470,865.9425794390977
3026471,631.8027415775781
3026472,250.78460687542798
3026473,146.77492113577722
3026474,97.27138446571134
3026475,3825.2673327194248
3026476,11.302662308377824
3026477,1.444415041771876
3026478,29.20461566614608
3026479,24.091100073540712
3026480,0.4543131120793098
3026481,194.33354231987613
3026482,2.6668151763772334
3026483,42.06673363701148
3026484,4.736590207102907
3026485,65.59359614764823
3026486,2.536458168664111
3026487,223.47068845684308
3026488,261.92513382562964
3026489,5.401036283566961
3026490,6.083241234123204
3026491,221.11164005497858
3026492,65.49415651128965
3026493,3028.3628866646313
3026494,1.0565404194051697
3026495,13.3694783152369
3026496,4.072679196767735
3026497,0.13819030272890492
3026498,4.370409566683518
3026499,2326.752368711554
3026500,0.12238327326047221
3026501,400.9480388386912
3026502,6.615916991871547
3026503,896.5685810661232
3026504,828.672060708096
3026505,202.46511207543355
3026506,132.6411847195895
3026507,78.51209307988309
3026508,3558.499248307251
3026509,8.557061800494704
3026510,0.9393296652956274
3026511,23.438774576608132
3026512,18.663108315916567
3026513,0.28806681445327564
3026514,210.8074811232048
3026515,0.4730943594806629
3026516,1.796039370859783
3026517,3.641516927722381
3026518,45.63409915358789
3026519,1.5299738353707037
3026520,180.6208693031437
3026521,224.64886614905927
3026522,3.9864356690012097
3026523,4.731102084059715
3026524,178.71214605548818
3026525,52.80090644432475
3026526,1006.9792626856106
3026527,0.9303004088217854
3026528,4.787001149688152
3026529,4.147731576891356
3026530,0.34122359631423244
3026531,1.7020277850029832
3026532,2171.1001726712043
3026533,0.05873380025261361
3026534,374.070568631676
3026535,5.730647380167741
3026536,829.5036886495257
3026537,773.1935312999105
3026538,195.88303967305345
3026539,131.7139346416789
3026540,73.19527670972128
3026541,3320.482575120641
3026542,7.438761229900895
3026543,0.8552933171909758
3026544,22.331839955911448
3026545,17.943877946048755
3026546,0.23225142981884067
3026547,203.8716019629437
3026548,0.22083079127351718
3026549,1.4335767166933275
3026550,3.3783001519160445
3026551,52.814969904376255
3026552,1.3865010082345457
3026553,153.94936909929757
3026554,200.61164869990228
3026555,3.703658822552377
3026556,4.406095790670322
3026557,168.5208115425329
3026558,49.74989933818829
3026559,893.7443959236425
3026560,0.8208345902414262
3026561,4.458824864234866
3026562,10.780217813488143
3026563,0.8950468581872101
3026564,10.590462574159616
3026565,5584.009055047696
3026566,0.5100522229325642
3026567,896.3455350175403
3026568,34.05707723372309
3026569,1504.3109253608682
3026570,1660.3358575776442
3026571,387.68424522855736
3026572,292.93029936534157
3026573,231.89192429347
3026574,7161.825457590718
3026575,54.21279764651641
3026576,2.949510730369502
3026577,44.11704854151645
3026578,66.20438826879375
3026579,1.5086499810977843
3026580,423.37759947074653
3026581,33.66057684962243
3026582,64.5070115174635
3026583,46.024331477473574
3026584,135.035279066473
3026585,15.793789942662245
3026586,621.335518880574
3026587,582.1355508824487
3026588,15.403763273826057
3026589,22.166430537373394
3026590,834.7287915411774
3026591,218.49892399101407
3026592,7622.071567048504
3026593,1.1095396926850105
3026594,63.43626798076881
3026595,2.187048497916904
3026596,0.0
3026597,0.6728715289237843
3026598,1320.0202856056314
3026599,0.0
3026600,187.20131653099276
3026601,3.167058694215335
3026602,396.8505857104118
3026603,291.7728990105361
3026604,98.42892317193818
3026605,95.39000133396402
3026606,32.950410123952636
3026607,1843.834620769457
3026608,3.803187077234018
3026609,0.1486437650114407
3026610,7.92120140839053
3026611,5.992264078429242
3026612,0.0
3026613,103.35343694198507
3026614,0.291644658709844
3026615,0.34254887037810555
3026616,1.9218570287560555
3026617,17.39945162816988
3026618,0.4775235149623261
3026619,82.5324161761007
3026620,96.05365291280074
3026621,1.2998352502969315
3026622,2.3470061932901705
3026623,106.93448707707245
3026624,28.925195328174176
3026625,417.3375394357144
3026626,0.12664874793224182
3026627,2.31359727395276
3026628,4.081748812942218
3026629,0.3855797892824149
3026630,1.6673936439529287
3026631,2210.644850483662
3026632,0.09299355810529959
3026633,311.05438436007785
3026634,5.644375065716821
3026635,951.0644913554997
3026636,776.9500825912457
3026637,193.76864538666462
3026638,160.66113328605638
3026639,76.9582170602269
3026640,3443.243735997391
3026641,7.00625559762859
3026642,0.5648554197269545
3026643,22.838020996719653
3026644,17.92165731498152
3026645,0.2643454224147555
3026646,214.26201563732354
3026647,1.0147367595622048
3026648,1.0493227613067888
3026649,5.414710408667449
3026650,22.093486885680257
3026651,1.085333780054018
3026652,177.33499185464055
3026653,223.4182826111792
3026654,2.667087294340826
3026655,4.336801357362351
3026656,141.49245349592044
3026657,48.65560111640768
3026658,876.2369761598698
3026659,0.7866780558215551
3026660,8.42095888808342
3026661,1.359408561690888
3026662,0.0
3026663,0.2142730751265923
3026664,931.740300117703
3026665,0.0
3026666,131.28342318593553
3026667,2.084921351722853
3026668,335.2829904766011
3026669,222.93714586822483
3026670,62.62606326723571
3026671,120.03208220222852
3026672,28.741055973259332
3026673,1410.180801959139
3026674,2.362875313146178
3026675,0.0
3026676,8.0942038375179
3026677,3.9744052556284855
3026678,0.0
3026679,80.12524490997082
3026680,0.0
3026681,0.0
3026682,0.7895399174425708
3026683,11.104382757124084
3026684,0.09382760682188289
3026685,79.75381162366747
3026686,80.86625256266709
3026687,0.5402808764213858
3026688,1.4778270784529353
3026689,78.9051389013405
3026690,17.123266728499782
3026691,224.9040954991679
3026692,0.0
3026693,0.9869551417925378
3026694,3.4672816717660098
3026695,0.16091730520305775
3026696,1.14537481466698
3026697,1718.8095182656955
3026698,0.0
3026699,234.0433596781039
3026700,4.450431792308857
3026701,662.2737100513627
3026702,467.0996795313407
3026703,149.4576755834654
3026704,121.82626420199155
3026705,62.79083588422015
3026706,2837.424893789288
3026707,3.5509983409466637
3026708,0.4747804709923079
3026709,19.386640030741933
3026710,8.145745531781188
3026711,0.11657613604835457
3026712,167.44151424325432
3026713,0.5844003064735245
3026714,0.6341665216264689
3026715,5.438366485561609
3026716,34.71978944158157
3026717,1.125923210318331
3026718,145.4573459226854
3026719,181.02765068488344
3026720,1.7213646316279494
3026721,3.3778190574295497
3026722,133.81026671497824
3026723,39.732870181806504
3026724,655.5581991881744
3026725,0.3131690319345115
3026726,1.5493387910587906
3026727,3.333409477053986
3026728,0.26964657869595327
3026729,1.3992518910144012
3026730,2140.2593611434977
3026731,0.08055945098318279
3026732,453.1036530585815
3026733,5.095419175773223
3026734,816.0808020940622
3026735,728.3449176630909
3026736,173.3134158468664
3026737,125.98323279649135
3026738,70.33964777542246
3026739,3173.315391123515
3026740,5.1042027817782385
3026741,0.8917971836816075
3026742,16.293737709390108
3026743,20.44904437106437
3026744,0.2379148449903576
3026745,182.1777077917318
3026746,2.0769292948707876
3026747,2.25198412796345
3026748,4.046709557482937
3026749,23.234139554717906
3026750,1.3774984434593636
3026751,162.78865909847943
3026752,202.5682446427936
3026753,2.1512945459886548
3026754,3.8958767392294362
3026755,156.8825715054438
3026756,44.553073123641326
3026757,652.3233983805571
3026758,1.0668585620521966
3026759,1.9938441936992626
3026760,2.0931656415757867
3026761,0.0
3026762,0.3834831729039296
3026763,1203.8449704656914
3026764,0.0
3026765,123.57380716725211
3026766,2.275557605834769
3026767,385.30060178295355
3026768,229.6053898487919
3026769,69.39207855178466
3026770,103.82068144999101
3026771,30.01517804329454
3026772,1655.0125229358882
3026773,2.9012372025291806
3026774,0.0
3026775,6.0136522898035
3026776,4.624257544640061
3026777,0.0
3026778,79.34930097897512
3026779,0.2549110111078699
3026780,0.441883744762072
3026781,0.6982620034502944
3026782,18.477806402566515
3026783,0.3073553832663437
3026784,107.55864105858971
3026785,86.3885378741949
3026786,0.8171343298997827
3026787,1.5669619495184381
3026788,81.23395835110108
3026789,24.049040741269323
3026790,374.6746087590793
3026791,0.0
3026792,0.5701466219079045
3026793,4.9743310111910874
3026794,0.0350808113826409
3026795,3.4762959904222996
3026796,3472.4951862363378
3026797,0.013261639227067563
3026798,514.3840161324679
3026799,9.489392365443507
3026800,1354.105974302048
3026801,590.9849456661806
3026802,237.94321363120815
3026803,88.9812211482074
3026804,106.90407319422046
3026805,4546.522796526528
3026806,15.206712143172775
3026807,0.5864641156847619
3026808,38.19598919369593
3026809,42.61381595344168
3026810,0.07678958811381487
3026811,402.4719793041446
3026812,0.7628735806110256
3026813,31.847696000655297
3026814,12.922732394845303
3026815,94.16147888852763
3026816,4.391262523974772
3026817,207.54130892678205
3026818,343.58996788935485
3026819,8.702064586048955
3026820,9.942518022714001
3026821,153.60930990591874
3026822,68.52358187314489
3026823,2026.8827880171
3026824,0.47199954478829914
3026825,1.6590458431683563
3026826,5.316842915167703
3026827,0.14913011872280013
3026828,4.805900530662984
3026829,2558.502707911322
3026830,0.12234625456233364
3026831,428.24339732313763
3026832,9.636632181173255
3026833,857.3491807881378
3026834,622.5232416801472
3026835,198.55473587940128
3026836,123.10889945779294
3026837,86.09559810826076
3026838,3601.461017701287
3026839,20.016073988230715
3026840,0.9677224366588993
3026841,21.32421976745012
3026842,19.585872576376342
3026843,0.16451842019570997
3026844,213.34705184567284
3026845,12.145104375683836
3026846,32.05261985979602
3026847,3.241746049138191
3026848,65.0662948406821
3026849,6.063655907718015
3026850,194.6796345333668
3026851,252.58580475231648
3026852,6.377243359211256
3026853,7.742241376707579
3026854,198.66306317796767
3026855,62.388908580674396
3026856,2997.990888293464
3026857,0.6159054425100119
3026858,8.764246284970456
3026859,5.316842915167703
3026860,0.14913011872280013
3026861,4.805900530662984
3026862,2383.0076518761903
3026863,0.12234625456233364
3026864,428.24339732313763
3026865,9.636632181173255
3026866,833.0983167114106
3026867,617.6865779664831
3026868,198.55473587940128
3026869,117.90301219280556
3026870,71.7410030818215
3026871,3601.461017701287
3026872,19.111845595300952
3026873,0.9677224366588993
3026874,25.40134945712898
3026875,20.25410994077756
3026876,0.16451842019570997
3026877,210.5645564066715
3026878,12.145104375683836
3026879,23.45544491879088
3026880,4.610072292436891
3026881,56.5917662728545
3026882,6.063655907718015
3026883,173.5290716771529
3026884,239.7521473147788
3026885,5.416221124656472
3026886,7.742241376707579
3026887,198.66306317796767
3026888,62.388908580674396
3026889,2997.990888293464
3026890,0.6159054425100119
3026891,11.509632221754734
3026892,5.316842915167703
3026893,0.2168090468148025
3026894,4.592624962063137
3026895,2660.776403914827
3026896,0.12234625456233364
3026897,486.37357175780505
3026898,9.636632181173255
3026899,1018.6608596267333
3026900,874.4734092870151
3026901,191.43619364930083
3026902,139.39385433774825
3026903,86.09559810826076
3026904,3879.5272167525186
3026905,19.111845595300952
3026906,0.9928187171196293
3026907,21.32421976745012
3026908,15.810141167306798
3026909,0.16451842019570997
3026910,213.36122138661267
3026911,4.740890841457981
3026912,9.539597782530068
3026913,4.610072292436891
3026914,49.37908691014067
3026915,3.1751090719191675
3026916,186.2799063586005
3026917,239.7521473147788
3026918,5.416221124656472
3026919,7.742241376707579
3026920,198.66306317796767
3026921,62.388908580674396
3026922,1416.9829443165067
3026923,14.815337558335312
3026924,8.764246284970456
3026925,3.9403570884821484
3026926,0.0
3026927,4.1321247645804835
3026928,2370.054854804481
3026929,0.0
3026930,404.8802406791029
3026931,10.597461243040247
3026932,695.1901544208197
3026933,663.2690851240973
3026934,195.21054403549994
3026935,107.02310305285087
3026936,76.41265606290251
3026937,3097.525029207335
3026938,18.785167581225313
3026939,0.7966304793321957
3026940,14.548021183497504
3026941,16.507999617385746
3026942,0.09523725313920173
3026943,184.1674876827243
3026944,12.825090507436027
3026945,18.007566355745933
3026946,2.5175131268291633
3026947,53.430044463179605
3026948,5.719482913235604
3026949,250.63911572860897
3026950,214.22328120113548
3026951,5.5634265646746766
3026952,7.813622951842881
3026953,289.3486184548102
3026954,71.23825012046844
3026955,3586.66307124383
3026956,0.1544203291918014
3026957,21.15841929828754
3026958,4.178985011736004
3026959,0.06478151880711164
3026960,3.420523812419236
3026961,2631.9172194322477
3026962,0.0
3026963,427.25977853320177
3026964,11.877896217859654
3026965,1047.0498400127449
3026966,662.3443231441825
3026967,190.90133896169397
3026968,106.6368084778932
3026969,61.73146340102376
3026970,3795.3933924674798
3026971,12.547278153676212
3026972,0.6338507076514072
3026973,23.260627062062298
3026974,17.91669129010166
3026975,0.0
3026976,216.0281764527694
3026977,0.5873182922760504
3026978,0.9061169509045954
3026979,5.3054233643530395
3026980,29.223736306135898
3026981,2.111801095048348
3026982,161.5314828830963
3026983,251.89639951446895
3026984,3.5421678214375016
3026985,6.1674945327882735
3026986,165.21760791093476
3026987,50.97061441267496
3026988,1302.0074636256409
3026989,0.34777379555230997
3026990,4.618481340067244
3026991,4.939774345784374
3026992,0.11755618712422497
3026993,2.993296254806281
3026994,2391.9641444571216
3026995,0.09792907833725417
3026996,414.0977181829245
3026997,9.323704569803207
3026998,878.2410628890041
3026999,609.793274100642
3027000,207.77716235815058
3027001,118.2972303719169
3027002,86.79612700662008
3027003,3393.971092144764
3027004,15.35547637142191
3027005,0.7470442446549159
3027006,18.020316435334905
3027007,19.82018204139682
3027008,0.1302585189956601
3027009,187.05201701365218
3027010,5.573112665333887
3027011,22.178771224242148
3027012,4.385744081136078
3027013,48.35053801223089
3027014,5.658774224939536
3027015,191.40854138484534
3027016,223.48817441577424
3027017,5.705766128073368
3027018,7.485046367475647
3027019,192.7890154178413
3027020,60.524019449261665
3027021,2880.4160506259336
3027022,0.5807506515598533
3027023,6.311389932899715
3027024,4.939774345784374
3027025,0.11755618712422497
3027026,4.616129967996978
3027027,2391.9641444571216
3027028,0.09792907833725417
3027029,414.0977181829245
3027030,9.323704569803207
3027031,878.2410628890041
3027032,605.0553566215241
3027033,207.77716235815058
3027034,118.2972303719169
3027035,86.79612700662008
3027036,3393.971092144764
3027037,15.35547637142191
3027038,0.7470442446549159
3027039,18.020316435334905
3027040,19.165587536500436
3027041,0.1302585189956601
3027042,208.97090218779422
3027043,5.573112665333887
3027044,33.54281195392923
3027045,6.588112088126247
3027046,55.415961958769344
3027047,5.658774224939536
3027048,191.40854138484534
3027049,249.3371950832977
3027050,5.705766128073368
3027051,7.485046367475647
3027052,192.7890154178413
3027053,60.524019449261665
3027054,2880.4160506259336
3027055,0.5807506515598533
3027056,10.200941788992232
3027057,3.4261907000912113
3027058,0.0
3027059,3.474075268870458
3027060,2855.822446679096
3027061,0.0
3027062,417.4957672321025
3027063,5.885078898835831
3027064,891.5598596815358
3027065,589.8338156316936
3027066,182.86880875209528
3027067,100.54484213563975
3027068,72.05024981702306
3027069,3708.664137002485
3027070,5.7277849310808495
3027071,0.3735703347974275
3027072,11.006074379795054
3027073,15.652166672743368
3027074,0.0
3027075,181.6504647337193
3027076,0.5529676761498435
3027077,3.895150827314574
3027078,1.8819424369781101
3027079,39.752265852991016
3027080,2.303107742958763
3027081,127.32098974620597
3027082,202.5826288097683
3027083,2.760756709240231
3027084,4.6588420663672485
3027085,128.24165466553856
3027086,41.31715183483994
3027087,942.211191535567
3027088,0.6956638483999917
3027089,1.3035856742661724
3027090,16.270955684716807
3027091,0.21246211539500534
3027092,12.36898001585409
3027093,7750.762032075869
3027094,0.4822463409783484
3027095,1368.569679069061
3027096,34.58587431249351
3027097,2101.5614881068336
3027098,2077.078095522031
3027099,635.1858023180033
3027100,267.3276409252414
3027101,239.61659996849625
3027102,9734.078965840949
3027103,61.08404843067483
3027104,2.3692465972175256
3027105,67.41976181231031
3027106,81.12927215132474
3027107,0.966420540575542
3027108,630.5176511649445
3027109,35.20596254596868
3027110,32.25313325034208
3027111,66.8074395389618
3027112,158.00908266589872
3027113,15.41715408095214
3027114,609.259751765918
3027115,792.2055153687174
3027116,23.990721957512473
3027117,32.03704831751374
3027118,889.7814803013913
3027119,222.50699132279854
3027120,9167.93928129688
3027121,284.54681819925605
3027122,66.4801460258351
3027123,14.373775832587663
3027124,0.10193319090129313
3027125,11.283533187194358
3027126,7064.728277264712
3027127,0.3339994256122434
3027128,1294.9444532386449
3027129,31.02675195098982
3027130,1971.3746239241339
3027131,1848.805383464524
3027132,565.302067543767
3027133,237.8523875909288
3027134,213.18534892012457
3027135,9158.185052379013
3027136,54.26424019472935
3027137,1.4648582248302846
3027138,57.42959942774849
3027139,70.78999668156756
3027140,0.8267222250523926
3027141,584.6976151089927
3027142,20.21868404499979
3027143,45.7866549575331
3027144,37.77864745102226
3027145,181.19387053708653
3027146,14.084221590092309
3027147,596.1613203007158
3027148,744.6817501284875
3027149,20.509293194233337
3027150,18.54603872783651
3027151,743.9030516433018
3027152,200.15293241212265
3027153,8356.48482529636
3027154,216.76029878226655
3027155,62.567061914820414
3027156,12.309196948194765
3027157,0.0
3027158,9.556486825120087
3027159,5521.816667959943
3027160,0.11605390092844992
3027161,1029.5747582845647
3027162,25.064656923365767
3027163,1650.6274518883147
3027164,1500.2964805253291
3027165,473.21013709633525
3027166,151.2406238520887
3027167,170.4203244760912
3027168,6935.452871808011
3027169,43.976258067330555
3027170,1.286969655837672
3027171,41.21881159757876
3027172,42.892136227915486
3027173,0.5282768688200461
3027174,475.95308885624
3027175,25.501395496947847
3027176,42.38096578121629
3027177,14.73486222847739
3027178,107.42859564038244
3027179,10.642121126775162
3027180,556.579745271258
3027181,619.6576745667451
3027182,17.53170870489265
3027183,14.907351280314057
3027184,614.1930776911151
3027185,138.3232770880584
3027186,5598.607482026879
3027187,192.04190687213435
3027188,44.49638407120678
3027189,13.660950688359048
3027190,0.09947912182264412
3027191,10.432817141988433
3027192,6082.74368077786
3027193,0.22940634741167634
3027194,1123.5564856924043
3027195,27.71192389367215
3027196,2052.3847697011274
3027197,1705.3142064324147
3027198,521.3734732419273
3027199,198.49647422677907
3027200,187.83069608999702
3027201,7639.956392902214
3027202,48.5442891286903
3027203,1.4713619730118668
3027204,50.51286952085645
3027205,62.291700921777014
3027206,0.6834969006127443
3027207,524.3950139591503
3027208,13.01317829592563
3027209,24.826233808246542
3027210,35.041456981276724
3027211,123.7868840652091
3027212,11.824557665795535
3027213,559.1330535555443
3027214,749.60622535104
3027215,19.413888873311556
3027216,24.703047771515898
3027217,646.3701718673058
3027218,152.47369965891633
3027219,6167.333783601983
3027220,247.2130871262228
3027221,49.1172419314961
3027222,10.26830293893087
3027223,0.0
3027224,7.641004783100758
3027225,4481.122417030468
3027226,0.0
3027227,767.154931252235
3027228,21.208250905523553
3027229,1419.928012386601
3027230,1150.9831647110377
3027231,421.30682615121395
3027232,123.6031902908848
3027233,133.0975916124248
3027234,5628.3794961132235
3027235,34.183738596931164
3027236,0.8822710985513861
3027237,37.13089071546966
3027238,33.33565872003029
3027239,0.28661744863130084
3027240,381.0282170529657
3027241,21.219409519727627
3027242,18.554242191372783
3027243,21.612474637249644
3027244,139.2276165074867
3027245,6.756839036751842
3027246,466.7477855901925
3027247,558.5373032537143
3027248,13.496866187741427
3027249,17.252947611953257
3027250,479.0073307573796
3027251,99.59698854772245
3027252,4375.872351470214
3027253,160.85099323373646
3027254,33.02877890830449
3027255,13.517260812753783
3027256,0.184013389792991
3027257,9.469871299854075
3027258,5773.440079873771
3027259,0.28764575362193917
3027260,1066.3829115420488
3027261,28.207464180069763
3027262,1735.1900052091048
3027263,1708.4623734801437
3027264,494.8154844823078
3027265,226.1135560634572
3027266,179.75139855366115
3027267,7251.482543462614
3027268,44.32816630397259
3027269,1.3779076490046167
3027270,45.0175502763949
3027271,56.905700041264225
3027272,0.5011118760497142
3027273,497.65044346582556
3027274,20.987916467932216
3027275,42.353167999231026
3027276,19.27497049788522
3027277,113.16776247954776
3027278,11.726332793165653
3027279,511.46681808206404
3027280,633.0947304076612
3027281,17.67670655959501
3027282,22.51576830338555
3027283,591.2802269785698
3027284,161.8863577133214
3027285,8192.821681743031
3027286,196.82187467280573
3027287,50.26613589128527
3027288,4.083143107607476
3027289,0.0
3027290,4.053980230322532
3027291,2130.7105859338903
3027292,0.0
3027293,383.7004974091251
3027294,13.568332942703863
3027295,662.3159656768009
3027296,523.9222038071917
3027297,185.9454568790236
3027298,92.48670660042265
3027299,73.69819456430695
3027300,2893.7674170469354
3027301,18.091404075696495
3027302,0.7336319399281515
3027303,15.990250085082394
3027304,18.593615775147292
3027305,0.07749045416321065
3027306,181.91375639576557
3027307,11.214308636751078
3027308,12.813395608676078
3027309,6.996884556394216
3027310,50.85985075436962
3027311,5.483865398140558
3027312,227.46415408541537
3027313,253.87462904530116
3027314,3.7616419612192082
3027315,7.504574775709064
3027316,258.7777694616281
3027317,68.70522827816666
3027318,2821.1411184745143
3027319,0.11394077848059904
3027320,16.325628026891835
3027321,9.952708665962213
3027322,0.0
3027323,6.886866068256773
3027324,3853.8041695901065
3027325,0.1374822333429937
3027326,626.2325485938774
3027327,21.035895763117377
3027328,1347.994707695818
3027329,1053.0420184663446
3027330,342.4675991909202
3027331,124.29860160789816
3027332,128.12621511817898
3027333,5152.1761167935065
3027334,33.198338535981854
3027335,0.8767295228236988
3027336,35.71727089181589
3027337,39.671315286678976
3027338,0.23530993646163992
3027339,333.2743855117368
3027340,9.578298633540081
3027341,15.360542091977951
3027342,4.066865493703892
3027343,84.331772690452
3027344,8.948209703322597
3027345,356.6601724969305
3027346,381.67453916879117
3027347,11.965334245160559
3027348,16.741732590281508
3027349,411.210975196043
3027350,87.3968286982872
3027351,3937.6612251734155
3027352,173.34146163040492
3027353,29.445191919537553
3027354,10.275192527452594
3027355,0.0
3027356,6.289766852724412
3027357,3853.8041695901065
3027358,0.1374822333429937
3027359,663.7138185514823
3027360,20.575231678189674
3027361,1301.0342246921994
3027362,1128.0412763950785
3027363,342.4675991909202
3027364,148.86649827887507
3027365,125.42681000358613
3027366,4877.8346252618185
3027367,32.483416551548885
3027368,0.9657018626024213
3027369,34.94969020536468
3027370,39.671315286678976
3027371,0.5062766383737056
3027372,290.32653851464437
3027373,7.036075161939753
3027374,42.62921750008459
3027375,4.066865493703892
3027376,69.52924507605309
3027377,8.948209703322597
3027378,349.18322679662674
3027379,339.9070261744413
3027380,15.357346605987361
3027381,12.371491945331085
3027382,402.59363584541535
3027383,85.54887821601251
3027384,5191.8613657419255
3027385,2.6001525375075336
3027386,33.93756811598348
3027387,6.6233972344439165
3027388,0.8549895072263551
3027389,3.4158466914002545
3027390,3542.756354954196
3027391,0.9322311264034124
3027392,739.6255079856105
3027393,7.596667809278775
3027394,1124.2526834106577
3027395,638.3649207788349
3027396,302.1177080722134
3027397,60.15261345993593
3027398,159.13960658908644
3027399,5259.582768520824
3027400,11.539910638674653
3027401,2.5553361741338527
3027402,11.812594251563787
3027403,46.74567352092087
3027404,1.4186225112856259
3027405,131.08021979719769
3027406,6.644512680427883
3027407,44.08025182472329
3027408,7.7215307194950045
3027409,142.3357758340042
3027410,5.4316849901526885
3027411,93.63255929220477
3027412,364.37747051486383
3027413,5.840466641416225
3027414,12.790591404745593
3027415,133.00818197566596
3027416,86.13981840512669
3027417,6033.217929757217
3027418,4.644023134254121
3027419,29.6631721401105
3027420,5.042589562736541
3027421,0.2836061887986091
3027422,5.888753155072015
3027423,2207.605947033926
3027424,0.35046748870232836
3027425,406.2278470409147
3027426,7.239966614822448
3027427,857.3741304574937
3027428,465.8748177524785
3027429,221.4927122759868
3027430,82.9044818960277
3027431,62.10808304018482
3027432,3174.910411290626
3027433,11.103573962548442
3027434,1.4139093221725536
3027435,14.190554465286512
3027436,22.506650520148078
3027437,0.2878093428187341
3027438,224.943241340393
3027439,3.5712647453231274
3027440,15.099615484836582
3027441,4.515184377173245
3027442,64.53916583185402
3027443,3.3037647390157336
3027444,129.7933900054996
3027445,232.59158103533497
3027446,5.2142790092899745
3027447,5.826655434215379
3027448,115.28903755191335
3027449,66.8205854959621
3027450,2840.962931548125
3027451,0.9546796518611251
3027452,8.177304273263589
3027453,4.094238874573519
3027454,0.0
3027455,0.4454701239216764
3027456,1524.6267045686254
3027457,0.0
3027458,173.28804544920388
3027459,3.4980015499145805
3027460,754.2841674824666
3027461,306.79733426750676
3027462,151.8007522532106
3027463,42.604289163272085
3027464,31.652334435103842
3027465,2365.683800334409
3027466,5.197437195834099
3027467,0.3815063305053358
3027468,10.61043833772471
3027469,7.222651049178824
3027470,0.0
3027471,160.08926525248873
3027472,0.14451953026397607
3027473,0.2235266836585953
3027474,2.061357134977272
3027475,23.030989798539736
3027476,0.7679026353028726
3027477,58.23739487291165
3027478,135.6479741142143
3027479,0.22550126233491957
3027480,2.726508632765279
3027481,60.58738426932486
3027482,48.270753070862526
3027483,581.663866361783
3027484,0.17229715591683142
3027485,1.237188817724791
3027486,4.634259735012247
3027487,0.14477808252871383
3027488,5.5597121566351175
3027489,3220.920533009051
3027490,0.1301757440853051
3027491,581.553435406167
3027492,16.25751448627672
3027493,938.9995711206877
3027494,860.1766908271095
3027495,265.36732793017165
3027496,142.76534586128201
3027497,119.39462690021455
3027498,4182.644626495335
3027499,26.400375397942184
3027500,1.1664743326355917
3027501,28.66735042806934
3027502,35.306513664527216
3027503,0.24186199033322642
3027504,252.02796428347452
3027505,15.334249073388685
3027506,24.664115053901256
3027507,11.86879304436762
3027508,85.02266426883689
3027509,7.703400545186147
3027510,327.9452436701314
3027511,285.75023782135156
3027512,7.7807347632999235
3027513,11.387976428701105
3027514,421.70159593627056
3027515,99.46365944577005
3027516,4037.0376600266463
3027517,0.3728691150125885
3027518,32.94892102726746
3027519,4.938768712768091
3027520,0.18340789643797106
3027521,5.532443729988635
3027522,3431.03454693584
3027523,0.18069144691989283
3027524,579.719993947191
3027525,17.3829443663628
3027526,1112.0888955504668
3027527,1113.3645489562716
3027528,269.27202400734905
3027529,164.95971737715968
3027530,127.24603045100199
3027531,4455.476422410288
3027532,28.18726082822483
3027533,1.6829127996285573
3027534,23.905950479263417
3027535,28.577306270665616
3027536,0.3297106060335165
3027537,275.1152538725243
3027538,16.217049249752254
3027539,44.68808832317352
3027540,8.213695299108402
3027541,77.28441194904835
3027542,9.505908055956212
3027543,347.0547114250514
3027544,298.9284508004122
3027545,7.097621414718105
3027546,12.057496510518755
3027547,449.2676169183219
3027548,106.01528681325527
3027549,5606.917805193538
3027550,0.434232534469877
3027551,34.78372306411475
3027552,5.035853955645352
3027553,0.26411959889732195
3027554,6.7812149788254485
3027555,3771.0029974504673
3027556,0.31878194958598444
3027557,658.6776130843207
3027558,21.34745047064694
3027559,1072.7343327881852
3027560,1159.022931593194
3027561,306.65681374165035
3027562,186.16938908988138
3027563,127.62047560278856
3027564,4896.923430988486
3027565,30.823165669532273
3027566,2.041878486007667
3027567,37.2637429691219
3027568,34.034882595302626
3027569,0.4852299895833992
3027570,329.27759013707794
3027571,19.171397223548276
3027572,38.35535225032971
3027573,12.948184333508442
3027574,123.9392391656338
3027575,11.311571408554515
3027576,392.38525285718265
3027577,335.7813948688206
3027578,12.0563182992217
3027579,16.379196616594875
3027580,501.93022517634205
3027581,119.02324374012039
3027582,6029.780063728359
3027583,0.5376925775943114
3027584,36.53665210512369
3027585,7.085948330280189
3027586,0.1783311716286982
3027587,4.889872557421675
3027588,2991.9140673783986
3027589,0.04050302991995578
3027590,439.30869802191256
3027591,12.517521612067636
3027592,1415.4301108625036
3027593,993.1991091958085
3027594,338.3327767727724
3027595,122.52048136439566
3027596,67.35039624203549
3027597,4494.833469106806
3027598,16.195553871761376
3027599,1.2841793925867142
3027600,25.48272866315761
3027601,21.915670247148334
3027602,0.17637475979687842
3027603,296.59077505348756
3027604,9.661283748124642
3027605,4.079181381657678
3027606,10.852095096090409
3027607,57.97865730508365
3027608,3.6357523745534377
3027609,248.95698097142142
3027610,308.93771120779513
3027611,4.631283760707939
3027612,10.229585952038935
3027613,318.56185396201056
3027614,72.98923016931236
3027615,959.5642881100066
3027616,48.43588755284547
3027617,11.943238847951841
3027618,4.778302877003954
3027619,0.017278552584680137
3027620,3.781646890145642
3027621,2318.2962506445574
3027622,0.08779112854381456
3027623,374.45192522452885
3027624,13.942724675087055
3027625,751.3900371956519
3027626,660.5620551983386
3027627,168.5548080370787
3027628,117.49028680050994
3027629,92.16035726556214
3027630,2907.8524585468326
3027631,20.702303626183973
3027632,1.2175508421643249
3027633,22.265862579802246
3027634,33.62305807013037
3027635,0.18731203123789752
3027636,187.93775879016897
3027637,12.76018592202208
3027638,12.061769789119367
3027639,4.835257001139708
3027640,66.69845022961648
3027641,6.288953221488182
3027642,258.70842270175456
3027643,175.30796813409566
3027644,6.039498285038653
3027645,8.667642215429355
3027646,317.48271435056074
3027647,78.23796607243806
3027648,2297.098608160515
3027649,0.2092145728025762
3027650,18.421799794052987
3027651,1.8159210684715534
3027652,0.0
3027653,0.6265241732692649
3027654,1260.3160300854263
3027655,0.0
3027656,130.58415977763775
3027657,2.849499431474868
3027658,627.9122249618994
3027659,283.2031860444823
3027660,170.5910531758627
3027661,44.74584524745597
3027662,38.42022934565099
3027663,2364.0416681923552
3027664,3.994886510031257
3027665,0.07144230871291771
3027666,11.20709968824044
3027667,9.215623013031502
3027668,0.0
3027669,131.58039905607197
3027670,2.0815008990587094
3027671,0.21635565140182964
3027672,1.3458110927871778
3027673,10.461566248445651
3027674,0.3538927754861823
3027675,184.87209925473454
3027676,141.49474034397835
3027677,0.5576378544324699
3027678,2.477993657296775
3027679,111.77268914823239
3027680,29.301118633308622
3027681,267.22747736640923
3027682,2.18794504195123
3027683,2.2771632987338353
3027684,4.918804171057504
3027685,0.5551864180959133
3027686,5.785430705613717
3027687,3248.2194759098043
3027688,0.29476314885777427
3027689,335.638555869362
3027690,8.036925065701768
3027691,1454.785410849119
3027692,654.6885421005086
3027693,345.6326039924333
3027694,98.59607188924336
3027695,84.82418741116743
3027696,5016.462942281757
3027697,10.435670997406199
3027698,0.6901917650363462
3027699,25.57682181917429
3027700,13.153063694350045
3027701,0.40336795358314953
3027702,297.48241318903774
3027703,4.858980001800282
3027704,1.4257856526762827
3027705,4.485548585599429
3027706,31.64029811370248
3027707,2.354659691681145
3027708,486.95222257180586
3027709,343.6272317598167
3027710,1.71215464108787
3027711,6.310419171973906
3027712,235.78787801602567
3027713,62.69013299505676
3027714,751.5425650272291
3027715,51.87275962982592
3027716,5.88829243793782
3027717,2.7380838971969594
3027718,0.03111401576834114
3027719,0.7324932773138192
3027720,1515.5167278526887
3027721,0.0
3027722,142.89057920875877
3027723,4.354154127612841
3027724,673.4024110540763
3027725,351.4210158931685
3027726,178.8809495843782
3027727,50.96478496758779
3027728,39.02276561167568
3027729,2537.8178647337486
3027730,5.722899273944327
3027731,0.3347232063678489
3027732,8.959655435888031
3027733,7.985326579307724
3027734,0.0
3027735,157.7306000818488
3027736,2.045488853837261
3027737,0.2957870610739653
3027738,5.083628630161968
3027739,18.188855340426322
3027740,0.9721657968866785
3027741,195.31205444440906
3027742,165.74529636934108
3027743,0.751624133787145
3027744,3.2977112365893904
3027745,133.7730460707659
3027746,36.4426956640325
3027747,274.3042008685466
3027748,0.08193171144809984
3027749,3.0495477913129942
3027750,2.982985681547694
3027751,0.0
3027752,0.6487973458594694
3027753,1441.542687793375
3027754,0.0
3027755,134.19148723983506
3027756,3.4682906582042508
3027757,632.6305368279548
3027758,301.6433273357214
3027759,142.5898026044174
3027760,45.888443596861535
3027761,42.01662091569456
3027762,2384.330331226614
3027763,5.315173901421146
3027764,0.24677313718926838
3027765,8.355629693818939
3027766,7.874068696754296
3027767,0.0
3027768,143.2688013398463
3027769,1.473000425700349
3027770,0.21720113546970843
3027771,2.060837311812065
3027772,17.02510397763392
3027773,0.852559359031879
3027774,174.98558122900073
3027775,143.51642174488745
3027776,0.6829106474405428
3027777,3.0370668563103744
3027778,111.75748358179831
3027779,32.8614181437
3027780,223.41729330103072
3027781,14.695485378314622
3027782,2.631324507039184
3027783,2.5945524047033457
3027784,0.027941740338400637
3027785,2.039543438017005
3027786,1404.4490454350434
3027787,0.0
3027788,143.45412606280894
3027789,3.7744353968118602
3027790,676.0437052875368
3027791,322.37892164367304
3027792,173.07111476394272
3027793,47.021233208780046
3027794,36.89751848745989
3027795,2547.7611343247436
3027796,5.747857764491318
3027797,0.3202548857704295
3027798,11.012252280032762
3027799,12.528928923740132
3027800,0.0
3027801,158.3522678158277
3027802,0.8256444577742867
3027803,0.3005976179181042
3027804,2.2281507635580136
3027805,18.260093186645104
3027806,1.0249489492382293
3027807,138.44524498309767
3027808,187.33817243693116
3027809,0.7573182128313394
3027810,3.3136663150311927
3027811,119.4830576273944
3027812,37.91122874241001
3027813,318.500096725931
3027814,9.508952898588227
3027815,2.8801245464828362
3027816,2.5945524047033457
3027817,0.30449224598272095
3027818,2.1200683736701533
3027819,1578.5281835505411
3027820,0.0
3027821,169.8214817947086
3027822,3.811397845151312
3027823,753.4855157121436
3027824,355.540309592191
3027825,180.98349860609068
3027826,69.20600943489572
3027827,47.11481790552789
3027828,2567.4929861411897
3027829,5.800097940196392
3027830,0.33047595883024794
3027831,11.10524804129862
3027832,12.528928923740132
3027833,0.0
3027834,155.95708270035044
3027835,3.5133004316581085
3027836,0.310666509476426
3027837,4.975738272008287
3027838,28.744221197410692
3027839,1.0406255821184698
3027840,174.65241110952374
3027841,161.71730066564803
3027842,0.7709229175260828
3027843,3.3470616078923006
3027844,120.41580640776449
3027845,41.320869751362956
3027846,462.1522331475111
3027847,15.900696553651754
3027848,2.9101634707074213
3027849,2.5146303600192663
3027850,0.0
3027851,1.848459897503713
3027852,1353.5786093555766
3027853,0.0
3027854,157.44850147646417
3027855,3.289282742861481
3027856,676.516522103361
3027857,273.7306676158085
3027858,166.91260616810843
3027859,68.95935061748986
3027860,40.54090103936497
3027861,2258.984706427018
3027862,5.062176457522815
3027863,0.20260788327645188
3027864,7.980826016906279
3027865,10.809115537742823
3027866,0.0
3027867,143.755479761068
3027868,0.41994497500039263
3027869,0.21623877963966254
3027870,1.9001233047850008
3027871,16.302985267440242
3027872,0.8191844398905969
3027873,106.42205344859815
3027874,134.57974144262707
3027875,0.642420356788469
3027876,2.8753345570203503
3027877,99.16488266095855
3027878,31.404162162485935
3027879,164.88329667457668
3027880,0.0
3027881,1.977495097874781
3027882,3.9638694562571146
3027883,0.36183141653343637
3027884,3.757340867476433
3027885,2413.221667691606
3027886,0.1614945299120761
3027887,239.6531721524694
3027888,5.78584810622871
3027889,993.4080705857112
3027890,546.9007373422484
3027891,277.16950465345883
3027892,110.4069126902347
3027893,72.57727081201232
3027894,3630.004765679894
3027895,8.590649789261034
3027896,0.8114192802195428
3027897,13.208091392580222
3027898,19.343177678249237
3027899,0.2457355532488521
3027900,219.65117720643934
3027901,1.133079069174459
3027902,0.4748780202344601
3027903,21.576178653603648
3027904,26.3741408175
3027905,1.8780357990755563
3027906,294.4659491603933
3027907,225.6051929712246
3027908,1.688031948146107
3027909,5.1309625038184326
3027910,196.60090158304914
3027911,50.264916683375354
3027912,630.9306208722953
3027913,20.564456614502948
3027914,5.477883874341725
3027915,1.5949320353114391
3027916,0.01008711529745367
3027917,2.366256446084688
3027918,1433.1424048458748
3027919,0.0
3027920,119.82648408530213
3027921,2.547396802591947
3027922,474.74275422188407
3027923,332.44638060930015
3027924,157.29577805461838
3027925,51.93707498701557
3027926,35.941474160893975
3027927,2183.952187620492
3027928,4.013646026938801
3027929,0.11210413522926069
3027930,6.427478067289717
3027931,8.564087792561459
3027932,0.0
3027933,123.66679009366035
3027934,1.2710284018965428
3027935,0.17371722645877744
3027936,3.4142513066939673
3027937,21.608693535386884
3027938,0.6137776549184057
3027939,163.93353861046762
3027940,133.96513692497786
3027941,0.8260755676191724
3027942,2.205046214178199
3027943,90.57577211154364
3027944,25.7994506627436
3027945,416.83026520708955
3027946,31.61794428495883
3027947,2.0649837611037145
3027948,3.2030636810429334
3027949,0.17887976008489467
3027950,1.3927087599725243
3027951,1857.2361503613083
3027952,0.0
3027953,192.98711492106918
3027954,4.469976084860844
3027955,697.3684772225565
3027956,383.38030182076324
3027957,203.30978044203295
3027958,71.5237310795109
3027959,42.41843643761557
3027960,2932.9875187935536
3027961,6.730887011364154
3027962,0.6473933785170571
3027963,17.744323497024233
3027964,8.961068168441928
3027965,0.05483556982812327
3027966,165.20016608476985
3027967,2.9133462726245045
3027968,0.5320121719276981
3027969,2.6637429768589045
3027970,35.29829390688881
3027971,1.3252317356709797
3027972,176.42444757481576
3027973,167.61077462501387
3027974,1.1591119498653553
3027975,3.751553883770665
3027976,137.0350531693932
3027977,40.32392353330929
3027978,478.0006320347309
3027979,7.006803018066005
3027980,3.726110104591157
3027981,5.32831125384867
3027982,0.11410832032370641
3027983,4.942494998542773
3027984,2808.9183300094674
3027985,0.10967265582605838
3027986,502.52823462593
3027987,15.365049520136283
3027988,928.9245620393161
3027989,791.9642241383034
3027990,229.3229134180854
3027991,128.76879741205545
3027992,91.99628503396156
3027993,3711.133799962471
3027994,23.498915970204838
3027995,1.148357652721118
3027996,19.264266984629913
3027997,23.658451071524038
3027998,0.30032645381312123
3027999,219.43952531726723
3028000,15.848962318342089
3028001,13.30505574233992
3028002,10.801261587204497
3028003,58.22894195783013
3028004,6.982753012807957
3028005,283.4287966703057
3028006,255.49885847838314
3028007,6.895536382431899
3028008,9.12801196305199
3028009,371.94431393578924
3028010,92.82974031126409
3028011,2530.637123870937
3028012,0.3243137911372441
3028013,21.8021707037152
3028014,3.727147440220768
3028015,0.3667414625437681
3028016,4.272715022662475
3028017,2240.1797217090793
3028018,0.12016765016682442
3028019,287.31287255420955
3028020,5.462237733639636
3028021,948.8875990506642
3028022,494.08024225490794
3028023,253.85658808730818
3028024,88.82475954502512
3028025,50.29460420482463
3028026,3453.0216281530743
3028027,8.133281203479504
3028028,0.6562864891855336
3028029,12.530521591819108
3028030,10.192914992407346
3028031,0.16576826178489806
3028032,196.5289982941905
3028033,2.9929172184408697
3028034,1.3780566218623789
3028035,6.962310449203956
3028036,41.63851088254913
3028037,1.4364783172602116
3028038,350.7153037044239
3028039,221.8900856084996
3028040,1.8127984718428745
3028041,4.527759901807361
3028042,162.07481336619043
3028043,47.82014360137439
3028044,719.6531819084846
3028045,45.41265778126488
3028046,4.583433378393192
3028047,3.727147440220768
3028048,0.3667414625437681
3028049,4.272715022662475
3028050,2149.9310289596933
3028051,0.12016765016682442
3028052,287.31287255420955
3028053,5.462237733639636
3028054,890.0526482593115
3028055,444.3654882130538
3028056,235.3026129191451
3028057,101.38187360505498
3028058,68.66919364718291
3028059,3398.48945752112
3028060,8.133281203479504
3028061,0.6562864891855336
3028062,21.0183913729953
3028063,17.037241328717414
3028064,0.16576826178489806
3028065,193.41040605610527
3028066,2.9929172184408697
3028067,1.152231987767597
3028068,4.399287036149427
3028069,41.63851088254913
3028070,1.4364783172602116
3028071,242.77859085566337
3028072,218.3710919573013
3028073,1.718897088541222
3028074,4.527759901807361
3028075,162.07481336619043
3028076,47.82014360137439
3028077,719.6531819084846
3028078,0.4783351794089879
3028079,4.194519029822626
3028080,2.85391678542732
3028081,0.09436202137364284
3028082,1.1109991757401054
3028083,1463.4844896988984
3028084,0.0
3028085,167.75747759340587
3028086,4.17437111743175
3028087,459.62690997065084
3028088,312.848147633228
3028089,128.98407308234553
3028090,57.929807794682226
3028091,50.043941396871745
3028092,2119.5033521300893
3028093,6.313099334098566
3028094,0.497968919434233
3028095,17.528933755478587
3028096,13.216299957493838
3028097,0.0
3028098,126.54515810681474
3028099,1.0578704346831225
3028100,0.6780035313938383
3028101,3.4601787218139126
3028102,30.398952102645453
3028103,1.3182122490356216
3028104,160.22509160700565
3028105,132.7001993813057
3028106,1.17704503394884
3028107,3.5066346968844577
3028108,129.57545064770318
3028109,38.09072234913678
3028110,453.5282667856677
3028111,23.73846463553246
3028112,2.94392809073379
3028113,2.8032277913400754
3028114,0.014541760005924163
3028115,1.5103172911201248
3028116,1812.9140066776913
3028117,0.06659175785776762
3028118,263.7094837298257
3028119,5.1531588624176035
3028120,589.7303313209611
3028121,443.20203374529797
3028122,156.5318401166669
3028123,77.18773999536499
3028124,65.27927325772134
3028125,2416.8349730521095
3028126,8.313162528106982
3028127,0.39072851945117193
3028128,11.062573768098122
3028129,15.531731107580399
3028130,0.0952694727204963
3028131,122.51279017088031
3028132,4.20872397104279
3028133,1.0937955270404276
3028134,9.391348967208152
3028135,44.41526804198601
3028136,2.765871603055196
3028137,192.8667415662519
3028138,166.35770114039263
3028139,2.5118879441508035
3028140,3.95179664296326
3028141,154.2751963732111
3028142,45.48515137435339
3028143,846.2885902299687
3028144,0.20987605440988766
3028145,4.485979424384918
3028146,4.327288262778376
3028147,0.4877966607908426
3028148,6.47668116526382
3028149,3111.276222433002
3028150,0.5991871444608005
3028151,566.056349775432
3028152,10.292212868882086
3028153,924.689152712187
3028154,863.8252697155013
3028155,286.00887127554734
3028156,164.32504701502017
3028157,118.56675257004424
3028158,3947.12894260791
3028159,14.78377204901147
3028160,1.1919665647364373
3028161,32.23383914656612
3028162,37.86357178169381
3028163,0.4220919832223774
3028164,221.8151048695607
3028165,8.08181693748289
3028166,15.515045669723943
3028167,6.341855812735814
3028168,72.94778754482645
3028169,6.396939942665849
3028170,286.9859732372547
3028171,267.4641675749781
3028172,8.87223644132339
3028173,8.087485473077312
3028174,283.959418391296
3028175,84.30906422187878
3028176,1762.1381555966677
3028177,0.8203819557101499
3028178,16.83924323174184
3028179,0.8604467167201261
3028180,0.0
3028181,0.15442969093448325
3028182,905.9978935933668
3028183,0.0
3028184,153.2506538154554
3028185,1.6118805397406546
3028186,272.9119237217643
3028187,219.01395226172238
3028188,56.81053595058957
3028189,34.60279566707776
3028190,19.732041134739138
3028191,1115.571768626192
3028192,2.650774877979851
3028193,0.0
3028194,7.644111738433019
3028195,6.37539568373902
3028196,0.0
3028197,19.769999209864114
3028198,0.003491624529385972
3028199,2.911995061678956
3028200,1.2273155659930968
3028201,19.778331556997014
3028202,0.9228647027822195
3028203,61.49670413283783
3028204,65.09119372871011
3028205,0.8577210390020191
3028206,1.1019287129907145
3028207,67.30804577372689
3028208,18.00810113803429
3028209,30.113041092567983
3028210,0.0
3028211,1.17483360791714
3028212,1.7328219382469416
3028213,0.0
3028214,1.501163012946324
3028215,1140.9707161197202
3028216,0.0
3028217,159.98253216008243
3028218,2.666008911373242
3028219,241.44528302625855
3028220,220.25345442678312
3028221,61.355656028836485
3028222,40.774202850032054
3028223,34.58944284249224
3028224,1420.9938629995609
3028225,3.667088777344724
3028226,0.1799902756750475
3028227,9.579877224328262
3028228,8.31951435333224
3028229,0.0
3028230,68.644261127119
3028231,0.6025789494475234
3028232,3.6872914139025834
3028233,1.536758699198324
3028234,20.106214393587997
3028235,0.37065911744596153
3028236,119.98338661849617
3028237,82.19139477831789
3028238,1.5156611252069747
3028239,1.6607279929254783
3028240,91.51187338851929
3028241,22.991171559554694
3028242,339.96706128543076
3028243,0.06545175038833231
3028244,2.052574291230765
3028245,5.376140991869379
3028246,0.3813554617402921
3028247,2.542795292471742
3028248,2810.8223985166233
3028249,0.3621713881826825
3028250,558.6316173493727
3028251,8.554433477161654
3028252,884.9838308813223
3028253,686.1981358678504
3028254,244.20615026652283
3028255,149.28905778562864
3028256,100.34730689357602
3028257,3750.1569111864774
3028258,11.51197099189807
3028259,1.486002568239375
3028260,17.03065828079706
3028261,24.435430836025702
3028262,0.4790557535731158
3028263,204.98407608544522
3028264,2.729199743070325
3028265,12.449725432415551
3028266,4.834188443488392
3028267,68.44426034980646
3028268,2.5626537053920098
3028269,227.28967195099227
3028270,265.14558728782674
3028271,5.509938929522413
3028272,6.203750426410881
3028273,224.8904883895194
3028274,66.62544045717914
3028275,1318.6881000252115
3028276,1.0804690117758624
3028277,12.897406575372951
3028278,4.1589821268150775
3028279,0.15755465719854395
3028280,1.8870149312844924
3028281,2355.2639760496572
3028282,0.14147869825407838
3028283,399.92972070866267
3028284,14.294617458103989
3028285,913.3036854661099
3028286,579.3633543270356
3028287,204.95726607792693
3028288,132.30261050559
3028289,56.489542003692605
3028290,3602.097977386935
3028291,8.719658803780812
3028292,0.9723240309849442
3028293,23.37685998859586
3028294,18.93294953688337
3028295,0.309981060529569
3028296,207.48714258841287
3028297,0.498156531663836
3028298,1.869317520019686
3028299,3.7204843717866583
3028300,47.63035952616625
3028301,1.5487140605802985
3028302,391.2746691919296
3028303,227.41273912558697
3028304,4.07127131344756
3028305,4.828606949451152
3028306,181.7696397719383
3028307,53.71623652636637
3028308,1004.4255904227699
3028309,0.9527601529628894
3028310,4.810601750943876
3028311,4.2353113943704574
3028312,0.36404221379832385
3028313,1.7232945843050942
3028314,2197.705265229442
3028315,0.07674633870767261
3028316,373.1203434205237
3028317,5.831965883383305
3028318,847.7446078687686
3028319,540.5556049218236
3028320,198.294572787204
3028321,131.37770957601242
3028322,75.517610081881
3028323,3361.1659434355633
3028324,7.582332268371928
3028325,0.8868579486529572
3028326,22.27272973932059
3028327,18.203849008236823
3028328,0.2532160729242345
3028329,193.55888038315126
3028330,0.2416011318158589
3028331,1.4973555030353403
3028332,3.4527894143117126
3028333,47.5704360620294
3028334,1.4041784900060865
3028335,259.99370971817496
3028336,191.1577761367125
3028337,3.7836835043000345
3028338,4.498071231803824
3028339,171.40491719412748
3028340,50.613321770910645
3028341,891.4775993428134
3028342,0.8420206599501594
3028343,4.481087093948193
3028344,11.089814228176106
3028345,0.9448506667626932
3028346,10.603926450350405
3028347,5703.935378885045
3028348,0.5497379708205389
3028349,915.6141432088272
3028350,35.74808018168814
3028351,1551.391863265971
3028352,1696.0095512269622
3028353,404.4982519447477
3028354,300.65509429633875
3028355,241.37021549808998
3028356,7315.6320704270765
3028357,55.66384757334217
3028358,3.0533079929713907
3028359,45.30277164875503
3028360,67.74746831486647
3028361,1.5745799199284267
3028362,431.3092019106394
3028363,34.57149297134075
3028364,31.122318650866386
3028365,27.451723110720426
3028366,142.1512425362163
3028367,16.02083468147764
3028368,637.6911456125182
3028369,527.07519362106
3028370,15.834871287054114
3028371,22.77526850192075
3028372,856.692616116341
3028373,224.2675847213513
3028374,5482.135287427858
3028375,1.153532274394971
3028376,61.41311134171045
3028377,2.2412706580228434
3028378,0.0
3028379,0.6860381674244329
3028380,1336.2008777403973
3028381,0.0
3028382,158.07478276760955
3028383,3.2297867091984607
3028384,435.1962410065709
3028385,263.6267094157278
3028386,91.07727687774778
3028387,95.14580139659041
3028388,42.48617822910733
3028389,1842.1399676656467
3028390,3.8849050614099068
3028391,0.1681859672000321
3028392,11.860940846738167
3028393,9.972634287153713
3028394,0.0
3028395,105.07295366951581
3028396,0.3136197756653351
3028397,0.37773417477808413
3028398,1.9715674111752208
3028399,18.07006057751628
3028400,0.4884679457053456
3028401,124.58793135996214
3028402,105.24568866759127
3028403,1.3389629997618018
3028404,2.403949759039725
3028405,108.77080712148684
3028406,29.43432116461699
3028407,416.27769920833146
3028408,0.13975771402881842
3028409,2.3271108167984935
3028410,4.168206046942146
3028411,0.4091530512591716
3028412,1.6883878489720376
3028413,2237.7343082781917
3028414,0.11158896753853599
3028415,310.2638079510801
3028416,5.744394885273088
3028417,975.1452928233074
3028418,484.5304422055444
3028419,186.76834786258993
3028420,160.2515717332204
3028421,79.39833154111695
3028422,3485.430751376467
3028423,7.142468295096927
3028424,0.5914787488562541
3028425,22.777628392155414
3028426,17.578255276336556
3028427,0.28585608971969084
3028428,203.42626674532153
3028429,1.0490140475356093
3028430,1.1030310819209033
3028431,5.523845696391918
3028432,23.082047050265206
3028433,1.100780431765996
3028434,314.61363771965307
3028435,226.16708271522253
3028436,2.729476490654019
3028437,4.427597872646519
3028438,143.91671802543547
3028439,49.50040594308362
3028440,770.4734237834341
3028441,0.8074667018856008
3028442,4.173397715304378
3028443,1.3995498488005587
3028444,0.0
3028445,0.22383023139641545
3028446,931.574259475645
3028447,0.0
3028448,130.9482888025917
3028449,2.131359620768899
3028450,323.42010042981826
3028451,125.94080523389066
3028452,62.46486936278336
3028453,119.72545260906585
3028454,24.561487857148872
3028455,1464.7432838718003
3028456,2.4200888647331418
3028457,0.0
3028458,5.7168314208631035
3028459,4.059036223239682
3028460,0.0
3028461,81.11891208830596
3028462,0.0
3028463,0.01995241359841204
3028464,0.8199858676635866
3028465,13.142083683433547
3028466,0.1019298944446758
3028467,99.820010507543
3028468,77.86595397214258
3028469,0.5664861118748235
3028470,1.5199830533778609
3028471,80.26458769467632
3028472,17.43160300604236
3028473,292.6722817528664
3028474,0.0
3028475,0.9950583605066009
3028476,24.41986351202457
3028477,0.18066832061233648
3028478,3.0126938067475835
3028479,2746.744406368771
3028480,0.004832631159807736
3028481,312.18207123864596
3028482,16.33742179925353
3028483,1274.6313631272803
3028484,472.833225091119
3028485,215.93581703436675
3028486,138.31833289053966
3028487,97.71493633691657
3028488,4185.168117616986
3028489,7.299089592384784
3028490,0.49987132946889645
3028491,86.54180029819608
3028492,39.750743555196706
3028493,0.13557276256936818
3028494,359.79440496325907
3028495,0.6113561583049785
3028496,0.6769944944268095
3028497,38.057656420632135
3028498,102.71796195269687
3028499,3.947084011582443
3028500,282.06058531197937
3028501,321.3536408242786
3028502,7.677041814508369
3028503,6.598381905114368
3028504,170.2259764962561
3028505,41.598170382840976
3028506,1490.6493025020964
3028507,0.3284482290669786
3028508,4.22649623762911
3028509,3.407135001664922
3028510,0.29124743607638093
3028511,1.4181356377784504
3028512,2166.486698266885
3028513,0.0989433154249982
3028514,451.95320091517067
3028515,5.187175393634305
3028516,836.7474278920378
3028517,448.7903199624069
3028518,157.47152414752154
3028519,125.6615262183478
3028520,56.36242274772917
3028521,3212.1961738113832
3028522,5.208055315170509
3028523,0.9239828657785679
3028524,12.59694629848165
3028525,21.449206034576942
3028526,0.25897584138450025
3028527,189.68168062565226
3028528,2.1292779657398344
3028529,2.3372116038273774
3028530,4.132570658690801
3028531,40.65675600845925
3028532,1.3951092407106964
3028533,315.55710691599126
3028534,205.06166187040654
3028535,2.2049084139687793
3028536,3.9791716789164084
3028537,159.5686724780839
3028538,45.32808047788838
3028539,663.4385746733251
3028540,1.090907209748374
3028541,2.136977081297994
3028542,2.1457905460167885
3028543,0.0
3028544,1.294519715135193
3028545,1248.4742903827778
3028546,0.0
3028547,103.83857424246911
3028548,2.402247046820891
3028549,393.785185497357
3028550,196.94472426870746
3028551,78.09380621443695
3028552,103.55512274585884
3028553,30.542848064844858
3028554,1729.804549372751
3028555,2.96761005764734
3028556,0.013271290344070475
3028557,9.181557447836106
3028558,4.719944633575746
3028559,0.0
3028560,89.4163522078301
3028561,0.27626116809715656
3028562,0.4796724015388987
3028563,0.7271550166294483
3028564,19.31159055990893
3028565,0.31703933096922465
3028566,164.92658039707382
3028567,87.45892135278594
3028568,0.8480497516871277
3028569,1.6106344012880351
3028570,82.63302801030865
3028571,24.47520717659688
3028572,334.61786035645815
3028573,0.0
3028574,0.7412650376887444
3028575,2.946932062714852
3028576,0.05269093482885094
3028577,1.3091300569375455
3028578,2276.8402174590915
3028579,0.03050054690835533
3028580,339.3850671587308
3028581,5.004083098227682
3028582,814.3814934029893
3028583,498.0169768083197
3028584,178.96019906835662
3028585,107.78289283974547
3028586,73.98682048614663
3028587,3164.7314781110526
3028588,6.261756010433168
3028589,0.6134550796877292
3028590,20.05893405619074
3028591,15.68785807364239
3028592,0.09510931480930669
3028593,184.24788865354242
3028594,0.7928658488795814
3028595,5.6064874308407315
3028596,1.9609151350499892
3028597,41.011298209428304
3028598,1.2474677557370386
3028599,317.23547259874584
3028600,187.99964261618982
3028601,2.1334598823825948
3028602,3.8318269030022796
3028603,154.81708795945943
3028604,45.311453478315855
3028605,956.9661686027475
3028606,0.489126792443987
3028607,1.9488351569960713
3028608,5.424313155465007
3028609,0.16868059538503788
3028610,4.776351459761857
3028611,2589.8529224657905
3028612,0.14144104974632804
3028613,433.50100949935245
3028614,10.04802747539963
3028615,934.6732858501573
3028616,630.1605015845612
3028617,200.99899341655575
3028618,125.22039936793581
3028619,72.97856640034244
3028620,3645.585966457934
3028621,20.37362641623202
3028622,1.0011998566210694
3028623,21.704028050650713
3028624,19.86837709709751
3028625,0.1843307023958201
3028626,190.48498877337533
3028627,12.36874576505506
3028628,13.080702558558038
3028629,3.313912077849532
3028630,59.05709020714225
3028631,6.115978386576508
3028632,198.00878766049212
3028633,267.52995300126685
3028634,6.502754493047181
3028635,7.890975608998813
3028636,202.05998750652884
3028637,63.4673620627123
3028638,1474.175211005424
3028639,0.6347070873882537
3028640,8.418945732567112
3028641,5.424313155465007
3028642,0.16868059538503788
3028643,4.776351459761857
3028644,2412.2083052510816
3028645,0.14144104974632804
3028646,433.50100949935245
3028647,10.04802747539963
3028648,840.702974214063
3028649,625.2645957201926
3028650,200.99899341655575
3028651,119.9259428662518
3028652,88.82171522817336
3028653,3645.585966457934
3028654,19.45401412916766
3028655,1.0011998566210694
3028656,25.334462769767384
3028657,26.61024149525807
3028658,0.1843307023958201
3028659,190.48498877337533
3028660,12.36874576505506
3028661,10.157694538896168
3028662,4.705518043653176
3028663,59.05709020714225
3028664,6.115978386576508
3028665,189.46615252769357
3028666,263.1060011753111
3028667,5.52538211462058
3028668,7.890975608998813
3028669,202.05998750652884
3028670,63.4673620627123
3028671,1474.175211005424
3028672,0.6347070873882537
3028673,8.418945732567112
3028674,5.424313155465007
3028675,0.23751096427789453
3028676,4.5641613549698645
3028677,2748.6209498628546
3028678,0.14144104974632804
3028679,485.1388317012254
3028680,10.04802747539963
3028681,1044.4513926716181
3028682,630.1605015845612
3028683,193.79325931690232
3028684,139.03817252467167
3028685,88.82171522817336
3028686,3927.0580751703114
3028687,19.45401412916766
3028688,1.0267231072198737
3028689,21.704028050650713
3028690,20.545784831890256
3028691,0.1843307023958201
3028692,213.1559169139173
3028693,4.8385622457556305
3028694,9.54990617332859
3028695,11.042578820443815
3028696,51.535658531137784
3028697,3.206035274865817
3028698,284.08689788453586
3028699,242.7010136900469
3028700,5.52538211462058
3028701,7.890975608998813
3028702,202.05998750652884
3028703,63.4673620627123
3028704,1413.3905452978659
3028705,10.06905692603262
3028706,8.418945732567112
3028707,4.070194827146125
3028708,0.0
3028709,4.155790571244562
3028710,2420.968271336255
3028711,0.002839116782047126
3028712,411.4364330210019
3028713,11.156872999478013
3028714,676.7513827326152
3028715,631.4765593216741
3028716,199.42375282574076
3028717,109.86206290385982
3028718,88.62123268241457
3028719,3164.059337819591
3028720,19.305142427542194
3028721,0.8438478027914871
3028722,14.95663940177797
3028723,16.910000819274245
3028724,0.12402123083580703
3028725,181.05522444237266
3028726,13.188428309979713
3028727,10.83704844839353
3028728,2.609957041697808
3028729,66.0435003988183
3028730,5.810327400883655
3028731,241.9887906567226
3028732,208.26557693866337
3028733,5.735920262555582
3028734,8.045254158455874
3028735,296.9792830746354
3028736,73.13674670132313
3028737,1778.8407465679832
3028738,0.1784947425985336
3028739,20.462693823811733
3028740,4.267096552767199
3028741,0.08289694881338243
3028742,3.39802560204456
3028743,2664.166655808392
3028744,0.0
3028745,426.1748007383048
3028746,8.057937560383868
3028747,1119.1140972552291
3028748,546.1823265301377
3028749,193.2518534312209
3028750,106.36411523662716
3028751,81.53862700328978
3028752,3841.8937329512723
3028753,12.777761839609589
3028754,0.661647873184778
3028755,23.19916380314323
3028756,18.176289263746614
3028757,0.0
3028758,218.67193687536047
3028759,0.6143237886276537
3028760,1.051968623705109
3028761,5.412699320593163
3028762,47.275866396655964
3028763,2.1348510778242087
3028764,237.9627823794016
3028765,235.21576483326305
3028766,3.6194450109760377
3028767,6.289437150344727
3028768,165.48263157762784
3028769,51.85480521721706
3028770,1298.7063500598024
3028771,0.363455631638469
3028772,5.075397364989914
3028773,5.04082941155472
3028774,0.13656948753218512
3028775,3.024726216583952
3028776,2421.2745019410177
3028777,0.11660845717616411
3028778,421.38184922305027
3028779,9.722996695981804
3028780,860.1753018408706
3028781,606.6753396843369
3028782,202.79563405228197
3028783,120.32686799106492
3028784,89.54417088132043
3028785,3327.3271052903665
3028786,15.633736730183248
3028787,0.7767672039408364
3028788,18.3439144739893
3028789,19.44232439188141
3028790,0.14948792777878372
3028791,197.30552664185225
3028792,5.684942895582049
3028793,10.195181887482946
3028794,4.477373272862483
3028795,50.463080662079875
3028796,5.708097631707862
3028797,194.6820424763846
3028798,237.72556803543526
3028799,5.819853229310464
3028800,7.629404868121085
3028801,196.08600290567736
3028802,61.57074504352836
3028803,1494.0188858174736
3028804,0.5991432577172481
3028805,6.905979648981279
3028806,5.04082941155472
3028807,0.13656948753218512
3028808,2.905841323178697
3028809,2421.2745019410177
3028810,0.11660845717616411
3028811,419.1820662032962
3028812,9.722996695981804
3028813,841.4005744870892
3028814,612.4786601418687
3028815,210.33438131078938
3028816,120.32686799106492
3028817,89.54417088132043
3028818,3327.3271052903665
3028819,15.633736730183248
3028820,0.7767672039408364
3028821,18.3439144739893
3028822,15.662497600699373
3028823,0.14948792777878372
3028824,197.30552664185225
3028825,5.684942895582049
3028826,10.195181887482946
3028827,6.891465420288792
3028828,66.48782617865196
3028829,5.708097631707862
3028830,194.6820424763846
3028831,232.82536135881895
3028832,5.819853229310464
3028833,7.629404868121085
3028834,196.08600290567736
3028835,61.57074504352836
3028836,1416.3412620453955
3028837,0.5991432577172481
3028838,9.817459746866117
3028839,3.5014947379672057
3028840,0.0
3028841,1.7952196154649895
3028842,2961.6435656151493
3028843,0.0
3028844,416.43552614137855
3028845,6.151374565651484
3028846,911.163760930023
3028847,543.9010973009663
3028848,180.7170209394746
3028849,100.28758263001717
3028850,47.19598586284868
3028851,3754.1021692657887
3028852,5.842246644459177
3028853,0.3969392765185322
3028854,19.7193446762682
3028855,9.734120790663846
3028856,0.0
3028857,186.33169342267948
3028858,0.5793887557256905
3028859,4.114994254989129
3028860,1.930973741125526
3028861,41.496743282418215
3028862,2.327574787688312
3028863,259.52947562929484
3028864,205.07622222266892
3028865,2.8247395298785722
3028866,4.7551175515810264
3028867,130.4404795959442
3028868,42.0371055423269
3028869,958.2583110803696
3028870,0.7153935112080874
3028871,1.4282613323515503
3028872,16.56479135271225
3028873,0.23309007728083897
3028874,12.300938729876513
3028875,7845.709930403808
3028876,0.5074642184187143
3028877,1398.5222476112922
3028878,35.96223677231453
3028879,2126.857477204987
3028880,2037.7631347124172
3028881,642.9781603168943
3028882,271.892775191823
3028883,247.14796833563148
3028884,8668.502065494213
3028885,62.14030195685539
3028886,2.426568545267619
3028887,67.24642327803855
3028888,82.25635047070153
3028889,0.9998758110103616
3028890,628.3600944472877
3028891,23.915175744283832
3028892,26.5498698355453
3028893,67.63798282042225
3028894,216.35602917068724
3028895,15.538760542045278
3028896,619.642274023766
3028897,806.3687309131374
3028898,24.415896198829767
3028899,31.756513940275795
3028900,850.0639690985388
3028901,226.30957916425214
3028902,6001.53841494183
3028903,215.31155998103634
3028904,64.1698559905466
3028905,14.635334241621047
3028906,0.12068069284302742
3028907,11.221016271661997
3028908,7151.273252111279
3028909,0.3566951362310355
3028910,1233.0577202661664
3028911,32.26545747521706
3028912,2014.6952336659017
3028913,1714.8824218011007
3028914,572.2384506408664
3028915,241.91605101183578
3028916,188.87245500955558
3028917,9270.371851654014
3028918,55.20446638894322
3028919,1.5067935569698943
3028920,57.281570541727575
3028921,71.77518681765987
3028922,0.857800768419589
3028923,568.0321893181731
3028924,20.778597778233955
3028925,24.31305604664604
3028926,38.253629920844986
3028927,218.2760679401664
3028928,14.195954646678778
3028929,606.3209952286575
3028930,709.8692259607033
3028931,20.8752369004887
3028932,28.158276563726265
3028933,756.5762985537287
3028934,203.57520430856806
3028935,4534.476249851509
3028936,218.26193699567568
3028937,60.390742532551265
3028938,12.53563009104721
3028939,0.015087152406653072
3028940,9.502759694244379
3028941,5589.463202167712
3028942,0.1350416425152358
3028943,1097.4903342170082
3028944,26.072765225058944
3028945,1686.9032726244855
3028946,1566.9632941367909
3028947,479.0185269432856
3028948,153.83073676895572
3028949,175.78582963829666
3028950,7020.414409495024
3028951,44.74145190341017
3028952,1.3258785192946625
3028953,39.221013497371395
3028954,57.24462878057885
3028955,0.5542778766872082
3028956,434.9558474623541
3028957,21.033377242651508
3028958,20.215022454348983
3028959,28.38411829414532
3028960,174.7515220494354
3028961,10.728357580600456
3028962,566.0660076358529
3028963,627.2598354093188
3028964,17.846993921634752
3028965,22.730176456019073
3028966,596.6804209109766
3028967,140.69362352040503
3028968,3841.847389102468
3028969,169.6934274501282
3028970,42.938743061936776
3028971,13.910381601019795
3028972,0.11818487199104319
3028973,10.374629936998605
3028974,6157.26076141908
3028975,0.2503225863230654
3028976,1137.3306797950727
3028977,28.822421105275424
3028978,1807.6867051577187
3028979,1581.7797772992185
3028980,527.7717944521679
3028981,201.89056433026045
3028982,193.74115086104163
3028983,7733.547082053855
3028984,49.3872001729454
3028985,1.5134079552640867
3028986,50.382363873622964
3028987,63.16026704974633
3028988,0.71213871090918
3028989,479.2338718726594
3028990,25.13290869313166
3028991,22.369734422468532
3028992,15.129082153606564
3028993,166.50218809280267
3028994,11.919552758436573
3028995,568.6627560782292
3028996,797.260208892395
3028997,19.761196155142073
3028998,25.14034101395907
3028999,674.9585391895093
3029000,155.08479124424863
3029001,3592.2480077952737
3029002,248.92472262076106
3029003,47.401398510141455
3029004,10.460013773101196
3029005,0.0
3029006,7.597026478332306
3029007,4536.021948489849
3029008,0.016475371057519568
3029009,776.5637206359675
3029010,22.06720416816455
3029011,1583.6495029276361
3029012,1186.2760517904285
3029013,426.47947534073614
3029014,125.72309971117737
3029015,137.29488456607416
3029016,5697.331271185092
3029017,34.78232952159868
3029018,0.9142947106599387
3029019,37.03428773802541
3029020,33.80685462267466
3029021,0.3085070362357504
3029022,314.5246831204803
3029023,21.710842368629997
3029024,16.055688932708716
3029025,6.594481942058445
3029026,91.410477215724
3029027,6.814296117307778
3029028,474.7057113437691
3029029,475.601718936795
3029030,13.743505484250363
3029031,17.563490187150194
3029032,487.1738316303231
3029033,101.30847364836501
3029034,2729.8985862558684
3029035,189.22286022493182
3029036,31.86374958553459
3029037,13.764247088803018
3029038,0.20415734544063574
3029039,9.416584997801339
3029040,5844.16863775983
3029041,0.30955283607087464
3029042,1000.7564660964451
3029043,28.718105818164883
3029044,1690.3821283704165
3029045,1729.400820630734
3029046,500.8885086560672
3029047,229.97750341385088
3029048,185.40896900208713
3029049,7340.31498856509
3029050,45.09934725470147
3029051,1.4183636663340489
3029052,48.00060620597995
3029053,43.84261644077837
3029054,0.5266507181894851
3029055,405.49902141840266
3029056,17.601858573973168
3029057,20.97330741986805
3029058,12.111221611723263
3029059,118.05492839891586
3029060,11.820600306648153
3029061,520.1855614200426
3029062,663.5255030485749
3029063,17.99445866596801
3029064,22.91584873981246
3029065,601.3568584812925
3029066,164.65758952004722
3029067,4269.707045340119
3029068,231.49930113790245
3029069,48.51095825945207
3029070,4.216733411825729
3029071,0.0
3029072,4.1081620532050405
3029073,2176.4845876474837
3029074,0.0
3029075,391.96113154202317
3029076,14.271046799561015
3029077,644.7478751621765
3029078,535.1938041900586
3029079,175.03953196960435
3029080,94.94363478653301
3029081,75.66134105165762
3029082,2955.9264594529013
3029083,18.593146093269993
3029084,0.779193596044201
3029085,15.998103491780558
3029086,19.043504812335126
3029087,0.10580802746711766
3029088,134.64648390572816
3029089,11.535313411170494
3029090,9.182702082292478
3029091,7.2070510258544385
3029092,53.572623544243534
3029093,5.571524439420771
3029094,233.46843041624697
3029095,211.16199050937092
3029096,3.886782879881456
3029097,7.728083873816779
3029098,265.60500027470147
3029099,70.5371544022506
3029100,1445.0645870786984
3029101,0.13717102671308973
3029102,15.781641535015483
3029103,10.139050205247754
3029104,0.0
3029105,7.612858186648406
3029106,3901.01995780108
3029107,0.15683454122732535
3029108,633.9152421550851
3029109,21.421155018765113
3029110,1329.6316908297913
3029111,1065.9525121048964
3029112,346.6745816230391
3029113,126.4303422581815
3029114,116.49591548160035
3029115,5215.295087677633
3029116,33.7801645699023
3029117,0.9086588545325204
3029118,34.30912680172768
3029119,40.22945681745617
3029120,0.25632661480809754
3029121,314.7342597705225
3029122,11.872931873062065
3029123,11.65423448921633
3029124,4.1530695135719435
3029125,106.63708675724597
3029126,9.021898880525185
3029127,362.745146462442
3029128,386.3617500361178
3029129,12.185917154309134
3029130,17.04357771930787
3029131,418.224037441288
3029132,88.90074901881847
3029133,2517.2076499258765
3029134,174.5436908816955
3029135,28.402852392186414
3029136,10.46702057614668
3029137,0.0
3029138,6.960795526748831
3029139,3901.01995780108
3029140,0.15683454122732535
3029141,671.8556035804634
3029142,20.952437024689775
3029143,1291.471387777369
3029144,1130.7626404281627
3029145,346.6745816230391
3029146,151.41621952394087
3029147,129.38400529993515
3029148,4937.59330877679
3029149,33.05307941495953
3029150,0.99914490596503
3029151,34.85861320593263
3029152,32.51646620608082
3029153,0.531903350079887
3029154,173.42017612970045
3029155,7.1727951881140815
3029156,21.118175012886077
3029157,4.1530695135719435
3029158,87.98455980193411
3029159,9.021898880525185
3029160,355.14099336409254
3029161,451.7516362043837
3029162,15.635638783579855
3029163,12.598984930639883
3029164,409.4600888519674
3029165,87.02135883081505
3029166,2834.3634925859005
3029167,2.6420416157524684
3029168,32.741424950486056
3029169,5.831203748566911
3029170,0.6622262864728341
3029171,2.9213974508782057
3029172,3463.299128217649
3029173,0.7314412600916362
3029174,680.1019361939403
3029175,6.706895677450818
3029176,1175.4744284616022
3029177,681.0653925684197
3029178,295.3212779439154
3029179,53.79787415703922
3029180,158.49543543154903
3029181,5141.6312854228645
3029182,10.236812398358131
3029183,2.1858796089523675
3029184,10.48115980165554
3029185,39.05721099177047
3029186,1.1672887634416835
3029187,153.3493931464647
3029188,5.850124960373462
3029189,9.256478000789052
3029190,6.815223516763482
3029191,118.33712605871264
3029192,4.708893136992296
3029193,83.79871557166018
3029194,373.6865389988796
3029195,5.1296322263860175
3029196,11.357527333537242
3029197,119.08257826506704
3029198,77.08459087623075
3029199,2174.892787394134
3029200,4.030774491894513
3029201,28.60477028575756
3029202,5.1235777572461885
3029203,0.30081022799618934
3029204,3.4077881014620237
3029205,2226.7216151856496
3029206,0.36856766289394544
3029207,411.2829359237452
3029208,7.354264850741261
3029209,824.153961926308
3029210,490.71732254987194
3029211,215.1602631083421
3029212,84.0290448717976
3029213,62.95391406202161
3029214,3202.398180027
3029215,11.265796895640868
3029216,1.446262695785476
3029217,14.394151874471936
3029218,22.74464393824798
3029219,0.30506971644906067
3029220,109.42135047649957
3029221,3.632532927533017
3029222,7.733023707984828
3029223,4.589103815264749
3029224,60.06097814608826
3029225,3.3202524316066495
3029226,131.54640010164533
3029227,234.61333559599103
3029228,5.29756833945485
3029229,5.918152381412663
3029230,116.84764733250705
3029231,67.72957769423711
3029232,1301.3805774195278
3029233,0.970403222350917
3029234,3.7629896964116867
3029235,4.162516424218264
3029236,0.0031430256771039886
3029237,0.45167516419365783
3029238,1537.8311305764005
3029239,0.0
3029240,175.54117783543705
3029241,3.5603942350245545
3029242,768.1328465102282
3029243,173.51916101465577
3029244,158.9159502540592
3029245,42.33941687731535
3029246,38.736496651341255
3029247,2448.4636934992936
3029248,5.280500796938627
3029249,0.4000225150400677
3029250,10.766051825729363
3029251,9.556677677020847
3029252,0.0
3029253,162.0944126342569
3029254,0.15985940555663625
3029255,0.2648410383434649
3029256,2.102388183758078
3029257,19.884047421479945
3029258,0.7746754579242624
3029259,91.31290399647852
3029260,154.70426242573188
3029261,0.24192652729381417
3029262,2.7764546373480545
3029263,61.412833524939344
3029264,48.93112380958483
3029265,578.1245010105954
3029266,0.18172719062788484
3029267,1.2748022385461746
3029268,4.782333959190289
3029269,0.17486404490866675
3029270,5.6834171210893
3029271,3290.104500557064
3029272,0.15987794177603792
3029273,555.87381916054
3029274,17.089942919379848
3029275,914.1034455882549
3029276,878.6686491547254
3029277,271.0870061104906
3029278,146.54364914393173
3029279,124.29447620453756
3029280,4272.479596385655
3029281,27.120485850789176
3029282,1.2234115384255826
3029283,21.774335103778288
3029284,36.14014757179711
3029285,0.274499419099969
3029286,253.68686078416025
3029287,15.763530180903615
3029288,14.769627146408682
3029289,7.7985745212285185
3029290,89.5224832915767
3029291,7.821066736697074
3029292,334.33354313481664
3029293,317.6514565265358
3029294,8.011501634005064
3029295,11.713545373884228
3029296,432.81063489095936
3029297,102.10394923185808
3029298,2281.9793319243126
3029299,0.40149908435078135
3029300,31.882999813678783
3029301,5.09484575058219
3029302,0.21450909063075826
3029303,5.105210158139696
3029304,3504.730271050151
3029305,0.2117212499852159
3029306,592.1897345271072
3029307,18.269658706766915
3029308,1146.9024801005876
3029309,1137.2931840674707
3029310,275.07554732410784
3029311,169.32131189910223
3029312,132.46541805380878
3029313,4407.808302818941
3029314,28.954332494474876
3029315,1.7534225471422602
3029316,30.809262987899977
3029317,38.56220156232656
3029318,0.36465678807517465
3029319,198.35690694598196
3029320,16.66953126694605
3029321,18.055417385396304
3029322,6.854495106598337
3029323,81.37944538083595
3029324,9.647943365360886
3029325,356.20195237411747
3029326,305.3687835132504
3029327,7.310435353915964
3029328,12.400661141976457
3029329,461.1011196646296
3029330,108.82776020201173
3029331,3276.528004900292
3029332,0.46414218356656795
3029333,33.66019311497185
3029334,5.194482494933345
3029335,0.29734198083896146
3029336,6.90742112601266
3029337,3851.9988290648944
3029338,0.35344091513410403
3029339,672.8428024824454
3029340,22.42539557067414
3029341,1221.4896491732607
3029342,1292.0612661565524
3029343,313.26309679542595
3029344,191.08839591293173
3029345,147.90492276035403
3029346,5002.096036032766
3029347,31.659511665106947
3029348,2.121822226275879
3029349,37.51460689830995
3029350,46.56603358856358
3029351,0.5242633832813988
3029352,297.60071702092637
3029353,19.701522587826926
3029354,19.920970531211033
3029355,13.039631119824323
3029356,95.31213109527525
3029357,11.478018501462433
3029358,402.72382772939443
3029359,343.0130670515049
3029360,12.399451966057269
3029361,16.835940035761055
3029362,515.1477562116796
3029363,122.17757980839048
3029364,3944.516726131512
3029365,0.5697597942478729
3029366,35.358084051847044
3029367,7.298455488640244
3029368,0.20929894419684375
3029369,4.985402384693987
3029370,3056.180602691758
3029371,0.06784853512499077
3029372,442.1954404435989
3029373,13.169548840201738
3029374,1391.2357965422266
3029375,740.5964415618769
3029376,364.46961383560324
3029377,123.3303036892864
3029378,69.14671596668508
3029379,4591.372037839743
3029380,16.647470967994987
3029381,1.3442100101563903
3029382,25.656354159581777
3029383,22.441836981370002
3029384,0.20729111582091794
3029385,301.84341235637436
3029386,9.941473408167363
3029387,4.2597939525442605
3029388,7.5392571501691386
3029389,52.7159750771563
3029390,3.698425731233909
3029391,464.970266565058
3029392,350.6911770091722
3029393,4.779279773176367
3029394,10.524711186922188
3029395,303.266439796407
3029396,74.93374433268507
3029397,965.8619190487124
3029398,59.178252198212775
3029399,12.423725257018358
